Handle,Title,Vendor,Type,Published,Option1 Name,Option1 Value,Variant Inventory Tracker,Variant Inventory Qty,Variant Inventory Policy,Variant Fulfillment Service,Variant Price,Variant Requires Shipping,Variant Taxable,Image Src,product.metafields.custom.artisan,product.metafields.custom.concentration,product.metafields.custom.top_notes,product.metafields.custom.heart_notes,product.metafields.custom.base_notes,Body (HTML)
dumont-nitro-red,Nitro Red,Dumont,Parfum,TRUE,Title,Default Title,shopify,20,deny,manual,150,TRUE,TRUE,https://images.unsplash.com/photo-1616949755610-8c9bbc08f138?q=80&w=800&auto=format&fit=crop,Dumont,Parfum,Fresh Scent,Aromatic,Strong,A masterfully crafted EDP fragrance by Dumont. Perfect for Male seeking a Fresh Scent scent with Strong longevity.
dumont-nitro-pour-homme,Nitro Pour Homme,Dumont,Parfum,TRUE,Title,Default Title,shopify,21,deny,manual,151,TRUE,TRUE,https://images.unsplash.com/photo-1608528577891-eb055944f2e7?q=80&w=800&auto=format&fit=crop,Dumont,Parfum,Fresh Scent,Aromatic,Strong,A masterfully crafted EDP fragrance by Dumont. Perfect for Male seeking a Fresh Scent scent with Strong longevity.
dumont-nitro-white,Nitro White,Dumont,Parfum,TRUE,Title,Default Title,shopify,22,deny,manual,152,TRUE,TRUE,https://images.unsplash.com/photo-1592494911762-d2f1f5f3e911?q=80&w=800&auto=format&fit=crop,Dumont,Parfum,Fresh Scent,Aromatic,Strong,A masterfully crafted EDP fragrance by Dumont. Perfect for Unisex seeking a Fresh Scent scent with Strong longevity.
dumont-nitro-blue,Nitro Blue,Dumont,Parfum,TRUE,Title,Default Title,shopify,23,deny,manual,153,TRUE,TRUE,https://images.unsplash.com/photo-1616949755610-8c9bbc08f138?q=80&w=800&auto=format&fit=crop,Dumont,Parfum,Fresh Scent,Aromatic,Strong,A masterfully crafted EDP fragrance by Dumont. Perfect for Unisex seeking a Fresh Scent scent with Strong longevity.
dumont-nitro-green,Nitro Green,Dumont,Parfum,TRUE,Title,Default Title,shopify,24,deny,manual,154,TRUE,TRUE,https://images.unsplash.com/photo-1563170351-be82bc88ea6f?q=80&w=800&auto=format&fit=crop,Dumont,Parfum,Fresh Scent,Aromatic,Strong,A masterfully crafted EDP fragrance by Dumont. Perfect for Unisex seeking a Fresh Scent scent with Strong longevity.
dumont-nitro-platinum,Nitro Platinum,Dumont,Parfum,TRUE,Title,Default Title,shopify,25,deny,manual,155,TRUE,TRUE,https://images.unsplash.com/photo-1608528577891-eb055944f2e7?q=80&w=800&auto=format&fit=crop,Dumont,Parfum,Mass Pleaser,Aromatic,Strong,A masterfully crafted EDP fragrance by Dumont. Perfect for Male seeking a Mass Pleaser scent with Strong longevity.
dumont-nitro-intense,Nitro Intense,Dumont,Parfum,TRUE,Title,Default Title,shopify,26,deny,manual,156,TRUE,TRUE,https://images.unsplash.com/photo-1592494911762-d2f1f5f3e911?q=80&w=800&auto=format&fit=crop,Dumont,Parfum,Woody Spicy,Aromatic,Strong,A masterfully crafted EDP fragrance by Dumont. Perfect for Male seeking a Woody Spicy scent with Strong longevity.
dumont-nitro-black,Nitro Black,Dumont,Parfum,TRUE,Title,Default Title,shopify,27,deny,manual,157,TRUE,TRUE,https://images.unsplash.com/photo-1588405748880-12d1d2a59f75?q=80&w=800&auto=format&fit=crop,Dumont,Parfum,Woody Spicy,Aromatic,Strong,A masterfully crafted EDP fragrance by Dumont. Perfect for Male seeking a Woody Spicy scent with Strong longevity.
dumont-celerio-oros,Celerio Oros,Dumont,Parfum,TRUE,Title,Default Title,shopify,28,deny,manual,158,TRUE,TRUE,https://images.unsplash.com/photo-1594913785124-71239c4f5260?q=80&w=800&auto=format&fit=crop,Dumont,Parfum,Oriental Vanilla,Aromatic,Medium,A masterfully crafted EDP fragrance by Dumont. Perfect for Unisex seeking a Oriental Vanilla scent with Medium longevity.
dumont-celerio-epic,Celerio Epic,Dumont,Parfum,TRUE,Title,Default Title,shopify,29,deny,manual,159,TRUE,TRUE,https://images.unsplash.com/photo-1619994403073-2cec844b8e63?q=80&w=800&auto=format&fit=crop,Dumont,Parfum,Woody Aromatic,Aromatic,Medium,A masterfully crafted EDP fragrance by Dumont. Perfect for Male seeking a Woody Aromatic scent with Medium longevity.
armaf-club-de-nuit-intense-man,Club De Nuit Intense Man,Armaf,Cologne,TRUE,Title,Default Title,shopify,30,deny,manual,160,TRUE,TRUE,https://images.unsplash.com/photo-1594035910387-fea47794261f?q=80&w=800&auto=format&fit=crop,Armaf,Cologne,Woody Spicy,Aromatic,Strong,A masterfully crafted EDT fragrance by Armaf. Perfect for Male seeking a Woody Spicy scent with Strong longevity.
armaf-cdnim-pure-parfum,Cdnim Pure Parfum,Armaf,Extract,TRUE,Title,Default Title,shopify,31,deny,manual,161,TRUE,TRUE,https://images.unsplash.com/photo-1616949755610-8c9bbc08f138?q=80&w=800&auto=format&fit=crop,Armaf,Extract,Woody Spicy,Aromatic,Strong,A masterfully crafted PARFUM fragrance by Armaf. Perfect for Male seeking a Woody Spicy scent with Strong longevity.
armaf-cdnim-edp,Cdnim Edp,Armaf,Parfum,TRUE,Title,Default Title,shopify,32,deny,manual,162,TRUE,TRUE,https://images.unsplash.com/photo-1596462502278-27bfdc403348?q=80&w=800&auto=format&fit=crop,Armaf,Parfum,Woody Spicy,Aromatic,Strong,A masterfully crafted EDP fragrance by Armaf. Perfect for Male seeking a Woody Spicy scent with Strong longevity.
armaf-cdnim-limited-edition,Cdnim Limited Edition,Armaf,Parfum,TRUE,Title,Default Title,shopify,33,deny,manual,163,TRUE,TRUE,https://images.unsplash.com/photo-1592914610354-fd354d45fe82?q=80&w=800&auto=format&fit=crop,Armaf,Parfum,Woody Spicy,Aromatic,Strong,A masterfully crafted EDP fragrance by Armaf. Perfect for Male seeking a Woody Spicy scent with Strong longevity.
armaf-cdn-women,Cdn Women,Armaf,Parfum,TRUE,Title,Default Title,shopify,34,deny,manual,164,TRUE,TRUE,https://images.unsplash.com/photo-1601007746401-44755f190e29?q=80&w=800&auto=format&fit=crop,Armaf,Parfum,Floral Fruity,Aromatic,Medium,A masterfully crafted EDP fragrance by Armaf. Perfect for Female seeking a Floral Fruity scent with Medium longevity.
armaf-lionheart-man,Lionheart Man,Armaf,Cologne,TRUE,Title,Default Title,shopify,35,deny,manual,165,TRUE,TRUE,https://images.unsplash.com/photo-1590156546946-ce55a12a6a5d?q=80&w=800&auto=format&fit=crop,Armaf,Cologne,Woody Aromatic,Aromatic,Medium,A masterfully crafted EDT fragrance by Armaf. Perfect for Male seeking a Woody Aromatic scent with Medium longevity.
armaf-yum-yum,Yum Yum,Armaf,Parfum,TRUE,Title,Default Title,shopify,36,deny,manual,166,TRUE,TRUE,https://images.unsplash.com/photo-1592914610354-fd354d45fe82?q=80&w=800&auto=format&fit=crop,Armaf,Parfum,Fruity Floral,Aromatic,Medium,A masterfully crafted EDP fragrance by Armaf. Perfect for Female seeking a Fruity Floral scent with Medium longevity.
armaf-sillage,Sillage,Armaf,Parfum,TRUE,Title,Default Title,shopify,37,deny,manual,167,TRUE,TRUE,https://images.unsplash.com/photo-1619994403073-2cec844b8e63?q=80&w=800&auto=format&fit=crop,Armaf,Parfum,Woody Spicy,Aromatic,Medium,A masterfully crafted EDP fragrance by Armaf. Perfect for Male seeking a Woody Spicy scent with Medium longevity.
armaf-imperial,Imperial,Armaf,Parfum,TRUE,Title,Default Title,shopify,38,deny,manual,168,TRUE,TRUE,https://images.unsplash.com/photo-1592914610354-fd354d45fe82?q=80&w=800&auto=format&fit=crop,Armaf,Parfum,Woody Spicy,Aromatic,Medium,A masterfully crafted EDP fragrance by Armaf. Perfect for Male seeking a Woody Spicy scent with Medium longevity.
armaf-untold,Untold,Armaf,Parfum,TRUE,Title,Default Title,shopify,39,deny,manual,169,TRUE,TRUE,https://images.unsplash.com/photo-1592945403244-b3fbafd7f539?q=80&w=800&auto=format&fit=crop,Armaf,Parfum,Woody Aromatic,Aromatic,Medium,A masterfully crafted EDP fragrance by Armaf. Perfect for Male seeking a Woody Aromatic scent with Medium longevity.
armaf-hunter,Hunter,Armaf,Cologne,TRUE,Title,Default Title,shopify,40,deny,manual,170,TRUE,TRUE,https://images.unsplash.com/photo-1518331566-07612711ff60?q=80&w=800&auto=format&fit=crop,Armaf,Cologne,Woody Spicy,Aromatic,Medium,A masterfully crafted EDT fragrance by Armaf. Perfect for Male seeking a Woody Spicy scent with Medium longevity.
armaf-hunter-intense,Hunter Intense,Armaf,Parfum,TRUE,Title,Default Title,shopify,41,deny,manual,171,TRUE,TRUE,https://images.unsplash.com/photo-1590156546946-ce55a12a6a5d?q=80&w=800&auto=format&fit=crop,Armaf,Parfum,Woody Spicy,Aromatic,Strong,A masterfully crafted EDP fragrance by Armaf. Perfect for Male seeking a Woody Spicy scent with Strong longevity.
armaf-ventana-marine,Ventana Marine,Armaf,Parfum,TRUE,Title,Default Title,shopify,42,deny,manual,172,TRUE,TRUE,https://images.unsplash.com/photo-1616949755610-8c9bbc08f138?q=80&w=800&auto=format&fit=crop,Armaf,Parfum,Fresh Scent,Aromatic,Medium,A masterfully crafted EDP fragrance by Armaf. Perfect for Male seeking a Fresh Scent scent with Medium longevity.
armaf-ventana,Ventana,Armaf,Cologne,TRUE,Title,Default Title,shopify,43,deny,manual,173,TRUE,TRUE,https://images.unsplash.com/photo-1596462502278-27bfdc403348?q=80&w=800&auto=format&fit=crop,Armaf,Cologne,Fresh Scent,Aromatic,Medium,A masterfully crafted EDT fragrance by Armaf. Perfect for Male seeking a Fresh Scent scent with Medium longevity.
armaf-urban-man-elixr,Urban Man Elixr,Armaf,Parfum,TRUE,Title,Default Title,shopify,44,deny,manual,174,TRUE,TRUE,https://images.unsplash.com/photo-1615529183492-c4e047ceb4d5?q=80&w=800&auto=format&fit=crop,Armaf,Parfum,Woody Spicy,Aromatic,Medium,A masterfully crafted EDP fragrance by Armaf. Perfect for Male seeking a Woody Spicy scent with Medium longevity.
armaf-milestone,Milestone,Armaf,Parfum,TRUE,Title,Default Title,shopify,45,deny,manual,175,TRUE,TRUE,https://images.unsplash.com/photo-1598516086708-41c305c08d17?q=80&w=800&auto=format&fit=crop,Armaf,Parfum,Woody Spicy,Aromatic,Medium,A masterfully crafted EDP fragrance by Armaf. Perfect for Male seeking a Woody Spicy scent with Medium longevity.
armaf-aura-fresh,Aura Fresh,Armaf,Parfum,TRUE,Title,Default Title,shopify,46,deny,manual,176,TRUE,TRUE,https://images.unsplash.com/photo-1582211594533-268f4f1edcb9?q=80&w=800&auto=format&fit=crop,Armaf,Parfum,Fresh Scent,Aromatic,Medium,A masterfully crafted EDP fragrance by Armaf. Perfect for Male seeking a Fresh Scent scent with Medium longevity.
armaf-precioux-1,Precioux 1,Armaf,Parfum,TRUE,Title,Default Title,shopify,47,deny,manual,177,TRUE,TRUE,https://images.unsplash.com/photo-1592494911762-d2f1f5f3e911?q=80&w=800&auto=format&fit=crop,Armaf,Parfum,Woody Spicy,Aromatic,Medium,A masterfully crafted EDP fragrance by Armaf. Perfect for Male seeking a Woody Spicy scent with Medium longevity.
armaf-legesi,Legesi,Armaf,Parfum,TRUE,Title,Default Title,shopify,48,deny,manual,178,TRUE,TRUE,https://images.unsplash.com/photo-1615529183492-c4e047ceb4d5?q=80&w=800&auto=format&fit=crop,Armaf,Parfum,Woody Aromatic,Aromatic,Medium,A masterfully crafted EDP fragrance by Armaf. Perfect for Male seeking a Woody Aromatic scent with Medium longevity.
armaf-blue-homme,Blue Homme,Armaf,Cologne,TRUE,Title,Default Title,shopify,49,deny,manual,179,TRUE,TRUE,https://images.unsplash.com/photo-1598516086708-41c305c08d17?q=80&w=800&auto=format&fit=crop,Armaf,Cologne,Fresh Scent,Aromatic,Medium,A masterfully crafted EDT fragrance by Armaf. Perfect for Male seeking a Fresh Scent scent with Medium longevity.
armaf-odyssey-homme,Odyssey Homme,Armaf,Parfum,TRUE,Title,Default Title,shopify,50,deny,manual,180,TRUE,TRUE,https://images.unsplash.com/photo-1596462502278-27bfdc403348?q=80&w=800&auto=format&fit=crop,Armaf,Parfum,Woody Spicy,Aromatic,Medium,A masterfully crafted EDP fragrance by Armaf. Perfect for Male seeking a Woody Spicy scent with Medium longevity.
armaf-odyssey-homme-white-edition,Odyssey Homme White Edition,Armaf,Parfum,TRUE,Title,Default Title,shopify,51,deny,manual,181,TRUE,TRUE,https://images.unsplash.com/photo-1518331566-07612711ff60?q=80&w=800&auto=format&fit=crop,Armaf,Parfum,Woody Spicy,Aromatic,Medium,A masterfully crafted EDP fragrance by Armaf. Perfect for Male seeking a Woody Spicy scent with Medium longevity.
armaf-odyssey-homme-gold-edition,Odyssey Homme Gold Edition,Armaf,Parfum,TRUE,Title,Default Title,shopify,52,deny,manual,182,TRUE,TRUE,https://images.unsplash.com/photo-1599305090598-fe179d501227?q=80&w=800&auto=format&fit=crop,Armaf,Parfum,Woody Spicy,Aromatic,Medium,A masterfully crafted EDP fragrance by Armaf. Perfect for Male seeking a Woody Spicy scent with Medium longevity.
armaf-odyssey-homme-red,Odyssey Homme Red,Armaf,Parfum,TRUE,Title,Default Title,shopify,53,deny,manual,183,TRUE,TRUE,https://images.unsplash.com/photo-1601244840899-72c676afba7b?q=80&w=800&auto=format&fit=crop,Armaf,Parfum,Woody Spicy,Aromatic,Medium,A masterfully crafted EDP fragrance by Armaf. Perfect for Male seeking a Woody Spicy scent with Medium longevity.
armaf-odyssey-homme-blue,Odyssey Homme Blue,Armaf,Parfum,TRUE,Title,Default Title,shopify,54,deny,manual,184,TRUE,TRUE,https://images.unsplash.com/photo-1616949755610-8c9bbc08f138?q=80&w=800&auto=format&fit=crop,Armaf,Parfum,Woody Spicy,Aromatic,Medium,A masterfully crafted EDP fragrance by Armaf. Perfect for Male seeking a Woody Spicy scent with Medium longevity.
armaf-odyssey-homme-black,Odyssey Homme Black,Armaf,Parfum,TRUE,Title,Default Title,shopify,55,deny,manual,185,TRUE,TRUE,https://images.unsplash.com/photo-1595535373192-fc8938b27529?q=80&w=800&auto=format&fit=crop,Armaf,Parfum,Woody Spicy,Aromatic,Medium,A masterfully crafted EDP fragrance by Armaf. Perfect for Male seeking a Woody Spicy scent with Medium longevity.
armaf-odyssey-femme,Odyssey Femme,Armaf,Parfum,TRUE,Title,Default Title,shopify,56,deny,manual,186,TRUE,TRUE,https://images.unsplash.com/photo-1588405748880-12d1d2a59f75?q=80&w=800&auto=format&fit=crop,Armaf,Parfum,Floral Fruity,Aromatic,Medium,A masterfully crafted EDP fragrance by Armaf. Perfect for Female seeking a Floral Fruity scent with Medium longevity.
armaf-tag-him,Tag Him,Armaf,Cologne,TRUE,Title,Default Title,shopify,57,deny,manual,187,TRUE,TRUE,https://images.unsplash.com/photo-1595425970377-c9703c48657a?q=80&w=800&auto=format&fit=crop,Armaf,Cologne,Woody Spicy,Aromatic,Medium,A masterfully crafted EDT fragrance by Armaf. Perfect for Male seeking a Woody Spicy scent with Medium longevity.
armaf-tag-him-prestige-edition,Tag Him Prestige Edition,Armaf,Cologne,TRUE,Title,Default Title,shopify,58,deny,manual,188,TRUE,TRUE,https://images.unsplash.com/photo-1608528577891-eb055944f2e7?q=80&w=800&auto=format&fit=crop,Armaf,Cologne,Woody Spicy,Aromatic,Medium,A masterfully crafted EDT fragrance by Armaf. Perfect for Male seeking a Woody Spicy scent with Medium longevity.
armaf-tag-him-pour-homme,Tag Him Pour Homme,Armaf,Cologne,TRUE,Title,Default Title,shopify,59,deny,manual,189,TRUE,TRUE,https://images.unsplash.com/photo-1615529183492-c4e047ceb4d5?q=80&w=800&auto=format&fit=crop,Armaf,Cologne,Woody Spicy,Aromatic,Medium,A masterfully crafted EDT fragrance by Armaf. Perfect for Male seeking a Woody Spicy scent with Medium longevity.
armaf-tag-her,Tag Her,Armaf,Parfum,TRUE,Title,Default Title,shopify,60,deny,manual,190,TRUE,TRUE,https://images.unsplash.com/photo-1563170351-be82bc88ea6f?q=80&w=800&auto=format&fit=crop,Armaf,Parfum,Floral Fruity,Aromatic,Medium,A masterfully crafted EDP fragrance by Armaf. Perfect for Female seeking a Floral Fruity scent with Medium longevity.
armaf-derby-club-house-blanche,Derby Club House Blanche,Armaf,Cologne,TRUE,Title,Default Title,shopify,61,deny,manual,191,TRUE,TRUE,https://images.unsplash.com/photo-1585386959984-a4155224a1ad?q=80&w=800&auto=format&fit=crop,Armaf,Cologne,Fresh Scent,Aromatic,Medium,A masterfully crafted EDT fragrance by Armaf. Perfect for Unisex seeking a Fresh Scent scent with Medium longevity.
armaf-derby-club-house-gold,Derby Club House Gold,Armaf,Cologne,TRUE,Title,Default Title,shopify,62,deny,manual,192,TRUE,TRUE,https://images.unsplash.com/photo-1594913785124-71239c4f5260?q=80&w=800&auto=format&fit=crop,Armaf,Cologne,Woody Spicy,Aromatic,Medium,A masterfully crafted EDT fragrance by Armaf. Perfect for Male seeking a Woody Spicy scent with Medium longevity.
armaf-derby-club-house-ascot,Derby Club House Ascot,Armaf,Cologne,TRUE,Title,Default Title,shopify,63,deny,manual,193,TRUE,TRUE,https://images.unsplash.com/photo-1590156546946-ce55a12a6a5d?q=80&w=800&auto=format&fit=crop,Armaf,Cologne,Woody Spicy,Aromatic,Medium,A masterfully crafted EDT fragrance by Armaf. Perfect for Male seeking a Woody Spicy scent with Medium longevity.
armaf-derby-club-house-adventure,Derby Club House Adventure,Armaf,Cologne,TRUE,Title,Default Title,shopify,64,deny,manual,194,TRUE,TRUE,https://images.unsplash.com/photo-1616949755610-8c9bbc08f138?q=80&w=800&auto=format&fit=crop,Armaf,Cologne,Woody Aromatic,Aromatic,Medium,A masterfully crafted EDT fragrance by Armaf. Perfect for Male seeking a Woody Aromatic scent with Medium longevity.
armaf-derby-club-house-victory,Derby Club House Victory,Armaf,Cologne,TRUE,Title,Default Title,shopify,65,deny,manual,195,TRUE,TRUE,https://images.unsplash.com/photo-1592494911762-d2f1f5f3e911?q=80&w=800&auto=format&fit=crop,Armaf,Cologne,Woody Aromatic,Aromatic,Medium,A masterfully crafted EDT fragrance by Armaf. Perfect for Male seeking a Woody Aromatic scent with Medium longevity.
armaf-derby-club-house-blue,Derby Club House Blue,Armaf,Cologne,TRUE,Title,Default Title,shopify,66,deny,manual,196,TRUE,TRUE,https://images.unsplash.com/photo-1592945403244-b3fbafd7f539?q=80&w=800&auto=format&fit=crop,Armaf,Cologne,Fresh Scent,Aromatic,Medium,A masterfully crafted EDT fragrance by Armaf. Perfect for Unisex seeking a Fresh Scent scent with Medium longevity.
armaf-all-you-need-is-passion,All You Need Is Passion,Armaf,Parfum,TRUE,Title,Default Title,shopify,67,deny,manual,197,TRUE,TRUE,https://images.unsplash.com/photo-1595535373192-fc8938b27529?q=80&w=800&auto=format&fit=crop,Armaf,Parfum,Woody Spicy,Aromatic,Medium,A masterfully crafted EDP fragrance by Armaf. Perfect for Male seeking a Woody Spicy scent with Medium longevity.
armaf-the-pride-of-armaf-for-men,The Pride Of Armaf For Men,Armaf,Parfum,TRUE,Title,Default Title,shopify,68,deny,manual,198,TRUE,TRUE,https://images.unsplash.com/photo-1595535373192-fc8938b27529?q=80&w=800&auto=format&fit=crop,Armaf,Parfum,Woody Spicy,Aromatic,Medium,A masterfully crafted EDP fragrance by Armaf. Perfect for Male seeking a Woody Spicy scent with Medium longevity.
armaf-the-pride-of-armaf-for-women,The Pride Of Armaf For Women,Armaf,Parfum,TRUE,Title,Default Title,shopify,69,deny,manual,199,TRUE,TRUE,https://images.unsplash.com/photo-1594035910387-fea47794261f?q=80&w=800&auto=format&fit=crop,Armaf,Parfum,Floral Fruity,Aromatic,Medium,A masterfully crafted EDP fragrance by Armaf. Perfect for Female seeking a Floral Fruity scent with Medium longevity.
armaf-the-warrior,The Warrior,Armaf,Cologne,TRUE,Title,Default Title,shopify,20,deny,manual,200,TRUE,TRUE,https://images.unsplash.com/photo-1615529182904-14819c35db37?q=80&w=800&auto=format&fit=crop,Armaf,Cologne,Woody Spicy,Aromatic,Medium,A masterfully crafted EDT fragrance by Armaf. Perfect for Male seeking a Woody Spicy scent with Medium longevity.
armaf-the-hunter,The Hunter,Armaf,Cologne,TRUE,Title,Default Title,shopify,21,deny,manual,201,TRUE,TRUE,https://images.unsplash.com/photo-1596462502278-27bfdc403348?q=80&w=800&auto=format&fit=crop,Armaf,Cologne,Woody Spicy,Aromatic,Medium,A masterfully crafted EDT fragrance by Armaf. Perfect for Male seeking a Woody Spicy scent with Medium longevity.
armaf-the-hunter-intense,The Hunter Intense,Armaf,Parfum,TRUE,Title,Default Title,shopify,22,deny,manual,202,TRUE,TRUE,https://images.unsplash.com/photo-1598516086708-41c305c08d17?q=80&w=800&auto=format&fit=crop,Armaf,Parfum,Woody Spicy,Aromatic,Strong,A masterfully crafted EDP fragrance by Armaf. Perfect for Male seeking a Woody Spicy scent with Strong longevity.
armaf-the-hunter-black,The Hunter Black,Armaf,Parfum,TRUE,Title,Default Title,shopify,23,deny,manual,203,TRUE,TRUE,https://images.unsplash.com/photo-1595535373192-fc8938b27529?q=80&w=800&auto=format&fit=crop,Armaf,Parfum,Woody Spicy,Aromatic,Strong,A masterfully crafted EDP fragrance by Armaf. Perfect for Male seeking a Woody Spicy scent with Strong longevity.
armaf-the-hunter-jungle,The Hunter Jungle,Armaf,Parfum,TRUE,Title,Default Title,shopify,24,deny,manual,204,TRUE,TRUE,https://images.unsplash.com/photo-1615529182904-14819c35db37?q=80&w=800&auto=format&fit=crop,Armaf,Parfum,Woody Spicy,Aromatic,Medium,A masterfully crafted EDP fragrance by Armaf. Perfect for Male seeking a Woody Spicy scent with Medium longevity.
armaf-the-legacy,The Legacy,Armaf,Parfum,TRUE,Title,Default Title,shopify,25,deny,manual,205,TRUE,TRUE,https://images.unsplash.com/photo-1595535373192-fc8938b27529?q=80&w=800&auto=format&fit=crop,Armaf,Parfum,Woody Aromatic,Aromatic,Medium,A masterfully crafted EDP fragrance by Armaf. Perfect for Male seeking a Woody Aromatic scent with Medium longevity.
armaf-the-signature-for-women,The Signature For Women,Armaf,Parfum,TRUE,Title,Default Title,shopify,26,deny,manual,206,TRUE,TRUE,https://images.unsplash.com/photo-1598516086708-41c305c08d17?q=80&w=800&auto=format&fit=crop,Armaf,Parfum,Floral Fruity,Aromatic,Medium,A masterfully crafted EDP fragrance by Armaf. Perfect for Female seeking a Floral Fruity scent with Medium longevity.
armaf-the-signature-for-men,The Signature For Men,Armaf,Parfum,TRUE,Title,Default Title,shopify,27,deny,manual,207,TRUE,TRUE,https://images.unsplash.com/photo-1619994403073-2cec844b8e63?q=80&w=800&auto=format&fit=crop,Armaf,Parfum,Woody Spicy,Aromatic,Medium,A masterfully crafted EDP fragrance by Armaf. Perfect for Male seeking a Woody Spicy scent with Medium longevity.
armaf-club-de-nuit-intense-man-limited-edition-parfum,Club De Nuit Intense Man Limited Edition Parfum,Armaf,Extract,TRUE,Title,Default Title,shopify,28,deny,manual,208,TRUE,TRUE,https://images.unsplash.com/photo-1603569283847-aa295f0d016a?q=80&w=800&auto=format&fit=crop,Armaf,Extract,Woody Spicy,Aromatic,Strong,A masterfully crafted PARFUM fragrance by Armaf. Perfect for Male seeking a Woody Spicy scent with Strong longevity.
armaf-club-de-nuit-intense-women-limited-edition,Club De Nuit Intense Women Limited Edition,Armaf,Extract,TRUE,Title,Default Title,shopify,29,deny,manual,209,TRUE,TRUE,https://images.unsplash.com/photo-1594035910387-fea47794261f?q=80&w=800&auto=format&fit=crop,Armaf,Extract,Floral Fruity,Aromatic,Strong,A masterfully crafted PARFUM fragrance by Armaf. Perfect for Female seeking a Floral Fruity scent with Strong longevity.
armaf-club-de-nuit-milestones,Club De Nuit Milestones,Armaf,Parfum,TRUE,Title,Default Title,shopify,30,deny,manual,210,TRUE,TRUE,https://images.unsplash.com/photo-1622618991746-fe6004db3a47?q=80&w=800&auto=format&fit=crop,Armaf,Parfum,Woody Spicy,Aromatic,Medium,A masterfully crafted EDP fragrance by Armaf. Perfect for Male seeking a Woody Spicy scent with Medium longevity.
armaf-club-de-nuit-sillage,Club De Nuit Sillage,Armaf,Parfum,TRUE,Title,Default Title,shopify,31,deny,manual,211,TRUE,TRUE,https://images.unsplash.com/photo-1592945403244-b3fbafd7f539?q=80&w=800&auto=format&fit=crop,Armaf,Parfum,Woody Spicy,Aromatic,Medium,A masterfully crafted EDP fragrance by Armaf. Perfect for Male seeking a Woody Spicy scent with Medium longevity.
armaf-club-de-nuit-imperiale,Club De Nuit Imperiale,Armaf,Parfum,TRUE,Title,Default Title,shopify,32,deny,manual,212,TRUE,TRUE,https://images.unsplash.com/photo-1615529183492-c4e047ceb4d5?q=80&w=800&auto=format&fit=crop,Armaf,Parfum,Woody Spicy,Aromatic,Medium,A masterfully crafted EDP fragrance by Armaf. Perfect for Male seeking a Woody Spicy scent with Medium longevity.
armaf-club-de-nuit-urban-man,Club De Nuit Urban Man,Armaf,Parfum,TRUE,Title,Default Title,shopify,33,deny,manual,213,TRUE,TRUE,https://images.unsplash.com/photo-1622618991746-fe6004db3a47?q=80&w=800&auto=format&fit=crop,Armaf,Parfum,Woody Spicy,Aromatic,Medium,A masterfully crafted EDP fragrance by Armaf. Perfect for Male seeking a Woody Spicy scent with Medium longevity.
armaf-club-de-nuit-urban-woman,Club De Nuit Urban Woman,Armaf,Parfum,TRUE,Title,Default Title,shopify,34,deny,manual,214,TRUE,TRUE,https://images.unsplash.com/photo-1595425970377-c9703c48657a?q=80&w=800&auto=format&fit=crop,Armaf,Parfum,Floral Fruity,Aromatic,Medium,A masterfully crafted EDP fragrance by Armaf. Perfect for Female seeking a Floral Fruity scent with Medium longevity.
armaf-club-de-nuit-untold,Club De Nuit Untold,Armaf,Extract,TRUE,Title,Default Title,shopify,35,deny,manual,215,TRUE,TRUE,https://images.unsplash.com/photo-1603569283847-aa295f0d016a?q=80&w=800&auto=format&fit=crop,Armaf,Extract,Woody Spicy,Aromatic,Strong,A masterfully crafted PARFUM fragrance by Armaf. Perfect for Male seeking a Woody Spicy scent with Strong longevity.
armaf-club-de-nuit-timeless,Club De Nuit Timeless,Armaf,Extract,TRUE,Title,Default Title,shopify,36,deny,manual,216,TRUE,TRUE,https://images.unsplash.com/photo-1599305090598-fe179d501227?q=80&w=800&auto=format&fit=crop,Armaf,Extract,Woody Spicy,Aromatic,Strong,A masterfully crafted PARFUM fragrance by Armaf. Perfect for Male seeking a Woody Spicy scent with Strong longevity.
armaf-club-de-nuit-iconic,Club De Nuit Iconic,Armaf,Parfum,TRUE,Title,Default Title,shopify,37,deny,manual,217,TRUE,TRUE,https://images.unsplash.com/photo-1622618991746-fe6004db3a47?q=80&w=800&auto=format&fit=crop,Armaf,Parfum,Woody Spicy,Aromatic,Medium,A masterfully crafted EDP fragrance by Armaf. Perfect for Male seeking a Woody Spicy scent with Medium longevity.
armaf-ventana-pour-homme,Ventana Pour Homme,Armaf,Parfum,TRUE,Title,Default Title,shopify,38,deny,manual,218,TRUE,TRUE,https://images.unsplash.com/photo-1594913785124-71239c4f5260?q=80&w=800&auto=format&fit=crop,Armaf,Parfum,Fresh Scent,Aromatic,Medium,A masterfully crafted EDP fragrance by Armaf. Perfect for Male seeking a Fresh Scent scent with Medium longevity.
armaf-ventana-pour-femme,Ventana Pour Femme,Armaf,Parfum,TRUE,Title,Default Title,shopify,39,deny,manual,219,TRUE,TRUE,https://images.unsplash.com/photo-1615529183492-c4e047ceb4d5?q=80&w=800&auto=format&fit=crop,Armaf,Parfum,Floral Fruity,Aromatic,Medium,A masterfully crafted EDP fragrance by Armaf. Perfect for Female seeking a Floral Fruity scent with Medium longevity.
armaf-ventana-noir,Ventana Noir,Armaf,Parfum,TRUE,Title,Default Title,shopify,40,deny,manual,220,TRUE,TRUE,https://images.unsplash.com/photo-1592945403244-b3fbafd7f539?q=80&w=800&auto=format&fit=crop,Armaf,Parfum,Woody Spicy,Aromatic,Medium,A masterfully crafted EDP fragrance by Armaf. Perfect for Male seeking a Woody Spicy scent with Medium longevity.
armaf-ventana-azure,Ventana Azure,Armaf,Parfum,TRUE,Title,Default Title,shopify,41,deny,manual,221,TRUE,TRUE,https://images.unsplash.com/photo-1615529183492-c4e047ceb4d5?q=80&w=800&auto=format&fit=crop,Armaf,Parfum,Fresh Scent,Aromatic,Medium,A masterfully crafted EDP fragrance by Armaf. Perfect for Male seeking a Fresh Scent scent with Medium longevity.
armaf-opus-homme,Opus Homme,Armaf,Parfum,TRUE,Title,Default Title,shopify,42,deny,manual,222,TRUE,TRUE,https://images.unsplash.com/photo-1582211594533-268f4f1edcb9?q=80&w=800&auto=format&fit=crop,Armaf,Parfum,Woody Spicy,Aromatic,Medium,A masterfully crafted EDP fragrance by Armaf. Perfect for Male seeking a Woody Spicy scent with Medium longevity.
armaf-opus-femme,Opus Femme,Armaf,Parfum,TRUE,Title,Default Title,shopify,43,deny,manual,223,TRUE,TRUE,https://images.unsplash.com/photo-1599305090598-fe179d501227?q=80&w=800&auto=format&fit=crop,Armaf,Parfum,Floral Fruity,Aromatic,Medium,A masterfully crafted EDP fragrance by Armaf. Perfect for Female seeking a Floral Fruity scent with Medium longevity.
armaf-opus-noir,Opus Noir,Armaf,Parfum,TRUE,Title,Default Title,shopify,44,deny,manual,224,TRUE,TRUE,https://images.unsplash.com/photo-1603569283847-aa295f0d016a?q=80&w=800&auto=format&fit=crop,Armaf,Parfum,Woody Spicy,Aromatic,Medium,A masterfully crafted EDP fragrance by Armaf. Perfect for Male seeking a Woody Spicy scent with Medium longevity.
armaf-opus-blue,Opus Blue,Armaf,Parfum,TRUE,Title,Default Title,shopify,45,deny,manual,225,TRUE,TRUE,https://images.unsplash.com/photo-1595425970377-c9703c48657a?q=80&w=800&auto=format&fit=crop,Armaf,Parfum,Fresh Scent,Aromatic,Medium,A masterfully crafted EDP fragrance by Armaf. Perfect for Male seeking a Fresh Scent scent with Medium longevity.
armaf-opus-rouge,Opus Rouge,Armaf,Parfum,TRUE,Title,Default Title,shopify,46,deny,manual,226,TRUE,TRUE,https://images.unsplash.com/photo-1596462502278-27bfdc403348?q=80&w=800&auto=format&fit=crop,Armaf,Parfum,Woody Spicy,Aromatic,Medium,A masterfully crafted EDP fragrance by Armaf. Perfect for Male seeking a Woody Spicy scent with Medium longevity.
armaf-opus-gold,Opus Gold,Armaf,Parfum,TRUE,Title,Default Title,shopify,47,deny,manual,227,TRUE,TRUE,https://images.unsplash.com/photo-1615529183492-c4e047ceb4d5?q=80&w=800&auto=format&fit=crop,Armaf,Parfum,Woody Spicy,Aromatic,Medium,A masterfully crafted EDP fragrance by Armaf. Perfect for Male seeking a Woody Spicy scent with Medium longevity.
armaf-magnificent-pour-homme,Magnificent Pour Homme,Armaf,Parfum,TRUE,Title,Default Title,shopify,48,deny,manual,228,TRUE,TRUE,https://images.unsplash.com/photo-1603569283847-aa295f0d016a?q=80&w=800&auto=format&fit=crop,Armaf,Parfum,Woody Spicy,Aromatic,Medium,A masterfully crafted EDP fragrance by Armaf. Perfect for Male seeking a Woody Spicy scent with Medium longevity.
armaf-magnificent-pour-femme,Magnificent Pour Femme,Armaf,Parfum,TRUE,Title,Default Title,shopify,49,deny,manual,229,TRUE,TRUE,https://images.unsplash.com/photo-1592914610354-fd354d45fe82?q=80&w=800&auto=format&fit=crop,Armaf,Parfum,Floral Fruity,Aromatic,Medium,A masterfully crafted EDP fragrance by Armaf. Perfect for Female seeking a Floral Fruity scent with Medium longevity.
fragrance-world-spectre-ghost,Spectre Ghost,Fragrance World,Parfum,TRUE,Title,Default Title,shopify,50,deny,manual,230,TRUE,TRUE,https://images.unsplash.com/photo-1601007746401-44755f190e29?q=80&w=800&auto=format&fit=crop,Fragrance World,Parfum,Woody Aromatic,Aromatic,Medium,A masterfully crafted EDP fragrance by Fragrance World. Perfect for Male seeking a Woody Aromatic scent with Medium longevity.
fragrance-world-spectre-wraith,Spectre Wraith,Fragrance World,Parfum,TRUE,Title,Default Title,shopify,51,deny,manual,231,TRUE,TRUE,https://images.unsplash.com/photo-1616949755610-8c9bbc08f138?q=80&w=800&auto=format&fit=crop,Fragrance World,Parfum,Woody Spicy,Aromatic,Strong,A masterfully crafted EDP fragrance by Fragrance World. Perfect for Male seeking a Woody Spicy scent with Strong longevity.
fragrance-world-pinnace-white,Pinnace White,Fragrance World,Parfum,TRUE,Title,Default Title,shopify,52,deny,manual,232,TRUE,TRUE,https://images.unsplash.com/photo-1592914610354-fd354d45fe82?q=80&w=800&auto=format&fit=crop,Fragrance World,Parfum,Fresh Scent,Aromatic,Medium,A masterfully crafted EDP fragrance by Fragrance World. Perfect for Unisex seeking a Fresh Scent scent with Medium longevity.
fragrance-world-essence-de-blanc,Essence De Blanc,Fragrance World,Parfum,TRUE,Title,Default Title,shopify,53,deny,manual,233,TRUE,TRUE,https://images.unsplash.com/photo-1622618991746-fe6004db3a47?q=80&w=800&auto=format&fit=crop,Fragrance World,Parfum,Floral Fruity,Aromatic,Medium,A masterfully crafted EDP fragrance by Fragrance World. Perfect for Female seeking a Floral Fruity scent with Medium longevity.
fragrance-world-vulcan-feu-french-avenue,Vulcan Feu French Avenue,Fragrance World,Parfum,TRUE,Title,Default Title,shopify,54,deny,manual,234,TRUE,TRUE,https://images.unsplash.com/photo-1563170351-be82bc88ea6f?q=80&w=800&auto=format&fit=crop,Fragrance World,Parfum,Woody Spicy,Aromatic,Strong,A masterfully crafted EDP fragrance by Fragrance World. Perfect for Male seeking a Woody Spicy scent with Strong longevity.
fragrance-world-urban-man-elixir,Urban Man Elixir,Fragrance World,Parfum,TRUE,Title,Default Title,shopify,55,deny,manual,235,TRUE,TRUE,https://images.unsplash.com/photo-1615529183492-c4e047ceb4d5?q=80&w=800&auto=format&fit=crop,Fragrance World,Parfum,Woody Spicy,Aromatic,Medium,A masterfully crafted EDP fragrance by Fragrance World. Perfect for Male seeking a Woody Spicy scent with Medium longevity.
fragrance-world-nuke-20,Nuke 2.0,Fragrance World,Parfum,TRUE,Title,Default Title,shopify,56,deny,manual,236,TRUE,TRUE,https://images.unsplash.com/photo-1590156546946-ce55a12a6a5d?q=80&w=800&auto=format&fit=crop,Fragrance World,Parfum,Woody Aromatic,Aromatic,Medium,A masterfully crafted EDP fragrance by Fragrance World. Perfect for Male seeking a Woody Aromatic scent with Medium longevity.
fragrance-world-suits,Suits,Fragrance World,Parfum,TRUE,Title,Default Title,shopify,57,deny,manual,237,TRUE,TRUE,https://images.unsplash.com/photo-1598516086708-41c305c08d17?q=80&w=800&auto=format&fit=crop,Fragrance World,Parfum,Woody Aromatic,Aromatic,Medium,A masterfully crafted EDP fragrance by Fragrance World. Perfect for Male seeking a Woody Aromatic scent with Medium longevity.
fragrance-world-sultry-woods,Sultry Woods,Fragrance World,Parfum,TRUE,Title,Default Title,shopify,58,deny,manual,238,TRUE,TRUE,https://images.unsplash.com/photo-1596462502278-27bfdc403348?q=80&w=800&auto=format&fit=crop,Fragrance World,Parfum,Woody Spicy,Aromatic,Strong,A masterfully crafted EDP fragrance by Fragrance World. Perfect for Male seeking a Woody Spicy scent with Strong longevity.
fragrance-world-fierte,Fierte,Fragrance World,Parfum,TRUE,Title,Default Title,shopify,59,deny,manual,239,TRUE,TRUE,https://images.unsplash.com/photo-1619994403073-2cec844b8e63?q=80&w=800&auto=format&fit=crop,Fragrance World,Parfum,Woody Aromatic,Aromatic,Medium,A masterfully crafted EDP fragrance by Fragrance World. Perfect for Male seeking a Woody Aromatic scent with Medium longevity.
fragrance-world-green-saphire,Green Saphire,Fragrance World,Parfum,TRUE,Title,Default Title,shopify,60,deny,manual,240,TRUE,TRUE,https://images.unsplash.com/photo-1608528577891-eb055944f2e7?q=80&w=800&auto=format&fit=crop,Fragrance World,Parfum,Fresh Scent,Aromatic,Medium,A masterfully crafted EDP fragrance by Fragrance World. Perfect for Unisex seeking a Fresh Scent scent with Medium longevity.
fragrance-world-eau-de-spice,Eau De Spice,Fragrance World,Parfum,TRUE,Title,Default Title,shopify,61,deny,manual,241,TRUE,TRUE,https://images.unsplash.com/photo-1592945403244-b3fbafd7f539?q=80&w=800&auto=format&fit=crop,Fragrance World,Parfum,Spicy Aromatic,Aromatic,Medium,A masterfully crafted EDP fragrance by Fragrance World. Perfect for Male seeking a Spicy Aromatic scent with Medium longevity.
fragrance-world-imperial-fragrance-world,Imperial Fragrance World,Fragrance World,Parfum,TRUE,Title,Default Title,shopify,62,deny,manual,242,TRUE,TRUE,https://images.unsplash.com/photo-1585386959984-a4155224a1ad?q=80&w=800&auto=format&fit=crop,Fragrance World,Parfum,Woody Spicy,Aromatic,Strong,A masterfully crafted EDP fragrance by Fragrance World. Perfect for Male seeking a Woody Spicy scent with Strong longevity.
fragrance-world-divin-asylum,Divin Asylum,Fragrance World,Parfum,TRUE,Title,Default Title,shopify,63,deny,manual,243,TRUE,TRUE,https://images.unsplash.com/photo-1595425970377-c9703c48657a?q=80&w=800&auto=format&fit=crop,Fragrance World,Parfum,Woody Aromatic,Aromatic,Medium,A masterfully crafted EDP fragrance by Fragrance World. Perfect for Male seeking a Woody Aromatic scent with Medium longevity.
fragrance-world-divin-oud,Divin Oud,Fragrance World,Parfum,TRUE,Title,Default Title,shopify,64,deny,manual,244,TRUE,TRUE,https://images.unsplash.com/photo-1598516086708-41c305c08d17?q=80&w=800&auto=format&fit=crop,Fragrance World,Parfum,Oud,Aromatic,Strong,A masterfully crafted EDP fragrance by Fragrance World. Perfect for Unisex seeking a Oud scent with Strong longevity.
fragrance-world-francique-6355,Francique 63.55,Fragrance World,Parfum,TRUE,Title,Default Title,shopify,65,deny,manual,245,TRUE,TRUE,https://images.unsplash.com/photo-1590156546946-ce55a12a6a5d?q=80&w=800&auto=format&fit=crop,Fragrance World,Parfum,Woody Aromatic,Aromatic,Medium,A masterfully crafted EDP fragrance by Fragrance World. Perfect for Male seeking a Woody Aromatic scent with Medium longevity.
fragrance-world-my-soulmate-body,My Soulmate Body,Fragrance World,Parfum,TRUE,Title,Default Title,shopify,66,deny,manual,246,TRUE,TRUE,https://images.unsplash.com/photo-1582211594533-268f4f1edcb9?q=80&w=800&auto=format&fit=crop,Fragrance World,Parfum,Floral Fruity,Aromatic,Medium,A masterfully crafted EDP fragrance by Fragrance World. Perfect for Female seeking a Floral Fruity scent with Medium longevity.
fragrance-world-mirag-absolu,Mirag Absolu,Fragrance World,Parfum,TRUE,Title,Default Title,shopify,67,deny,manual,247,TRUE,TRUE,https://images.unsplash.com/photo-1622618991746-fe6004db3a47?q=80&w=800&auto=format&fit=crop,Fragrance World,Parfum,Woody Spicy,Aromatic,Strong,A masterfully crafted EDP fragrance by Fragrance World. Perfect for Male seeking a Woody Spicy scent with Strong longevity.
fragrance-world-tropical-kiss,Tropical Kiss,Fragrance World,Parfum,TRUE,Title,Default Title,shopify,68,deny,manual,248,TRUE,TRUE,https://images.unsplash.com/photo-1585386959984-a4155224a1ad?q=80&w=800&auto=format&fit=crop,Fragrance World,Parfum,Fruity Floral,Aromatic,Medium,A masterfully crafted EDP fragrance by Fragrance World. Perfect for Female seeking a Fruity Floral scent with Medium longevity.
fragrance-world-aqua-pura,Aqua Pura,Fragrance World,Parfum,TRUE,Title,Default Title,shopify,69,deny,manual,249,TRUE,TRUE,https://images.unsplash.com/photo-1592945403244-b3fbafd7f539?q=80&w=800&auto=format&fit=crop,Fragrance World,Parfum,Fresh Scent,Aromatic,Medium,A masterfully crafted EDP fragrance by Fragrance World. Perfect for Unisex seeking a Fresh Scent scent with Medium longevity.
fragrance-world-arabian-incense,Arabian Incense,Fragrance World,Parfum,TRUE,Title,Default Title,shopify,20,deny,manual,250,TRUE,TRUE,https://images.unsplash.com/photo-1590156546946-ce55a12a6a5d?q=80&w=800&auto=format&fit=crop,Fragrance World,Parfum,Oriental Woody,Aromatic,Strong,A masterfully crafted EDP fragrance by Fragrance World. Perfect for Unisex seeking a Oriental Woody scent with Strong longevity.
fragrance-world-hibiscus-magic,Hibiscus Magic,Fragrance World,Parfum,TRUE,Title,Default Title,shopify,21,deny,manual,251,TRUE,TRUE,https://images.unsplash.com/photo-1585386959984-a4155224a1ad?q=80&w=800&auto=format&fit=crop,Fragrance World,Parfum,Floral Fruity,Aromatic,Medium,A masterfully crafted EDP fragrance by Fragrance World. Perfect for Female seeking a Floral Fruity scent with Medium longevity.
fragrance-world-brown-sugar,Brown Sugar,Fragrance World,Parfum,TRUE,Title,Default Title,shopify,22,deny,manual,252,TRUE,TRUE,https://images.unsplash.com/photo-1594913785124-71239c4f5260?q=80&w=800&auto=format&fit=crop,Fragrance World,Parfum,Gourmand,Aromatic,Medium,A masterfully crafted EDP fragrance by Fragrance World. Perfect for Unisex seeking a Gourmand scent with Medium longevity.
fragrance-world-aqua-royale-blue,Aqua Royale Blue,Fragrance World,Parfum,TRUE,Title,Default Title,shopify,23,deny,manual,253,TRUE,TRUE,https://images.unsplash.com/photo-1596462502278-27bfdc403348?q=80&w=800&auto=format&fit=crop,Fragrance World,Parfum,Fresh Scent,Aromatic,Medium,A masterfully crafted EDP fragrance by Fragrance World. Perfect for Male seeking a Fresh Scent scent with Medium longevity.
fragrance-world-enigma-une,Enigma Une,Fragrance World,Parfum,TRUE,Title,Default Title,shopify,24,deny,manual,254,TRUE,TRUE,https://images.unsplash.com/photo-1608528577891-eb055944f2e7?q=80&w=800&auto=format&fit=crop,Fragrance World,Parfum,Woody Aromatic,Aromatic,Medium,A masterfully crafted EDP fragrance by Fragrance World. Perfect for Male seeking a Woody Aromatic scent with Medium longevity.
fragrance-world-enigma-trois,Enigma Trois,Fragrance World,Parfum,TRUE,Title,Default Title,shopify,25,deny,manual,255,TRUE,TRUE,https://images.unsplash.com/photo-1608528577891-eb055944f2e7?q=80&w=800&auto=format&fit=crop,Fragrance World,Parfum,Woody Aromatic,Aromatic,Medium,A masterfully crafted EDP fragrance by Fragrance World. Perfect for Male seeking a Woody Aromatic scent with Medium longevity.
fragrance-world-imperium-edp,Imperium Edp,Fragrance World,Parfum,TRUE,Title,Default Title,shopify,26,deny,manual,256,TRUE,TRUE,https://images.unsplash.com/photo-1563170351-be82bc88ea6f?q=80&w=800&auto=format&fit=crop,Fragrance World,Parfum,Woody Spicy,Aromatic,Strong,A masterfully crafted EDP fragrance by Fragrance World. Perfect for Male seeking a Woody Spicy scent with Strong longevity.
fragrance-world-bavaria-pour-homme,Bavaria Pour Homme,Fragrance World,Parfum,TRUE,Title,Default Title,shopify,27,deny,manual,257,TRUE,TRUE,https://images.unsplash.com/photo-1619994403073-2cec844b8e63?q=80&w=800&auto=format&fit=crop,Fragrance World,Parfum,Woody Aromatic,Aromatic,Medium,A masterfully crafted EDP fragrance by Fragrance World. Perfect for Male seeking a Woody Aromatic scent with Medium longevity.
fragrance-world-aventos-green,Aventos Green,Fragrance World,Parfum,TRUE,Title,Default Title,shopify,28,deny,manual,258,TRUE,TRUE,https://images.unsplash.com/photo-1596462502278-27bfdc403348?q=80&w=800&auto=format&fit=crop,Fragrance World,Parfum,Fresh Scent,Aromatic,Medium,A masterfully crafted EDP fragrance by Fragrance World. Perfect for Male seeking a Fresh Scent scent with Medium longevity.
fragrance-world-absolute-oud-magnificent-7,Absolute Oud Magnificent 7,Fragrance World,Parfum,TRUE,Title,Default Title,shopify,29,deny,manual,259,TRUE,TRUE,https://images.unsplash.com/photo-1592945403244-b3fbafd7f539?q=80&w=800&auto=format&fit=crop,Fragrance World,Parfum,Oud,Aromatic,Strong,A masterfully crafted EDP fragrance by Fragrance World. Perfect for Unisex seeking a Oud scent with Strong longevity.
fragrance-world-f-le-parfum,F Le Parfum,Fragrance World,Extract,TRUE,Title,Default Title,shopify,30,deny,manual,260,TRUE,TRUE,https://images.unsplash.com/photo-1592494911762-d2f1f5f3e911?q=80&w=800&auto=format&fit=crop,Fragrance World,Extract,Floral Fruity,Aromatic,Strong,A masterfully crafted PARFUM fragrance by Fragrance World. Perfect for Female seeking a Floral Fruity scent with Strong longevity.
fragrance-world-giorgio-black-special-edition,Giorgio Black Special Edition,Fragrance World,Parfum,TRUE,Title,Default Title,shopify,31,deny,manual,261,TRUE,TRUE,https://images.unsplash.com/photo-1619994403073-2cec844b8e63?q=80&w=800&auto=format&fit=crop,Fragrance World,Parfum,Woody Spicy,Aromatic,Medium,A masterfully crafted EDP fragrance by Fragrance World. Perfect for Male seeking a Woody Spicy scent with Medium longevity.
fragrance-world-harmony-code-absolute,Harmony Code Absolute,Fragrance World,Parfum,TRUE,Title,Default Title,shopify,32,deny,manual,262,TRUE,TRUE,https://images.unsplash.com/photo-1585386959984-a4155224a1ad?q=80&w=800&auto=format&fit=crop,Fragrance World,Parfum,Woody Aromatic,Aromatic,Medium,A masterfully crafted EDP fragrance by Fragrance World. Perfect for Male seeking a Woody Aromatic scent with Medium longevity.
fragrance-world-barakkat-rouge-540,Barakkat Rouge 540,Fragrance World,Parfum,TRUE,Title,Default Title,shopify,33,deny,manual,263,TRUE,TRUE,https://images.unsplash.com/photo-1599305090598-fe179d501227?q=80&w=800&auto=format&fit=crop,Fragrance World,Parfum,Oud,Aromatic,Strong,A masterfully crafted EDP fragrance by Fragrance World. Perfect for Unisex seeking a Oud scent with Strong longevity.
fragrance-world-barakkat-aqua-stellar,Barakkat Aqua Stellar,Fragrance World,Parfum,TRUE,Title,Default Title,shopify,34,deny,manual,264,TRUE,TRUE,https://images.unsplash.com/photo-1601007746401-44755f190e29?q=80&w=800&auto=format&fit=crop,Fragrance World,Parfum,Fresh Scent,Aromatic,Medium,A masterfully crafted EDP fragrance by Fragrance World. Perfect for Unisex seeking a Fresh Scent scent with Medium longevity.
fragrance-world-mocha-wood,Mocha Wood,Fragrance World,Parfum,TRUE,Title,Default Title,shopify,35,deny,manual,265,TRUE,TRUE,https://images.unsplash.com/photo-1592914610354-fd354d45fe82?q=80&w=800&auto=format&fit=crop,Fragrance World,Parfum,Gourmand,Aromatic,Medium,A masterfully crafted EDP fragrance by Fragrance World. Perfect for Unisex seeking a Gourmand scent with Medium longevity.
fragrance-world-star-men-nebula,Star Men Nebula,Fragrance World,Parfum,TRUE,Title,Default Title,shopify,36,deny,manual,266,TRUE,TRUE,https://images.unsplash.com/photo-1590156546946-ce55a12a6a5d?q=80&w=800&auto=format&fit=crop,Fragrance World,Parfum,Woody Aromatic,Aromatic,Medium,A masterfully crafted EDP fragrance by Fragrance World. Perfect for Male seeking a Woody Aromatic scent with Medium longevity.
fragrance-world-la-uno-forever,La Uno Forever,Fragrance World,Parfum,TRUE,Title,Default Title,shopify,37,deny,manual,267,TRUE,TRUE,https://images.unsplash.com/photo-1588405748880-12d1d2a59f75?q=80&w=800&auto=format&fit=crop,Fragrance World,Parfum,Floral Fruity,Aromatic,Medium,A masterfully crafted EDP fragrance by Fragrance World. Perfect for Female seeking a Floral Fruity scent with Medium longevity.
fragrance-world-royal-blend-nero,Royal Blend Nero,Fragrance World,Parfum,TRUE,Title,Default Title,shopify,38,deny,manual,268,TRUE,TRUE,https://images.unsplash.com/photo-1599305090598-fe179d501227?q=80&w=800&auto=format&fit=crop,Fragrance World,Parfum,Woody Spicy,Aromatic,Medium,A masterfully crafted EDP fragrance by Fragrance World. Perfect for Male seeking a Woody Spicy scent with Medium longevity.
fragrance-world-royal-blend,Royal Blend,Fragrance World,Parfum,TRUE,Title,Default Title,shopify,39,deny,manual,269,TRUE,TRUE,https://images.unsplash.com/photo-1590156546946-ce55a12a6a5d?q=80&w=800&auto=format&fit=crop,Fragrance World,Parfum,Woody Spicy,Aromatic,Medium,A masterfully crafted EDP fragrance by Fragrance World. Perfect for Male seeking a Woody Spicy scent with Medium longevity.
fragrance-world-sweet-paradise,Sweet Paradise,Fragrance World,Parfum,TRUE,Title,Default Title,shopify,40,deny,manual,270,TRUE,TRUE,https://images.unsplash.com/photo-1592945403244-b3fbafd7f539?q=80&w=800&auto=format&fit=crop,Fragrance World,Parfum,Fruity Floral,Aromatic,Medium,A masterfully crafted EDP fragrance by Fragrance World. Perfect for Female seeking a Fruity Floral scent with Medium longevity.
fragrance-world-cocktail-intense,Cocktail Intense,Fragrance World,Parfum,TRUE,Title,Default Title,shopify,41,deny,manual,271,TRUE,TRUE,https://images.unsplash.com/photo-1596462502278-27bfdc403348?q=80&w=800&auto=format&fit=crop,Fragrance World,Parfum,Woody Spicy,Aromatic,Medium,A masterfully crafted EDP fragrance by Fragrance World. Perfect for Male seeking a Woody Spicy scent with Medium longevity.
rasasi-shaghaf-nafaies-al-shaghaf,Shaghaf (Nafaies Al Shaghaf),Rasasi,Parfum,TRUE,Title,Default Title,shopify,42,deny,manual,272,TRUE,TRUE,https://images.unsplash.com/photo-1622618991746-fe6004db3a47?q=80&w=800&auto=format&fit=crop,Rasasi,Parfum,Sweet Spicy Oriental,Aromatic,Strong,A masterfully crafted EDP fragrance by Rasasi. Perfect for Unisex seeking a Sweet Spicy Oriental scent with Strong longevity.
rasasi-shuhrah,Shuhrah,Rasasi,Parfum,TRUE,Title,Default Title,shopify,43,deny,manual,273,TRUE,TRUE,https://images.unsplash.com/photo-1615529183492-c4e047ceb4d5?q=80&w=800&auto=format&fit=crop,Rasasi,Parfum,Woody Spicy,Aromatic,Strong,A masterfully crafted EDP fragrance by Rasasi. Perfect for Unisex seeking a Woody Spicy scent with Strong longevity.
rasasi-sotoor-seen,Sotoor Seen,Rasasi,Parfum,TRUE,Title,Default Title,shopify,44,deny,manual,274,TRUE,TRUE,https://images.unsplash.com/photo-1601244840899-72c676afba7b?q=80&w=800&auto=format&fit=crop,Rasasi,Parfum,Fresh Spicy,Aromatic,Medium,A masterfully crafted EDP fragrance by Rasasi. Perfect for Unisex seeking a Fresh Spicy scent with Medium longevity.
rasasi-sotoor-taa,Sotoor Taa,Rasasi,Parfum,TRUE,Title,Default Title,shopify,45,deny,manual,275,TRUE,TRUE,https://images.unsplash.com/photo-1518331566-07612711ff60?q=80&w=800&auto=format&fit=crop,Rasasi,Parfum,Fresh Aromatic,Aromatic,Medium,A masterfully crafted EDP fragrance by Rasasi. Perfect for Unisex seeking a Fresh Aromatic scent with Medium longevity.
rasasi-sotoor-waaw,Sotoor Waaw,Rasasi,Parfum,TRUE,Title,Default Title,shopify,46,deny,manual,276,TRUE,TRUE,https://images.unsplash.com/photo-1596462502278-27bfdc403348?q=80&w=800&auto=format&fit=crop,Rasasi,Parfum,Fresh Woody,Aromatic,Medium,A masterfully crafted EDP fragrance by Rasasi. Perfect for Unisex seeking a Fresh Woody scent with Medium longevity.
rasasi-hawas-tropical,Hawas Tropical,Rasasi,Parfum,TRUE,Title,Default Title,shopify,47,deny,manual,277,TRUE,TRUE,https://images.unsplash.com/photo-1594035910387-fea47794261f?q=80&w=800&auto=format&fit=crop,Rasasi,Parfum,Fruity Fresh,Aromatic,Medium,A masterfully crafted EDP fragrance by Rasasi. Perfect for Male seeking a Fruity Fresh scent with Medium longevity.
riffs-deoro-patchouli,Deoro Patchouli,Riffs,Parfum,TRUE,Title,Default Title,shopify,48,deny,manual,278,TRUE,TRUE,https://images.unsplash.com/photo-1616949755610-8c9bbc08f138?q=80&w=800&auto=format&fit=crop,Riffs,Parfum,Earthy Woody,Aromatic,Medium–Strong :contentReference[oaicite:0]{index=0},A masterfully crafted EDP fragrance by Riffs. Perfect for Unisex seeking a Earthy Woody scent with Medium–Strong :contentReference[oaicite:0]{index=0} longevity.
riffs-elegant-homme,Elegant Homme,Riffs,Parfum,TRUE,Title,Default Title,shopify,49,deny,manual,279,TRUE,TRUE,https://images.unsplash.com/photo-1582211594533-268f4f1edcb9?q=80&w=800&auto=format&fit=crop,Riffs,Parfum,Fresh Woody,Aromatic,Medium :contentReference[oaicite:1]{index=1},A masterfully crafted EDP fragrance by Riffs. Perfect for Male seeking a Fresh Woody scent with Medium :contentReference[oaicite:1]{index=1} longevity.
riffs-goodness-oud,Goodness Oud,Riffs,Parfum,TRUE,Title,Default Title,shopify,50,deny,manual,280,TRUE,TRUE,https://images.unsplash.com/photo-1601007746401-44755f190e29?q=80&w=800&auto=format&fit=crop,Riffs,Parfum,Rich Oud,Aromatic,Strong :contentReference[oaicite:2]{index=2},A masterfully crafted EDP fragrance by Riffs. Perfect for Unisex seeking a Rich Oud scent with Strong :contentReference[oaicite:2]{index=2} longevity.
riffs-imperial-blue,Imperial Blue,Riffs,Parfum,TRUE,Title,Default Title,shopify,51,deny,manual,281,TRUE,TRUE,https://images.unsplash.com/photo-1585386959984-a4155224a1ad?q=80&w=800&auto=format&fit=crop,Riffs,Parfum,Fresh Aromatic,Aromatic,Light–Medium :contentReference[oaicite:3]{index=3},A masterfully crafted EDP fragrance by Riffs. Perfect for Male seeking a Fresh Aromatic scent with Light–Medium :contentReference[oaicite:3]{index=3} longevity.
riffs-majestic-rose,Majestic Rose,Riffs,Parfum,TRUE,Title,Default Title,shopify,52,deny,manual,282,TRUE,TRUE,https://images.unsplash.com/photo-1518331566-07612711ff60?q=80&w=800&auto=format&fit=crop,Riffs,Parfum,Floral Rose,Aromatic,Strong :contentReference[oaicite:4]{index=4},A masterfully crafted EDP fragrance by Riffs. Perfect for Female seeking a Floral Rose scent with Strong :contentReference[oaicite:4]{index=4} longevity.
riffs-wonder-of-you,Wonder Of You,Riffs,Parfum,TRUE,Title,Default Title,shopify,53,deny,manual,283,TRUE,TRUE,https://images.unsplash.com/photo-1590156546946-ce55a12a6a5d?q=80&w=800&auto=format&fit=crop,Riffs,Parfum,Sweet Floral,Aromatic,Medium :contentReference[oaicite:5]{index=5},A masterfully crafted EDP fragrance by Riffs. Perfect for Unisex seeking a Sweet Floral scent with Medium :contentReference[oaicite:5]{index=5} longevity.
ibraheem-al-qurashi-blue-oud,Blue Oud,Ibraheem Al Qurashi,Parfum,TRUE,Title,Default Title,shopify,54,deny,manual,284,TRUE,TRUE,https://images.unsplash.com/photo-1619994403073-2cec844b8e63?q=80&w=800&auto=format&fit=crop,Ibraheem Al Qurashi,Parfum,Oud Floral,Aromatic,Strong,A masterfully crafted EDP fragrance by Ibraheem Al Qurashi. Perfect for Unisex seeking a Oud Floral scent with Strong longevity.
ibraheem-al-qurashi-golden-amber,Golden Amber,Ibraheem Al Qurashi,Parfum,TRUE,Title,Default Title,shopify,55,deny,manual,285,TRUE,TRUE,https://images.unsplash.com/photo-1518331566-07612711ff60?q=80&w=800&auto=format&fit=crop,Ibraheem Al Qurashi,Parfum,Amber Oriental,Aromatic,Strong,A masterfully crafted EDP fragrance by Ibraheem Al Qurashi. Perfect for Unisex seeking a Amber Oriental scent with Strong longevity.
nusuk-al-mukhtalif-signature,Al Mukhtalif Signature,Nusuk,Parfum,TRUE,Title,Default Title,shopify,56,deny,manual,286,TRUE,TRUE,https://images.unsplash.com/photo-1616949755610-8c9bbc08f138?q=80&w=800&auto=format&fit=crop,Nusuk,Parfum,Oriental Woody,Aromatic,Medium,A masterfully crafted EDP fragrance by Nusuk. Perfect for Unisex seeking a Oriental Woody scent with Medium longevity.
nusuk-ana-al-awwal,Ana Al Awwal,Nusuk,Parfum,TRUE,Title,Default Title,shopify,57,deny,manual,287,TRUE,TRUE,https://images.unsplash.com/photo-1619994403073-2cec844b8e63?q=80&w=800&auto=format&fit=crop,Nusuk,Parfum,Fresh Spicy,Aromatic,Medium,A masterfully crafted EDP fragrance by Nusuk. Perfect for Unisex seeking a Fresh Spicy scent with Medium longevity.
my-perfumes-oud-al-layl,Oud Al Layl,My Perfumes,Parfum,TRUE,Title,Default Title,shopify,58,deny,manual,288,TRUE,TRUE,https://images.unsplash.com/photo-1622618991746-fe6004db3a47?q=80&w=800&auto=format&fit=crop,My Perfumes,Parfum,Oud Deep,Aromatic,Strong,A masterfully crafted EDP fragrance by My Perfumes. Perfect for Unisex seeking a Oud Deep scent with Strong longevity.
nusuk-naseem-aqua,Naseem Aqua,Nusuk,Parfum,TRUE,Title,Default Title,shopify,59,deny,manual,289,TRUE,TRUE,https://images.unsplash.com/photo-1601007746401-44755f190e29?q=80&w=800&auto=format&fit=crop,Nusuk,Parfum,Fresh Aquatic,Aromatic,Medium,A masterfully crafted EDP fragrance by Nusuk. Perfect for Unisex seeking a Fresh Aquatic scent with Medium longevity.
zimaya-sharaf-blend,Sharaf Blend,Zimaya,Parfum,TRUE,Title,Default Title,shopify,60,deny,manual,290,TRUE,TRUE,https://images.unsplash.com/photo-1585386959984-a4155224a1ad?q=80&w=800&auto=format&fit=crop,Zimaya,Parfum,Woody Floral,Aromatic,Medium,A masterfully crafted EDP fragrance by Zimaya. Perfect for Unisex seeking a Woody Floral scent with Medium longevity.
zimaya-sharaf-club-black,Sharaf Club Black,Zimaya,Parfum,TRUE,Title,Default Title,shopify,61,deny,manual,291,TRUE,TRUE,https://images.unsplash.com/photo-1615529182904-14819c35db37?q=80&w=800&auto=format&fit=crop,Zimaya,Parfum,Oud Oriental,Aromatic,Strong,A masterfully crafted EDP fragrance by Zimaya. Perfect for Unisex seeking a Oud Oriental scent with Strong longevity.
ard-al-zaafaran-al-dirgham-gold-limited-edition,Al Dirgham Gold Limited Edition,Ard Al Zaafaran,Parfum,TRUE,Title,Default Title,shopify,62,deny,manual,292,TRUE,TRUE,https://images.unsplash.com/photo-1594913785124-71239c4f5260?q=80&w=800&auto=format&fit=crop,Ard Al Zaafaran,Parfum,Amber Spicy,Aromatic,Strong,A masterfully crafted EDP fragrance by Ard Al Zaafaran. Perfect for Unisex seeking a Amber Spicy scent with Strong longevity.
ard-al-zaafaran-al-dirgham-silver-special-edition,Al Dirgham Silver Special Edition,Ard Al Zaafaran,Parfum,TRUE,Title,Default Title,shopify,63,deny,manual,293,TRUE,TRUE,https://images.unsplash.com/photo-1595425970377-c9703c48657a?q=80&w=800&auto=format&fit=crop,Ard Al Zaafaran,Parfum,Fresh Spicy,Aromatic,Medium,A masterfully crafted EDP fragrance by Ard Al Zaafaran. Perfect for Unisex seeking a Fresh Spicy scent with Medium longevity.
al-haramain-amber-oud-aqua-dubai,Amber Oud Aqua Dubai,Al Haramain,Parfum,TRUE,Title,Default Title,shopify,64,deny,manual,294,TRUE,TRUE,https://images.unsplash.com/photo-1585386959984-a4155224a1ad?q=80&w=800&auto=format&fit=crop,Al Haramain,Parfum,Fresh Amber,Aromatic,Medium,A masterfully crafted EDP fragrance by Al Haramain. Perfect for Male seeking a Fresh Amber scent with Medium longevity.
al-haramain-detour-noir,Detour Noir,Al Haramain,Parfum,TRUE,Title,Default Title,shopify,65,deny,manual,295,TRUE,TRUE,https://images.unsplash.com/photo-1599305090598-fe179d501227?q=80&w=800&auto=format&fit=crop,Al Haramain,Parfum,Woody Spicy,Aromatic,Strong,A masterfully crafted EDP fragrance by Al Haramain. Perfect for Male seeking a Woody Spicy scent with Strong longevity.
al-haramain-detour-noir-intense,Detour Noir Intense,Al Haramain,Parfum,TRUE,Title,Default Title,shopify,66,deny,manual,296,TRUE,TRUE,https://images.unsplash.com/photo-1588405748880-12d1d2a59f75?q=80&w=800&auto=format&fit=crop,Al Haramain,Parfum,Woody Spicy,Aromatic,Strong,A masterfully crafted EDP fragrance by Al Haramain. Perfect for Male seeking a Woody Spicy scent with Strong longevity.
al-haramain-detour-eco,Detour Eco,Al Haramain,Parfum,TRUE,Title,Default Title,shopify,67,deny,manual,297,TRUE,TRUE,https://images.unsplash.com/photo-1594913785124-71239c4f5260?q=80&w=800&auto=format&fit=crop,Al Haramain,Parfum,Fresh Fougere,Aromatic,Medium,A masterfully crafted EDP fragrance by Al Haramain. Perfect for Male seeking a Fresh Fougere scent with Medium longevity.
al-haramain-detour-rouge,Detour Rouge,Al Haramain,Parfum,TRUE,Title,Default Title,shopify,68,deny,manual,298,TRUE,TRUE,https://images.unsplash.com/photo-1582211594533-268f4f1edcb9?q=80&w=800&auto=format&fit=crop,Al Haramain,Parfum,Woody Spicy,Aromatic,Strong,A masterfully crafted EDP fragrance by Al Haramain. Perfect for Male seeking a Woody Spicy scent with Strong longevity.
dirham-dirham-oud,Dirham Oud,Dirham,Parfum,TRUE,Title,Default Title,shopify,69,deny,manual,299,TRUE,TRUE,https://images.unsplash.com/photo-1563170351-be82bc88ea6f?q=80&w=800&auto=format&fit=crop,Dirham,Parfum,Oud Woody,Aromatic,Strong,A masterfully crafted EDP fragrance by Dirham. Perfect for Unisex seeking a Oud Woody scent with Strong longevity.
dirham-dirham-wardi,Dirham Wardi,Dirham,Parfum,TRUE,Title,Default Title,shopify,20,deny,manual,300,TRUE,TRUE,https://images.unsplash.com/photo-1615529183492-c4e047ceb4d5?q=80&w=800&auto=format&fit=crop,Dirham,Parfum,Rose Oud,Aromatic,Strong,A masterfully crafted EDP fragrance by Dirham. Perfect for Unisex seeking a Rose Oud scent with Strong longevity.
dirham-dirham-silver,Dirham Silver,Dirham,Parfum,TRUE,Title,Default Title,shopify,21,deny,manual,301,TRUE,TRUE,https://images.unsplash.com/photo-1588405748880-12d1d2a59f75?q=80&w=800&auto=format&fit=crop,Dirham,Parfum,Fresh Aromatic,Aromatic,Medium,A masterfully crafted EDP fragrance by Dirham. Perfect for Male seeking a Fresh Aromatic scent with Medium longevity.
dirham-dirham-gold,Dirham Gold,Dirham,Parfum,TRUE,Title,Default Title,shopify,22,deny,manual,302,TRUE,TRUE,https://images.unsplash.com/photo-1615529182904-14819c35db37?q=80&w=800&auto=format&fit=crop,Dirham,Parfum,Woody Spicy,Aromatic,Strong,A masterfully crafted EDP fragrance by Dirham. Perfect for Male seeking a Woody Spicy scent with Strong longevity.
sheikh-zayed-sheikh-zayed-blue,Sheikh Zayed Blue,Sheikh Zayed,Parfum,TRUE,Title,Default Title,shopify,23,deny,manual,303,TRUE,TRUE,https://images.unsplash.com/photo-1595535373192-fc8938b27529?q=80&w=800&auto=format&fit=crop,Sheikh Zayed,Parfum,Fresh Aquatic,Aromatic,Medium,A masterfully crafted EDP fragrance by Sheikh Zayed. Perfect for Male seeking a Fresh Aquatic scent with Medium longevity.
al-wataniah-kayaan-classic,Kayaan Classic,Al Wataniah,Parfum,TRUE,Title,Default Title,shopify,24,deny,manual,304,TRUE,TRUE,https://images.unsplash.com/photo-1599305090598-fe179d501227?q=80&w=800&auto=format&fit=crop,Al Wataniah,Parfum,Woody Spicy,Aromatic,Medium,A masterfully crafted EDP fragrance by Al Wataniah. Perfect for Male seeking a Woody Spicy scent with Medium longevity.
insurrection-insurrection-wild-ii,Insurrection Wild Ii,Insurrection,Parfum,TRUE,Title,Default Title,shopify,25,deny,manual,305,TRUE,TRUE,https://images.unsplash.com/photo-1518331566-07612711ff60?q=80&w=800&auto=format&fit=crop,Insurrection,Parfum,Woody Spicy,Aromatic,Strong,A masterfully crafted EDP fragrance by Insurrection. Perfect for Male seeking a Woody Spicy scent with Strong longevity.
rue-broca-theoreme-martix,Theoreme Martix,Rue Broca,Parfum,TRUE,Title,Default Title,shopify,26,deny,manual,306,TRUE,TRUE,https://images.unsplash.com/photo-1598516086708-41c305c08d17?q=80&w=800&auto=format&fit=crop,Rue Broca,Parfum,Oriental Spicy,Aromatic,Strong,A masterfully crafted EDP fragrance by Rue Broca. Perfect for Unisex seeking a Oriental Spicy scent with Strong longevity.
rue-broca-theoreme,Theoreme,Rue Broca,Parfum,TRUE,Title,Default Title,shopify,27,deny,manual,307,TRUE,TRUE,https://images.unsplash.com/photo-1595425970377-c9703c48657a?q=80&w=800&auto=format&fit=crop,Rue Broca,Parfum,Oriental Spicy,Aromatic,Medium,A masterfully crafted EDP fragrance by Rue Broca. Perfect for Unisex seeking a Oriental Spicy scent with Medium longevity.
khadlj-island,Island,Khadlj,Parfum,TRUE,Title,Default Title,shopify,28,deny,manual,308,TRUE,TRUE,https://images.unsplash.com/photo-1518331566-07612711ff60?q=80&w=800&auto=format&fit=crop,Khadlj,Parfum,Fresh Green,Aromatic,Light–Medium,A masterfully crafted EDP fragrance by Khadlj. Perfect for Unisex seeking a Fresh Green scent with Light–Medium longevity.
khadlj-island-vanilla-dunes,Island Vanilla Dunes,Khadlj,Parfum,TRUE,Title,Default Title,shopify,29,deny,manual,309,TRUE,TRUE,https://images.unsplash.com/photo-1598516086708-41c305c08d17?q=80&w=800&auto=format&fit=crop,Khadlj,Parfum,Fruity Vanilla,Aromatic,Medium,A masterfully crafted EDP fragrance by Khadlj. Perfect for Unisex seeking a Fruity Vanilla scent with Medium longevity.
khadlj-karus-blue-spice,Karus Blue Spice,Khadlj,Parfum,TRUE,Title,Default Title,shopify,30,deny,manual,310,TRUE,TRUE,https://images.unsplash.com/photo-1592914610354-fd354d45fe82?q=80&w=800&auto=format&fit=crop,Khadlj,Parfum,Fresh Spicy,Aromatic,Medium,A masterfully crafted EDP fragrance by Khadlj. Perfect for Unisex seeking a Fresh Spicy scent with Medium longevity.
khadlj-cloud-candy,Cloud Candy,Khadlj,Parfum,TRUE,Title,Default Title,shopify,31,deny,manual,311,TRUE,TRUE,https://images.unsplash.com/photo-1616949755610-8c9bbc08f138?q=80&w=800&auto=format&fit=crop,Khadlj,Parfum,Sweet Gourmand,Aromatic,Medium,A masterfully crafted EDP fragrance by Khadlj. Perfect for Unisex seeking a Sweet Gourmand scent with Medium longevity.
khadlj-shiyaaka-gold,Shiyaaka Gold,Khadlj,Parfum,TRUE,Title,Default Title,shopify,32,deny,manual,312,TRUE,TRUE,https://images.unsplash.com/photo-1590156546946-ce55a12a6a5d?q=80&w=800&auto=format&fit=crop,Khadlj,Parfum,Woody Spicy,Aromatic,Strong,A masterfully crafted EDP fragrance by Khadlj. Perfect for Male seeking a Woody Spicy scent with Strong longevity.
khadlj-shiyaaka-silver,Shiyaaka Silver,Khadlj,Parfum,TRUE,Title,Default Title,shopify,33,deny,manual,313,TRUE,TRUE,https://images.unsplash.com/photo-1595535373192-fc8938b27529?q=80&w=800&auto=format&fit=crop,Khadlj,Parfum,Woody Aromatic,Aromatic,Medium,A masterfully crafted EDP fragrance by Khadlj. Perfect for Male seeking a Woody Aromatic scent with Medium longevity.
khadlj-shiyaaka-blue,Shiyaaka Blue,Khadlj,Parfum,TRUE,Title,Default Title,shopify,34,deny,manual,314,TRUE,TRUE,https://images.unsplash.com/photo-1616949755610-8c9bbc08f138?q=80&w=800&auto=format&fit=crop,Khadlj,Parfum,Fresh Woody,Aromatic,Medium,A masterfully crafted EDP fragrance by Khadlj. Perfect for Male seeking a Fresh Woody scent with Medium longevity.
hamidi-addicted-imperial,Addicted Imperial,Hamidi,Parfum,TRUE,Title,Default Title,shopify,35,deny,manual,315,TRUE,TRUE,https://images.unsplash.com/photo-1596462502278-27bfdc403348?q=80&w=800&auto=format&fit=crop,Hamidi,Parfum,Woody Spicy,Aromatic,Strong,A masterfully crafted EDP fragrance by Hamidi. Perfect for Male seeking a Woody Spicy scent with Strong longevity.
hamidi-addicted-silver,Addicted Silver,Hamidi,Parfum,TRUE,Title,Default Title,shopify,36,deny,manual,316,TRUE,TRUE,https://images.unsplash.com/photo-1582211594533-268f4f1edcb9?q=80&w=800&auto=format&fit=crop,Hamidi,Parfum,Woody Aromatic,Aromatic,Medium,A masterfully crafted EDP fragrance by Hamidi. Perfect for Male seeking a Woody Aromatic scent with Medium longevity.
hamidi-addicted-intense,Addicted Intense,Hamidi,Parfum,TRUE,Title,Default Title,shopify,37,deny,manual,317,TRUE,TRUE,https://images.unsplash.com/photo-1590156546946-ce55a12a6a5d?q=80&w=800&auto=format&fit=crop,Hamidi,Parfum,Woody Spicy,Aromatic,Strong,A masterfully crafted EDP fragrance by Hamidi. Perfect for Male seeking a Woody Spicy scent with Strong longevity.
ajmal-kuro,Kuro,Ajmal,Parfum,TRUE,Title,Default Title,shopify,38,deny,manual,318,TRUE,TRUE,https://images.unsplash.com/photo-1622618991746-fe6004db3a47?q=80&w=800&auto=format&fit=crop,Ajmal,Parfum,Fresh Aquatic,Aromatic,Medium,A masterfully crafted EDP fragrance by Ajmal. Perfect for Male seeking a Fresh Aquatic scent with Medium longevity.
ajmal-blue,Blue,Ajmal,Parfum,TRUE,Title,Default Title,shopify,39,deny,manual,319,TRUE,TRUE,https://images.unsplash.com/photo-1615529182904-14819c35db37?q=80&w=800&auto=format&fit=crop,Ajmal,Parfum,Fresh Aromatic,Aromatic,Medium,A masterfully crafted EDP fragrance by Ajmal. Perfect for Male seeking a Fresh Aromatic scent with Medium longevity.
ajmal-shiro,Shiro,Ajmal,Parfum,TRUE,Title,Default Title,shopify,40,deny,manual,320,TRUE,TRUE,https://images.unsplash.com/photo-1599305090598-fe179d501227?q=80&w=800&auto=format&fit=crop,Ajmal,Parfum,Oriental Spicy,Aromatic,Medium,A masterfully crafted EDP fragrance by Ajmal. Perfect for Unisex seeking a Oriental Spicy scent with Medium longevity.
ajmal-rain-drops,Rain Drops,Ajmal,Parfum,TRUE,Title,Default Title,shopify,41,deny,manual,321,TRUE,TRUE,https://images.unsplash.com/photo-1601244840899-72c676afba7b?q=80&w=800&auto=format&fit=crop,Ajmal,Parfum,Fresh Aquatic,Aromatic,Light–Medium,A masterfully crafted EDP fragrance by Ajmal. Perfect for Unisex seeking a Fresh Aquatic scent with Light–Medium longevity.
ajmal-wisal-dahab,Wisal Dahab,Ajmal,Parfum,TRUE,Title,Default Title,shopify,42,deny,manual,322,TRUE,TRUE,https://images.unsplash.com/photo-1596462502278-27bfdc403348?q=80&w=800&auto=format&fit=crop,Ajmal,Parfum,Floral Oriental,Aromatic,Medium,A masterfully crafted EDP fragrance by Ajmal. Perfect for Female seeking a Floral Oriental scent with Medium longevity.
rayhaan-elixr,Elixr,Rayhaan,Parfum,TRUE,Title,Default Title,shopify,43,deny,manual,323,TRUE,TRUE,https://images.unsplash.com/photo-1592914610354-fd354d45fe82?q=80&w=800&auto=format&fit=crop,Rayhaan,Parfum,Woody Spicy,Aromatic,Strong,A masterfully crafted EDP fragrance by Rayhaan. Perfect for Unisex seeking a Woody Spicy scent with Strong longevity.
rayhaan-crimson,Crimson,Rayhaan,Parfum,TRUE,Title,Default Title,shopify,44,deny,manual,324,TRUE,TRUE,https://images.unsplash.com/photo-1598516086708-41c305c08d17?q=80&w=800&auto=format&fit=crop,Rayhaan,Parfum,Spicy Floral,Aromatic,Medium,A masterfully crafted EDP fragrance by Rayhaan. Perfect for Female seeking a Spicy Floral scent with Medium longevity.
rayhaan-pacific,Pacific,Rayhaan,Parfum,TRUE,Title,Default Title,shopify,45,deny,manual,325,TRUE,TRUE,https://images.unsplash.com/photo-1615529183492-c4e047ceb4d5?q=80&w=800&auto=format&fit=crop,Rayhaan,Parfum,Fresh Aquatic,Aromatic,Medium,A masterfully crafted EDP fragrance by Rayhaan. Perfect for Unisex seeking a Fresh Aquatic scent with Medium longevity.
rayhaan-lion,Lion,Rayhaan,Parfum,TRUE,Title,Default Title,shopify,46,deny,manual,326,TRUE,TRUE,https://images.unsplash.com/photo-1603569283847-aa295f0d016a?q=80&w=800&auto=format&fit=crop,Rayhaan,Parfum,Woody Spicy,Aromatic,Medium,A masterfully crafted EDP fragrance by Rayhaan. Perfect for Unisex seeking a Woody Spicy scent with Medium longevity.
rayhaan-imperia-intense,Imperia Intense,Rayhaan,Parfum,TRUE,Title,Default Title,shopify,47,deny,manual,327,TRUE,TRUE,https://images.unsplash.com/photo-1594913785124-71239c4f5260?q=80&w=800&auto=format&fit=crop,Rayhaan,Parfum,Woody Spicy,Aromatic,Strong,A masterfully crafted EDP fragrance by Rayhaan. Perfect for Unisex seeking a Woody Spicy scent with Strong longevity.
rayhaan-royal-wood,Royal Wood,Rayhaan,Parfum,TRUE,Title,Default Title,shopify,48,deny,manual,328,TRUE,TRUE,https://images.unsplash.com/photo-1601244840899-72c676afba7b?q=80&w=800&auto=format&fit=crop,Rayhaan,Parfum,Woody,Aromatic,Medium,A masterfully crafted EDP fragrance by Rayhaan. Perfect for Unisex seeking a Woody scent with Medium longevity.
rayhaan-fresh-wave,Fresh Wave,Rayhaan,Parfum,TRUE,Title,Default Title,shopify,49,deny,manual,329,TRUE,TRUE,https://images.unsplash.com/photo-1615529183492-c4e047ceb4d5?q=80&w=800&auto=format&fit=crop,Rayhaan,Parfum,Fresh Aquatic,Aromatic,Medium,A masterfully crafted EDP fragrance by Rayhaan. Perfect for Unisex seeking a Fresh Aquatic scent with Medium longevity.
rayhaan-ocean-rush,Ocean Rush,Rayhaan,Parfum,TRUE,Title,Default Title,shopify,50,deny,manual,330,TRUE,TRUE,https://images.unsplash.com/photo-1601244840899-72c676afba7b?q=80&w=800&auto=format&fit=crop,Rayhaan,Parfum,Fresh Aquatic,Aromatic,Medium,A masterfully crafted EDP fragrance by Rayhaan. Perfect for Unisex seeking a Fresh Aquatic scent with Medium longevity.
swiss-arabian-shagaf-vanilla-toffee,Shagaf Vanilla Toffee,Swiss Arabian,Parfum,TRUE,Title,Default Title,shopify,51,deny,manual,331,TRUE,TRUE,https://images.unsplash.com/photo-1592914610354-fd354d45fe82?q=80&w=800&auto=format&fit=crop,Swiss Arabian,Parfum,Gourmand Sweet,Aromatic,Strong,A masterfully crafted EDP fragrance by Swiss Arabian. Perfect for Unisex seeking a Gourmand Sweet scent with Strong longevity.
swiss-arabian-shagaf-oud,Shagaf Oud,Swiss Arabian,Parfum,TRUE,Title,Default Title,shopify,52,deny,manual,332,TRUE,TRUE,https://images.unsplash.com/photo-1595535373192-fc8938b27529?q=80&w=800&auto=format&fit=crop,Swiss Arabian,Parfum,Oud Spicy,Aromatic,Strong,A masterfully crafted EDP fragrance by Swiss Arabian. Perfect for Unisex seeking a Oud Spicy scent with Strong longevity.
ard-al-zaafaran-bint-hooran,Bint Hooran,Ard Al Zaafaran,Parfum,TRUE,Title,Default Title,shopify,53,deny,manual,333,TRUE,TRUE,https://images.unsplash.com/photo-1592945403244-b3fbafd7f539?q=80&w=800&auto=format&fit=crop,Ard Al Zaafaran,Parfum,Floral Oriental,Aromatic,Medium,A masterfully crafted EDP fragrance by Ard Al Zaafaran. Perfect for Female seeking a Floral Oriental scent with Medium longevity.
zimaya-stallion,Stallion,Zimaya,Parfum,TRUE,Title,Default Title,shopify,54,deny,manual,334,TRUE,TRUE,https://images.unsplash.com/photo-1595535373192-fc8938b27529?q=80&w=800&auto=format&fit=crop,Zimaya,Parfum,Woody Spicy,Aromatic,Medium,A masterfully crafted EDP fragrance by Zimaya. Perfect for Male seeking a Woody Spicy scent with Medium longevity.
al-rehab-choco-musk,Choco Musk,Al Rehab,Parfum,TRUE,Title,Default Title,shopify,55,deny,manual,335,TRUE,TRUE,https://images.unsplash.com/photo-1582211594533-268f4f1edcb9?q=80&w=800&auto=format&fit=crop,Al Rehab,Parfum,Gourmand Sweet,Aromatic,Medium,A masterfully crafted EDP fragrance by Al Rehab. Perfect for Unisex seeking a Gourmand Sweet scent with Medium longevity.
zimaya-itqan-noir,Itqan Noir,Zimaya,Parfum,TRUE,Title,Default Title,shopify,56,deny,manual,336,TRUE,TRUE,https://images.unsplash.com/photo-1592494911762-d2f1f5f3e911?q=80&w=800&auto=format&fit=crop,Zimaya,Parfum,Woody Aromatic,Aromatic,Strong,A masterfully crafted EDP fragrance by Zimaya. Perfect for Male seeking a Woody Aromatic scent with Strong longevity.
zimaya-tiramisu-coco,Tiramisu Coco,Zimaya,Parfum,TRUE,Title,Default Title,shopify,57,deny,manual,337,TRUE,TRUE,https://images.unsplash.com/photo-1599305090598-fe179d501227?q=80&w=800&auto=format&fit=crop,Zimaya,Parfum,Gourmand Dessert,Aromatic,Medium,A masterfully crafted EDP fragrance by Zimaya. Perfect for Unisex seeking a Gourmand Dessert scent with Medium longevity.
zimaya-tiramisu-caramel,Tiramisu Caramel,Zimaya,Parfum,TRUE,Title,Default Title,shopify,58,deny,manual,338,TRUE,TRUE,https://images.unsplash.com/photo-1615529182904-14819c35db37?q=80&w=800&auto=format&fit=crop,Zimaya,Parfum,Gourmand Dessert,Aromatic,Medium,A masterfully crafted EDP fragrance by Zimaya. Perfect for Unisex seeking a Gourmand Dessert scent with Medium longevity.
zimaya-mazaaj-infused,Mazaaj Infused,Zimaya,Parfum,TRUE,Title,Default Title,shopify,59,deny,manual,339,TRUE,TRUE,https://images.unsplash.com/photo-1563170351-be82bc88ea6f?q=80&w=800&auto=format&fit=crop,Zimaya,Parfum,Woody Floral,Aromatic,Medium,A masterfully crafted EDP fragrance by Zimaya. Perfect for Unisex seeking a Woody Floral scent with Medium longevity.
zimaya-rabab,Rabab,Zimaya,Parfum,TRUE,Title,Default Title,shopify,60,deny,manual,340,TRUE,TRUE,https://images.unsplash.com/photo-1616949755610-8c9bbc08f138?q=80&w=800&auto=format&fit=crop,Zimaya,Parfum,Fruity Floral,Aromatic,Medium,A masterfully crafted EDP fragrance by Zimaya. Perfect for Female seeking a Fruity Floral scent with Medium longevity.
paris-corner-atoof,Atoof,Paris Corner,Parfum,TRUE,Title,Default Title,shopify,61,deny,manual,341,TRUE,TRUE,https://images.unsplash.com/photo-1595425970377-c9703c48657a?q=80&w=800&auto=format&fit=crop,Paris Corner,Parfum,Woody Oriental,Aromatic,Strong,A masterfully crafted EDP fragrance by Paris Corner. Perfect for Unisex seeking a Woody Oriental scent with Strong longevity.
paris-corner-autobiography-citron-vanille,Autobiography - Citron Vanille,Paris Corner,Parfum,TRUE,Title,Default Title,shopify,62,deny,manual,342,TRUE,TRUE,https://images.unsplash.com/photo-1590156546946-ce55a12a6a5d?q=80&w=800&auto=format&fit=crop,Paris Corner,Parfum,Citrus Gourmand,Aromatic,Medium,A masterfully crafted EDP fragrance by Paris Corner. Perfect for Unisex seeking a Citrus Gourmand scent with Medium longevity.
paris-corner-autobiography-salty-breeze,Autobiography - Salty Breeze,Paris Corner,Parfum,TRUE,Title,Default Title,shopify,63,deny,manual,343,TRUE,TRUE,https://images.unsplash.com/photo-1601007746401-44755f190e29?q=80&w=800&auto=format&fit=crop,Paris Corner,Parfum,Fresh Aquatic,Aromatic,Medium,A masterfully crafted EDP fragrance by Paris Corner. Perfect for Male seeking a Fresh Aquatic scent with Medium longevity.
paris-corner-citron-vanille,Citron Vanille,Paris Corner,Parfum,TRUE,Title,Default Title,shopify,64,deny,manual,344,TRUE,TRUE,https://images.unsplash.com/photo-1592945403244-b3fbafd7f539?q=80&w=800&auto=format&fit=crop,Paris Corner,Parfum,Citrus Sweet,Aromatic,Medium,A masterfully crafted EDP fragrance by Paris Corner. Perfect for Female seeking a Citrus Sweet scent with Medium longevity.
paris-corner-cosmopolitan-dubai,Cosmopolitan Dubai,Paris Corner,Parfum,TRUE,Title,Default Title,shopify,65,deny,manual,345,TRUE,TRUE,https://images.unsplash.com/photo-1619994403073-2cec844b8e63?q=80&w=800&auto=format&fit=crop,Paris Corner,Parfum,Oriental Spicy,Aromatic,Strong,A masterfully crafted EDP fragrance by Paris Corner. Perfect for Unisex seeking a Oriental Spicy scent with Strong longevity.
paris-corner-choco-cult,Choco Cult,Paris Corner,Parfum,TRUE,Title,Default Title,shopify,66,deny,manual,346,TRUE,TRUE,https://images.unsplash.com/photo-1595425970377-c9703c48657a?q=80&w=800&auto=format&fit=crop,Paris Corner,Parfum,Gourmand Chocolate,Aromatic,Strong,A masterfully crafted EDP fragrance by Paris Corner. Perfect for Unisex seeking a Gourmand Chocolate scent with Strong longevity.
paris-corner-date-caramel,Date Caramel,Paris Corner,Parfum,TRUE,Title,Default Title,shopify,67,deny,manual,347,TRUE,TRUE,https://images.unsplash.com/photo-1603569283847-aa295f0d016a?q=80&w=800&auto=format&fit=crop,Paris Corner,Parfum,Sweet Gourmand,Aromatic,Strong,A masterfully crafted EDP fragrance by Paris Corner. Perfect for Unisex seeking a Sweet Gourmand scent with Strong longevity.
paris-corner-december-vanilla,December Vanilla,Paris Corner,Parfum,TRUE,Title,Default Title,shopify,68,deny,manual,348,TRUE,TRUE,https://images.unsplash.com/photo-1588405748880-12d1d2a59f75?q=80&w=800&auto=format&fit=crop,Paris Corner,Parfum,Vanilla Gourmand,Aromatic,Medium,A masterfully crafted EDP fragrance by Paris Corner. Perfect for Unisex seeking a Vanilla Gourmand scent with Medium longevity.
paris-corner-emir-a-chaos-in-the-ocean,Emir - A Chaos In The Ocean,Paris Corner,Parfum,TRUE,Title,Default Title,shopify,69,deny,manual,349,TRUE,TRUE,https://images.unsplash.com/photo-1518331566-07612711ff60?q=80&w=800&auto=format&fit=crop,Paris Corner,Parfum,Fresh Aquatic,Aromatic,Medium,A masterfully crafted EDP fragrance by Paris Corner. Perfect for Unisex seeking a Fresh Aquatic scent with Medium longevity.
paris-corner-emir-a-walk-on-dirt,Emir - A Walk On Dirt,Paris Corner,Parfum,TRUE,Title,Default Title,shopify,20,deny,manual,350,TRUE,TRUE,https://images.unsplash.com/photo-1588405748880-12d1d2a59f75?q=80&w=800&auto=format&fit=crop,Paris Corner,Parfum,Woody Earthy,Aromatic,Medium,A masterfully crafted EDP fragrance by Paris Corner. Perfect for Unisex seeking a Woody Earthy scent with Medium longevity.
paris-corner-emir-camp-fire,Emir - Camp Fire,Paris Corner,Parfum,TRUE,Title,Default Title,shopify,21,deny,manual,351,TRUE,TRUE,https://images.unsplash.com/photo-1563170351-be82bc88ea6f?q=80&w=800&auto=format&fit=crop,Paris Corner,Parfum,Smoky Leather,Aromatic,Strong,A masterfully crafted EDP fragrance by Paris Corner. Perfect for Unisex seeking a Smoky Leather scent with Strong longevity.
paris-corner-emir-celestial,Emir - Celestial,Paris Corner,Parfum,TRUE,Title,Default Title,shopify,22,deny,manual,352,TRUE,TRUE,https://images.unsplash.com/photo-1590156546946-ce55a12a6a5d?q=80&w=800&auto=format&fit=crop,Paris Corner,Parfum,Amber Woody,Aromatic,Strong,A masterfully crafted EDP fragrance by Paris Corner. Perfect for Unisex seeking a Amber Woody scent with Strong longevity.
paris-corner-emir-cherry-cola,Emir - Cherry Cola,Paris Corner,Parfum,TRUE,Title,Default Title,shopify,23,deny,manual,353,TRUE,TRUE,https://images.unsplash.com/photo-1582211594533-268f4f1edcb9?q=80&w=800&auto=format&fit=crop,Paris Corner,Parfum,Fruity Sweet,Aromatic,Medium,A masterfully crafted EDP fragrance by Paris Corner. Perfect for Gourmand seeking a Fruity Sweet scent with Medium longevity.
paris-corner-emir-fascination,Emir - Fascination,Paris Corner,Parfum,TRUE,Title,Default Title,shopify,24,deny,manual,354,TRUE,TRUE,https://images.unsplash.com/photo-1592914610354-fd354d45fe82?q=80&w=800&auto=format&fit=crop,Paris Corner,Parfum,Oriental Spicy,Aromatic,Strong,A masterfully crafted EDP fragrance by Paris Corner. Perfect for Unisex seeking a Oriental Spicy scent with Strong longevity.
paris-corner-emir-fire-your-desire,Emir - Fire Your Desire,Paris Corner,Parfum,TRUE,Title,Default Title,shopify,25,deny,manual,355,TRUE,TRUE,https://images.unsplash.com/photo-1596462502278-27bfdc403348?q=80&w=800&auto=format&fit=crop,Paris Corner,Parfum,Spicy Amber,Aromatic,Strong,A masterfully crafted EDP fragrance by Paris Corner. Perfect for Unisex seeking a Spicy Amber scent with Strong longevity.
paris-corner-emir-frenetic-delicious,Emir - Frenetic Delicious,Paris Corner,Parfum,TRUE,Title,Default Title,shopify,26,deny,manual,356,TRUE,TRUE,https://images.unsplash.com/photo-1588405748880-12d1d2a59f75?q=80&w=800&auto=format&fit=crop,Paris Corner,Parfum,Sweet Fruity,Aromatic,Medium,A masterfully crafted EDP fragrance by Paris Corner. Perfect for Unisex seeking a Sweet Fruity scent with Medium longevity.
paris-corner-emir-frenetic-homme-intense,Emir - Frenetic Homme Intense,Paris Corner,Parfum,TRUE,Title,Default Title,shopify,27,deny,manual,357,TRUE,TRUE,https://images.unsplash.com/photo-1608528577891-eb055944f2e7?q=80&w=800&auto=format&fit=crop,Paris Corner,Parfum,Woody Spicy,Aromatic,Strong,A masterfully crafted EDP fragrance by Paris Corner. Perfect for Male seeking a Woody Spicy scent with Strong longevity.
paris-corner-emir-frenetic-men,Emir - Frenetic Men,Paris Corner,Parfum,TRUE,Title,Default Title,shopify,28,deny,manual,358,TRUE,TRUE,https://images.unsplash.com/photo-1599305090598-fe179d501227?q=80&w=800&auto=format&fit=crop,Paris Corner,Parfum,Fresh Spicy,Aromatic,Medium,A masterfully crafted EDP fragrance by Paris Corner. Perfect for Male seeking a Fresh Spicy scent with Medium longevity.
paris-corner-emir-frenetic-tobacco-honey,Emir - Frenetic Tobacco Honey,Paris Corner,Parfum,TRUE,Title,Default Title,shopify,29,deny,manual,359,TRUE,TRUE,https://images.unsplash.com/photo-1599305090598-fe179d501227?q=80&w=800&auto=format&fit=crop,Paris Corner,Parfum,Sweet Tobacco,Aromatic,Strong,A masterfully crafted EDP fragrance by Paris Corner. Perfect for Unisex seeking a Sweet Tobacco scent with Strong longevity.
paris-corner-emir-juicy-melange,Emir - Juicy Melange,Paris Corner,Parfum,TRUE,Title,Default Title,shopify,30,deny,manual,360,TRUE,TRUE,https://images.unsplash.com/photo-1590156546946-ce55a12a6a5d?q=80&w=800&auto=format&fit=crop,Paris Corner,Parfum,Fruity Citrus,Aromatic,Medium,A masterfully crafted EDP fragrance by Paris Corner. Perfect for Unisex seeking a Fruity Citrus scent with Medium longevity.
paris-corner-emir-just-bergamot,Emir - Just Bergamot,Paris Corner,Parfum,TRUE,Title,Default Title,shopify,31,deny,manual,361,TRUE,TRUE,https://images.unsplash.com/photo-1603569283847-aa295f0d016a?q=80&w=800&auto=format&fit=crop,Paris Corner,Parfum,Citrus Fresh,Aromatic,Medium,A masterfully crafted EDP fragrance by Paris Corner. Perfect for Unisex seeking a Citrus Fresh scent with Medium longevity.
paris-corner-emir-mango-punch,Emir - Mango Punch,Paris Corner,Parfum,TRUE,Title,Default Title,shopify,32,deny,manual,362,TRUE,TRUE,https://images.unsplash.com/photo-1619994403073-2cec844b8e63?q=80&w=800&auto=format&fit=crop,Paris Corner,Parfum,Fruity Tropical,Aromatic,Medium,A masterfully crafted EDP fragrance by Paris Corner. Perfect for Unisex seeking a Fruity Tropical scent with Medium longevity.
paris-corner-emir-pear-potion,Emir - Pear Potion,Paris Corner,Parfum,TRUE,Title,Default Title,shopify,33,deny,manual,363,TRUE,TRUE,https://images.unsplash.com/photo-1616949755610-8c9bbc08f138?q=80&w=800&auto=format&fit=crop,Paris Corner,Parfum,Fruity Sweet,Aromatic,Medium,A masterfully crafted EDP fragrance by Paris Corner. Perfect for Unisex seeking a Fruity Sweet scent with Medium longevity.
paris-corner-emir-resurrection,Emir - Resurrection,Paris Corner,Parfum,TRUE,Title,Default Title,shopify,34,deny,manual,364,TRUE,TRUE,https://images.unsplash.com/photo-1594035910387-fea47794261f?q=80&w=800&auto=format&fit=crop,Paris Corner,Parfum,Woody Oriental,Aromatic,Strong,A masterfully crafted EDP fragrance by Paris Corner. Perfect for Unisex seeking a Woody Oriental scent with Strong longevity.
paris-corner-emir-rich-santal,Emir - Rich Santal,Paris Corner,Parfum,TRUE,Title,Default Title,shopify,35,deny,manual,365,TRUE,TRUE,https://images.unsplash.com/photo-1592494911762-d2f1f5f3e911?q=80&w=800&auto=format&fit=crop,Paris Corner,Parfum,Woody Creamy,Aromatic,Strong,A masterfully crafted EDP fragrance by Paris Corner. Perfect for Unisex seeking a Woody Creamy scent with Strong longevity.
paris-corner-emir-smoky-leather,Emir - Smoky Leather,Paris Corner,Parfum,TRUE,Title,Default Title,shopify,36,deny,manual,366,TRUE,TRUE,https://images.unsplash.com/photo-1592494911762-d2f1f5f3e911?q=80&w=800&auto=format&fit=crop,Paris Corner,Parfum,Leather Smoky,Aromatic,Strong,A masterfully crafted EDP fragrance by Paris Corner. Perfect for Unisex seeking a Leather Smoky scent with Strong longevity.
paris-corner-emir-trillium,Emir - Trillium,Paris Corner,Parfum,TRUE,Title,Default Title,shopify,37,deny,manual,367,TRUE,TRUE,https://images.unsplash.com/photo-1603569283847-aa295f0d016a?q=80&w=800&auto=format&fit=crop,Paris Corner,Parfum,Woody Floral,Aromatic,Medium,A masterfully crafted EDP fragrance by Paris Corner. Perfect for Unisex seeking a Woody Floral scent with Medium longevity.
paris-corner-emir-triumphant-sapphire,Emir - Triumphant Sapphire,Paris Corner,Parfum,TRUE,Title,Default Title,shopify,38,deny,manual,368,TRUE,TRUE,https://images.unsplash.com/photo-1595425970377-c9703c48657a?q=80&w=800&auto=format&fit=crop,Paris Corner,Parfum,Woody Spicy,Aromatic,Strong,A masterfully crafted EDP fragrance by Paris Corner. Perfect for Unisex seeking a Woody Spicy scent with Strong longevity.
paris-corner-emir-ultra-citrus,Emir - Ultra Citrus,Paris Corner,Parfum,TRUE,Title,Default Title,shopify,39,deny,manual,369,TRUE,TRUE,https://images.unsplash.com/photo-1588405748880-12d1d2a59f75?q=80&w=800&auto=format&fit=crop,Paris Corner,Parfum,Citrus Fresh,Aromatic,Medium,A masterfully crafted EDP fragrance by Paris Corner. Perfect for Unisex seeking a Citrus Fresh scent with Medium longevity.
paris-corner-emir-vertex,Emir - Vertex,Paris Corner,Parfum,TRUE,Title,Default Title,shopify,40,deny,manual,370,TRUE,TRUE,https://images.unsplash.com/photo-1596462502278-27bfdc403348?q=80&w=800&auto=format&fit=crop,Paris Corner,Parfum,Woody Spicy,Aromatic,Strong,A masterfully crafted EDP fragrance by Paris Corner. Perfect for Male seeking a Woody Spicy scent with Strong longevity.
paris-corner-emir-vibrant-delight,Emir - Vibrant Delight,Paris Corner,Parfum,TRUE,Title,Default Title,shopify,41,deny,manual,371,TRUE,TRUE,https://images.unsplash.com/photo-1594035910387-fea47794261f?q=80&w=800&auto=format&fit=crop,Paris Corner,Parfum,Sweet Fruity,Aromatic,Medium,A masterfully crafted EDP fragrance by Paris Corner. Perfect for Unisex seeking a Sweet Fruity scent with Medium longevity.
paris-corner-emir-vibrant-orange-neroli,Emir - Vibrant Orange & Neroli,Paris Corner,Parfum,TRUE,Title,Default Title,shopify,42,deny,manual,372,TRUE,TRUE,https://images.unsplash.com/photo-1601007746401-44755f190e29?q=80&w=800&auto=format&fit=crop,Paris Corner,Parfum,Citrus Floral,Aromatic,Medium,A masterfully crafted EDP fragrance by Paris Corner. Perfect for Unisex seeking a Citrus Floral scent with Medium longevity.
paris-corner-emir-cedrat-essence,Emir - Cedrat Essence,Paris Corner,Parfum,TRUE,Title,Default Title,shopify,43,deny,manual,373,TRUE,TRUE,https://images.unsplash.com/photo-1598516086708-41c305c08d17?q=80&w=800&auto=format&fit=crop,Paris Corner,Parfum,Citrus Fresh,Aromatic,Medium,A masterfully crafted EDP fragrance by Paris Corner. Perfect for Unisex seeking a Citrus Fresh scent with Medium longevity.
paris-corner-eternal-musk,Eternal Musk,Paris Corner,Parfum,TRUE,Title,Default Title,shopify,44,deny,manual,374,TRUE,TRUE,https://images.unsplash.com/photo-1601007746401-44755f190e29?q=80&w=800&auto=format&fit=crop,Paris Corner,Parfum,Musky Floral,Aromatic,Medium,A masterfully crafted EDP fragrance by Paris Corner. Perfect for Unisex seeking a Musky Floral scent with Medium longevity.
paris-corner-identity-oud-crescent,Identity - Oud Crescent,Paris Corner,Parfum,TRUE,Title,Default Title,shopify,45,deny,manual,375,TRUE,TRUE,https://images.unsplash.com/photo-1595535373192-fc8938b27529?q=80&w=800&auto=format&fit=crop,Paris Corner,Parfum,Oud Oriental,Aromatic,Strong,A masterfully crafted EDP fragrance by Paris Corner. Perfect for Unisex seeking a Oud Oriental scent with Strong longevity.
paris-corner-identity-rose-leather,Identity - Rose & Leather,Paris Corner,Parfum,TRUE,Title,Default Title,shopify,46,deny,manual,376,TRUE,TRUE,https://images.unsplash.com/photo-1601244840899-72c676afba7b?q=80&w=800&auto=format&fit=crop,Paris Corner,Parfum,Floral Leather,Aromatic,Strong,A masterfully crafted EDP fragrance by Paris Corner. Perfect for Unisex seeking a Floral Leather scent with Strong longevity.
paris-corner-kaheela-lux,Kaheela Lux,Paris Corner,Parfum,TRUE,Title,Default Title,shopify,47,deny,manual,377,TRUE,TRUE,https://images.unsplash.com/photo-1590156546946-ce55a12a6a5d?q=80&w=800&auto=format&fit=crop,Paris Corner,Parfum,Amber Spicy,Aromatic,Strong,A masterfully crafted EDP fragrance by Paris Corner. Perfect for Female seeking a Amber Spicy scent with Strong longevity.
paris-corner-khair,Khair,Paris Corner,Parfum,TRUE,Title,Default Title,shopify,48,deny,manual,378,TRUE,TRUE,https://images.unsplash.com/photo-1595535373192-fc8938b27529?q=80&w=800&auto=format&fit=crop,Paris Corner,Parfum,Sweet Floral,Aromatic,Medium,A masterfully crafted EDP fragrance by Paris Corner. Perfect for Female seeking a Sweet Floral scent with Medium longevity.
paris-corner-khair-confection,Khair Confection,Paris Corner,Parfum,TRUE,Title,Default Title,shopify,49,deny,manual,379,TRUE,TRUE,https://images.unsplash.com/photo-1615529182904-14819c35db37?q=80&w=800&auto=format&fit=crop,Paris Corner,Parfum,Sweet Gourmand,Aromatic,Medium,A masterfully crafted EDP fragrance by Paris Corner. Perfect for Female seeking a Sweet Gourmand scent with Medium longevity.
paris-corner-khair-felicity,Khair Felicity,Paris Corner,Parfum,TRUE,Title,Default Title,shopify,50,deny,manual,380,TRUE,TRUE,https://images.unsplash.com/photo-1582211594533-268f4f1edcb9?q=80&w=800&auto=format&fit=crop,Paris Corner,Parfum,Floral Sweet,Aromatic,Medium,A masterfully crafted EDP fragrance by Paris Corner. Perfect for Female seeking a Floral Sweet scent with Medium longevity.
paris-corner-khair-fusion,Khair Fusion,Paris Corner,Parfum,TRUE,Title,Default Title,shopify,51,deny,manual,381,TRUE,TRUE,https://images.unsplash.com/photo-1594913785124-71239c4f5260?q=80&w=800&auto=format&fit=crop,Paris Corner,Parfum,Floral Fruity,Aromatic,Medium,A masterfully crafted EDP fragrance by Paris Corner. Perfect for Female seeking a Floral Fruity scent with Medium longevity.
paris-corner-khair-pistachio,Khair Pistachio,Paris Corner,Parfum,TRUE,Title,Default Title,shopify,52,deny,manual,382,TRUE,TRUE,https://images.unsplash.com/photo-1518331566-07612711ff60?q=80&w=800&auto=format&fit=crop,Paris Corner,Parfum,Gourmand Nutty,Aromatic,Medium,A masterfully crafted EDP fragrance by Paris Corner. Perfect for Unisex seeking a Gourmand Nutty scent with Medium longevity.
paris-corner-killer-oud-death-by-oud,Killer Oud - Death By Oud,Paris Corner,Parfum,TRUE,Title,Default Title,shopify,53,deny,manual,383,TRUE,TRUE,https://images.unsplash.com/photo-1608528577891-eb055944f2e7?q=80&w=800&auto=format&fit=crop,Paris Corner,Parfum,Oud Smoky,Aromatic,Strong,A masterfully crafted EDP fragrance by Paris Corner. Perfect for Unisex seeking a Oud Smoky scent with Strong longevity.
paris-corner-killer-oud-midnight-ecstasy,Killer Oud - Midnight Ecstasy,Paris Corner,Parfum,TRUE,Title,Default Title,shopify,54,deny,manual,384,TRUE,TRUE,https://images.unsplash.com/photo-1596462502278-27bfdc403348?q=80&w=800&auto=format&fit=crop,Paris Corner,Parfum,Amber Oud,Aromatic,Strong,A masterfully crafted EDP fragrance by Paris Corner. Perfect for Unisex seeking a Amber Oud scent with Strong longevity.
paris-corner-marshmallow-blush,Marshmallow Blush,Paris Corner,Parfum,TRUE,Title,Default Title,shopify,55,deny,manual,385,TRUE,TRUE,https://images.unsplash.com/photo-1595535373192-fc8938b27529?q=80&w=800&auto=format&fit=crop,Paris Corner,Parfum,Sweet Gourmand,Aromatic,Medium,A masterfully crafted EDP fragrance by Paris Corner. Perfect for Female seeking a Sweet Gourmand scent with Medium longevity.
paris-corner-mawj-moscow-mule,Mawj Moscow Mule,Paris Corner,Parfum,TRUE,Title,Default Title,shopify,56,deny,manual,386,TRUE,TRUE,https://images.unsplash.com/photo-1622618991746-fe6004db3a47?q=80&w=800&auto=format&fit=crop,Paris Corner,Parfum,Citrus Fresh,Aromatic,Medium,A masterfully crafted EDP fragrance by Paris Corner. Perfect for Unisex seeking a Citrus Fresh scent with Medium longevity.
paris-corner-ministry-of-gourmand-banana-bliss,Ministry Of Gourmand - Banana Bliss,Paris Corner,Parfum,TRUE,Title,Default Title,shopify,57,deny,manual,387,TRUE,TRUE,https://images.unsplash.com/photo-1608528577891-eb055944f2e7?q=80&w=800&auto=format&fit=crop,Paris Corner,Parfum,Fruity Gourmand,Aromatic,Medium,A masterfully crafted EDP fragrance by Paris Corner. Perfect for Unisex seeking a Fruity Gourmand scent with Medium longevity.
paris-corner-ministry-of-gourmand-tiramisu-specoloo,Ministry Of Gourmand - Tiramisu Specoloo,Paris Corner,Parfum,TRUE,Title,Default Title,shopify,58,deny,manual,388,TRUE,TRUE,https://images.unsplash.com/photo-1601007746401-44755f190e29?q=80&w=800&auto=format&fit=crop,Paris Corner,Parfum,Dessert Gourmand,Aromatic,Medium,A masterfully crafted EDP fragrance by Paris Corner. Perfect for Unisex seeking a Dessert Gourmand scent with Medium longevity.
paris-corner-ministry-series-amber-oud,Ministry Series - Amber Oud,Paris Corner,Parfum,TRUE,Title,Default Title,shopify,59,deny,manual,389,TRUE,TRUE,https://images.unsplash.com/photo-1601007746401-44755f190e29?q=80&w=800&auto=format&fit=crop,Paris Corner,Parfum,Amber Oud,Aromatic,Strong,A masterfully crafted EDP fragrance by Paris Corner. Perfect for Unisex seeking a Amber Oud scent with Strong longevity.
paris-corner-ministry-series-oud-royal,Ministry Series - Oud Royal,Paris Corner,Parfum,TRUE,Title,Default Title,shopify,60,deny,manual,390,TRUE,TRUE,https://images.unsplash.com/photo-1615529182904-14819c35db37?q=80&w=800&auto=format&fit=crop,Paris Corner,Parfum,Oud Spicy,Aromatic,Strong,A masterfully crafted EDP fragrance by Paris Corner. Perfect for Unisex seeking a Oud Spicy scent with Strong longevity.
paris-corner-ministry-series-oud-satin,Ministry Series - Oud Satin,Paris Corner,Parfum,TRUE,Title,Default Title,shopify,61,deny,manual,391,TRUE,TRUE,https://images.unsplash.com/photo-1594035910387-fea47794261f?q=80&w=800&auto=format&fit=crop,Paris Corner,Parfum,Oud Sweet,Aromatic,Strong,A masterfully crafted EDP fragrance by Paris Corner. Perfect for Unisex seeking a Oud Sweet scent with Strong longevity.
paris-corner-ministry-series-oud-indonesian,Ministry Series - Oud Indonesian,Paris Corner,Parfum,TRUE,Title,Default Title,shopify,62,deny,manual,392,TRUE,TRUE,https://images.unsplash.com/photo-1592914610354-fd354d45fe82?q=80&w=800&auto=format&fit=crop,Paris Corner,Parfum,Oud Woody,Aromatic,Strong,A masterfully crafted EDP fragrance by Paris Corner. Perfect for Unisex seeking a Oud Woody scent with Strong longevity.
paris-corner-north-stag-neuf-ix-9,North Stag - Neuf IX (9),Paris Corner,Parfum,TRUE,Title,Default Title,shopify,63,deny,manual,393,TRUE,TRUE,https://images.unsplash.com/photo-1608528577891-eb055944f2e7?q=80&w=800&auto=format&fit=crop,Paris Corner,Parfum,Woody Spicy,Aromatic,Strong,A masterfully crafted EDP fragrance by Paris Corner. Perfect for Male seeking a Woody Spicy scent with Strong longevity.
paris-corner-north-stag-sept-vii-7,North Stag - Sept VII (7),Paris Corner,Parfum,TRUE,Title,Default Title,shopify,64,deny,manual,394,TRUE,TRUE,https://images.unsplash.com/photo-1615529182904-14819c35db37?q=80&w=800&auto=format&fit=crop,Paris Corner,Parfum,Woody Aromatic,Aromatic,Medium,A masterfully crafted EDP fragrance by Paris Corner. Perfect for Male seeking a Woody Aromatic scent with Medium longevity.
paris-corner-north-stag-huit-viii-8,North Stag - Huit VIII (8),Paris Corner,Parfum,TRUE,Title,Default Title,shopify,65,deny,manual,395,TRUE,TRUE,https://images.unsplash.com/photo-1601007746401-44755f190e29?q=80&w=800&auto=format&fit=crop,Paris Corner,Parfum,Woody Oriental,Aromatic,Strong,A masterfully crafted EDP fragrance by Paris Corner. Perfect for Male seeking a Woody Oriental scent with Strong longevity.
paris-corner-north-stag-phenomenal-quatorze-xiv-14,North Stag - Phenomenal Quatorze XIV (14),Paris Corner,Parfum,TRUE,Title,Default Title,shopify,66,deny,manual,396,TRUE,TRUE,https://images.unsplash.com/photo-1592914610354-fd354d45fe82?q=80&w=800&auto=format&fit=crop,Paris Corner,Parfum,Oriental Spicy,Aromatic,Strong,A masterfully crafted EDP fragrance by Paris Corner. Perfect for Male seeking a Oriental Spicy scent with Strong longevity.
paris-corner-north-stag-expressions-i-une1,North Stag Expressions - I (Une/1),Paris Corner,Parfum,TRUE,Title,Default Title,shopify,67,deny,manual,397,TRUE,TRUE,https://images.unsplash.com/photo-1588405748880-12d1d2a59f75?q=80&w=800&auto=format&fit=crop,Paris Corner,Parfum,Woody Fresh,Aromatic,Medium,A masterfully crafted EDP fragrance by Paris Corner. Perfect for Unisex seeking a Woody Fresh scent with Medium longevity.
paris-corner-north-stag-expressions-ii-deux2,North Stag Expressions - II (Deux/2),Paris Corner,Parfum,TRUE,Title,Default Title,shopify,68,deny,manual,398,TRUE,TRUE,https://images.unsplash.com/photo-1601007746401-44755f190e29?q=80&w=800&auto=format&fit=crop,Paris Corner,Parfum,Woody Oriental,Aromatic,Strong,A masterfully crafted EDP fragrance by Paris Corner. Perfect for Unisex seeking a Woody Oriental scent with Strong longevity.
paris-corner-north-stag-expressions-iii-trois3,North Stag Expressions - III (Trois/3),Paris Corner,Parfum,TRUE,Title,Default Title,shopify,69,deny,manual,399,TRUE,TRUE,https://images.unsplash.com/photo-1596462502278-27bfdc403348?q=80&w=800&auto=format&fit=crop,Paris Corner,Parfum,Oriental Spicy,Aromatic,Strong,A masterfully crafted EDP fragrance by Paris Corner. Perfect for Unisex seeking a Oriental Spicy scent with Strong longevity.
paris-corner-north-stag-expressions-iv-quatre4,North Stag Expressions - IV (Quatre/4),Paris Corner,Parfum,TRUE,Title,Default Title,shopify,20,deny,manual,400,TRUE,TRUE,https://images.unsplash.com/photo-1594913785124-71239c4f5260?q=80&w=800&auto=format&fit=crop,Paris Corner,Parfum,Amber Woody,Aromatic,Strong,A masterfully crafted EDP fragrance by Paris Corner. Perfect for Unisex seeking a Amber Woody scent with Strong longevity.
paris-corner-prive-zarah-barcode-signature,Prive Zarah - Barcode Signature,Paris Corner,Parfum,TRUE,Title,Default Title,shopify,21,deny,manual,401,TRUE,TRUE,https://images.unsplash.com/photo-1518331566-07612711ff60?q=80&w=800&auto=format&fit=crop,Paris Corner,Parfum,Woody Aromatic,Aromatic,Medium,A masterfully crafted EDP fragrance by Paris Corner. Perfect for Male seeking a Woody Aromatic scent with Medium longevity.
paris-corner-prive-zarah-blend-afgano,Prive Zarah - Blend Afgano,Paris Corner,Parfum,TRUE,Title,Default Title,shopify,22,deny,manual,402,TRUE,TRUE,https://images.unsplash.com/photo-1563170351-be82bc88ea6f?q=80&w=800&auto=format&fit=crop,Paris Corner,Parfum,Oud Oriental,Aromatic,Strong,A masterfully crafted EDP fragrance by Paris Corner. Perfect for Unisex seeking a Oud Oriental scent with Strong longevity.
paris-corner-prive-zarah-bois-dores,Prive Zarah - Bois Dores,Paris Corner,Parfum,TRUE,Title,Default Title,shopify,23,deny,manual,403,TRUE,TRUE,https://images.unsplash.com/photo-1594913785124-71239c4f5260?q=80&w=800&auto=format&fit=crop,Paris Corner,Parfum,Woody Amber,Aromatic,Strong,A masterfully crafted EDP fragrance by Paris Corner. Perfect for Unisex seeking a Woody Amber scent with Strong longevity.
paris-corner-prive-zarah-why,Prive Zarah - Why,Paris Corner,Parfum,TRUE,Title,Default Title,shopify,24,deny,manual,404,TRUE,TRUE,https://images.unsplash.com/photo-1615529182904-14819c35db37?q=80&w=800&auto=format&fit=crop,Paris Corner,Parfum,Fresh Spicy,Aromatic,Medium,A masterfully crafted EDP fragrance by Paris Corner. Perfect for Male seeking a Fresh Spicy scent with Medium longevity.
paris-corner-qissa-pink,Qissa (Pink),Paris Corner,Parfum,TRUE,Title,Default Title,shopify,25,deny,manual,405,TRUE,TRUE,https://images.unsplash.com/photo-1615529183492-c4e047ceb4d5?q=80&w=800&auto=format&fit=crop,Paris Corner,Parfum,Fruity Floral,Aromatic,Medium,A masterfully crafted EDP fragrance by Paris Corner. Perfect for Female seeking a Fruity Floral scent with Medium longevity.
paris-corner-qissa-delicious,Qissa Delicious,Paris Corner,Parfum,TRUE,Title,Default Title,shopify,26,deny,manual,406,TRUE,TRUE,https://images.unsplash.com/photo-1582211594533-268f4f1edcb9?q=80&w=800&auto=format&fit=crop,Paris Corner,Parfum,Sweet Fruity,Aromatic,Medium,A masterfully crafted EDP fragrance by Paris Corner. Perfect for Female seeking a Sweet Fruity scent with Medium longevity.
paris-corner-rifaqat,Rifaqat,Paris Corner,Parfum,TRUE,Title,Default Title,shopify,27,deny,manual,407,TRUE,TRUE,https://images.unsplash.com/photo-1615529182904-14819c35db37?q=80&w=800&auto=format&fit=crop,Paris Corner,Parfum,Amber Spicy,Aromatic,Strong,A masterfully crafted EDP fragrance by Paris Corner. Perfect for Unisex seeking a Amber Spicy scent with Strong longevity.
paris-corner-rifaqat-adorn,Rifaqat Adorn,Paris Corner,Parfum,TRUE,Title,Default Title,shopify,28,deny,manual,408,TRUE,TRUE,https://images.unsplash.com/photo-1615529182904-14819c35db37?q=80&w=800&auto=format&fit=crop,Paris Corner,Parfum,Floral Oriental,Aromatic,Medium,A masterfully crafted EDP fragrance by Paris Corner. Perfect for Female seeking a Floral Oriental scent with Medium longevity.
paris-corner-salty-breeze,Salty Breeze,Paris Corner,Parfum,TRUE,Title,Default Title,shopify,29,deny,manual,409,TRUE,TRUE,https://images.unsplash.com/photo-1596462502278-27bfdc403348?q=80&w=800&auto=format&fit=crop,Paris Corner,Parfum,Fresh Aquatic,Aromatic,Medium,A masterfully crafted EDP fragrance by Paris Corner. Perfect for Unisex seeking a Fresh Aquatic scent with Medium longevity.
paris-corner-soothing-zephyr,Soothing Zephyr,Paris Corner,Parfum,TRUE,Title,Default Title,shopify,30,deny,manual,410,TRUE,TRUE,https://images.unsplash.com/photo-1585386959984-a4155224a1ad?q=80&w=800&auto=format&fit=crop,Paris Corner,Parfum,Fresh Aromatic,Aromatic,Medium,A masterfully crafted EDP fragrance by Paris Corner. Perfect for Unisex seeking a Fresh Aromatic scent with Medium longevity.
paris-corner-taskeen-caramel,Taskeen Caramel,Paris Corner,Parfum,TRUE,Title,Default Title,shopify,31,deny,manual,411,TRUE,TRUE,https://images.unsplash.com/photo-1615529183492-c4e047ceb4d5?q=80&w=800&auto=format&fit=crop,Paris Corner,Parfum,Sweet Gourmand,Aromatic,Medium,A masterfully crafted EDP fragrance by Paris Corner. Perfect for Unisex seeking a Sweet Gourmand scent with Medium longevity.
paris-corner-taskeen-marina,Taskeen Marina,Paris Corner,Parfum,TRUE,Title,Default Title,shopify,32,deny,manual,412,TRUE,TRUE,https://images.unsplash.com/photo-1588405748880-12d1d2a59f75?q=80&w=800&auto=format&fit=crop,Paris Corner,Parfum,Fresh Aquatic,Aromatic,Medium,A masterfully crafted EDP fragrance by Paris Corner. Perfect for Unisex seeking a Fresh Aquatic scent with Medium longevity.
paris-corner-voux-blue-oud,Voux - Blue Oud,Paris Corner,Parfum,TRUE,Title,Default Title,shopify,33,deny,manual,413,TRUE,TRUE,https://images.unsplash.com/photo-1592945403244-b3fbafd7f539?q=80&w=800&auto=format&fit=crop,Paris Corner,Parfum,Oud Woody,Aromatic,Strong,A masterfully crafted EDP fragrance by Paris Corner. Perfect for Unisex seeking a Oud Woody scent with Strong longevity.
paris-corner-voux-elegante,Voux - Elegante,Paris Corner,Parfum,TRUE,Title,Default Title,shopify,34,deny,manual,414,TRUE,TRUE,https://images.unsplash.com/photo-1582211594533-268f4f1edcb9?q=80&w=800&auto=format&fit=crop,Paris Corner,Parfum,Floral Oriental,Aromatic,Medium,A masterfully crafted EDP fragrance by Paris Corner. Perfect for Female seeking a Floral Oriental scent with Medium longevity.
paris-corner-voux-voilette,Voux - Voilette,Paris Corner,Parfum,TRUE,Title,Default Title,shopify,35,deny,manual,415,TRUE,TRUE,https://images.unsplash.com/photo-1603569283847-aa295f0d016a?q=80&w=800&auto=format&fit=crop,Paris Corner,Parfum,Floral Powdery,Aromatic,Medium,A masterfully crafted EDP fragrance by Paris Corner. Perfect for Female seeking a Floral Powdery scent with Medium longevity.
paris-corner-voux-zeste,Voux - Zeste,Paris Corner,Parfum,TRUE,Title,Default Title,shopify,36,deny,manual,416,TRUE,TRUE,https://images.unsplash.com/photo-1616949755610-8c9bbc08f138?q=80&w=800&auto=format&fit=crop,Paris Corner,Parfum,Citrus Fresh,Aromatic,Medium,A masterfully crafted EDP fragrance by Paris Corner. Perfect for Unisex seeking a Citrus Fresh scent with Medium longevity.
paris-corner-voux-zingy,Voux - Zingy,Paris Corner,Parfum,TRUE,Title,Default Title,shopify,37,deny,manual,417,TRUE,TRUE,https://images.unsplash.com/photo-1596462502278-27bfdc403348?q=80&w=800&auto=format&fit=crop,Paris Corner,Parfum,Fruity Citrus,Aromatic,Medium,A masterfully crafted EDP fragrance by Paris Corner. Perfect for Unisex seeking a Fruity Citrus scent with Medium longevity.
afnan-9-am-dive,9 AM Dive,Afnan,Parfum,TRUE,Title,Default Title,shopify,38,deny,manual,418,TRUE,TRUE,https://images.unsplash.com/photo-1622618991746-fe6004db3a47?q=80&w=800&auto=format&fit=crop,Afnan,Parfum,Fresh Scent,Aromatic,Medium,A masterfully crafted EDP fragrance by Afnan. Perfect for Unisex seeking a Fresh Scent scent with Medium longevity.
afnan-9-am-pour-femme,9 AM Pour Femme,Afnan,Parfum,TRUE,Title,Default Title,shopify,39,deny,manual,419,TRUE,TRUE,https://images.unsplash.com/photo-1596462502278-27bfdc403348?q=80&w=800&auto=format&fit=crop,Afnan,Parfum,Fresh Scent,Aromatic,Medium,A masterfully crafted EDP fragrance by Afnan. Perfect for Female seeking a Fresh Scent scent with Medium longevity.
afnan-9-am-pour-homme,9 AM Pour Homme,Afnan,Parfum,TRUE,Title,Default Title,shopify,40,deny,manual,420,TRUE,TRUE,https://images.unsplash.com/photo-1595425970377-c9703c48657a?q=80&w=800&auto=format&fit=crop,Afnan,Parfum,Fresh Scent,Aromatic,Medium,A masterfully crafted EDP fragrance by Afnan. Perfect for Male seeking a Fresh Scent scent with Medium longevity.
afnan-9-pm,9 PM,Afnan,Parfum,TRUE,Title,Default Title,shopify,41,deny,manual,421,TRUE,TRUE,https://images.unsplash.com/photo-1595535373192-fc8938b27529?q=80&w=800&auto=format&fit=crop,Afnan,Parfum,Mass Pleaser,Aromatic,Medium,A masterfully crafted EDP fragrance by Afnan. Perfect for Unisex seeking a Mass Pleaser scent with Medium longevity.
afnan-9-pm-rebel,9 PM Rebel,Afnan,Parfum,TRUE,Title,Default Title,shopify,42,deny,manual,422,TRUE,TRUE,https://images.unsplash.com/photo-1615529183492-c4e047ceb4d5?q=80&w=800&auto=format&fit=crop,Afnan,Parfum,Woody Fruity,Aromatic,Strong,A masterfully crafted EDP fragrance by Afnan. Perfect for Male seeking a Woody Fruity scent with Strong longevity.
afnan-cherry-bouquet,Cherry Bouquet,Afnan,Parfum,TRUE,Title,Default Title,shopify,43,deny,manual,423,TRUE,TRUE,https://images.unsplash.com/photo-1518331566-07612711ff60?q=80&w=800&auto=format&fit=crop,Afnan,Parfum,Fruity Gourmand,Aromatic,Medium,A masterfully crafted EDP fragrance by Afnan. Perfect for Female seeking a Fruity Gourmand scent with Medium longevity.
afnan-abstract-portrait,Abstract Portrait,Afnan,Parfum,TRUE,Title,Default Title,shopify,44,deny,manual,424,TRUE,TRUE,https://images.unsplash.com/photo-1582211594533-268f4f1edcb9?q=80&w=800&auto=format&fit=crop,Afnan,Parfum,Oriental Fougere,Aromatic,Strong,A masterfully crafted EDP fragrance by Afnan. Perfect for Unisex seeking a Oriental Fougere scent with Strong longevity.
afnan-fatima-pink,Fatima Pink,Afnan,Extract,TRUE,Title,Default Title,shopify,45,deny,manual,425,TRUE,TRUE,https://images.unsplash.com/photo-1582211594533-268f4f1edcb9?q=80&w=800&auto=format&fit=crop,Afnan,Extract,Floral Fruity,Aromatic,Medium,A masterfully crafted EXTRAIT DE PARFUM fragrance by Afnan. Perfect for Female seeking a Floral Fruity scent with Medium longevity.
afnan-fatima-velvet-love,Fatima Velvet Love,Afnan,Parfum,TRUE,Title,Default Title,shopify,46,deny,manual,426,TRUE,TRUE,https://images.unsplash.com/photo-1619994403073-2cec844b8e63?q=80&w=800&auto=format&fit=crop,Afnan,Parfum,Floral Gourmand,Aromatic,Medium,A masterfully crafted EDP fragrance by Afnan. Perfect for Female seeking a Floral Gourmand scent with Medium longevity.
afnan-historic-olmeda,Historic Olmeda,Afnan,Parfum,TRUE,Title,Default Title,shopify,47,deny,manual,427,TRUE,TRUE,https://images.unsplash.com/photo-1601007746401-44755f190e29?q=80&w=800&auto=format&fit=crop,Afnan,Parfum,Aromatic Spicy,Aromatic,Medium,A masterfully crafted EDP fragrance by Afnan. Perfect for Unisex seeking a Aromatic Spicy scent with Medium longevity.
afnan-historic-sahara,Historic Sahara,Afnan,Parfum,TRUE,Title,Default Title,shopify,48,deny,manual,428,TRUE,TRUE,https://images.unsplash.com/photo-1594035910387-fea47794261f?q=80&w=800&auto=format&fit=crop,Afnan,Parfum,Oriental Vanilla,Aromatic,Strong,A masterfully crafted EDP fragrance by Afnan. Perfect for Unisex seeking a Oriental Vanilla scent with Strong longevity.
afnan-modest-deux,Modest Deux,Afnan,Parfum,TRUE,Title,Default Title,shopify,49,deny,manual,429,TRUE,TRUE,https://images.unsplash.com/photo-1592494911762-d2f1f5f3e911?q=80&w=800&auto=format&fit=crop,Afnan,Parfum,Fresh Scent,Aromatic,Medium,A masterfully crafted EDP fragrance by Afnan. Perfect for Female seeking a Fresh Scent scent with Medium longevity.
afnan-modest-une,Modest Une,Afnan,Parfum,TRUE,Title,Default Title,shopify,50,deny,manual,430,TRUE,TRUE,https://images.unsplash.com/photo-1603569283847-aa295f0d016a?q=80&w=800&auto=format&fit=crop,Afnan,Parfum,Fresh Scent,Aromatic,Medium,A masterfully crafted EDP fragrance by Afnan. Perfect for Female seeking a Fresh Scent scent with Medium longevity.
afnan-mystique-bouquet,Mystique Bouquet,Afnan,Parfum,TRUE,Title,Default Title,shopify,51,deny,manual,431,TRUE,TRUE,https://images.unsplash.com/photo-1622618991746-fe6004db3a47?q=80&w=800&auto=format&fit=crop,Afnan,Parfum,Fruity Floral,Aromatic,Medium,A masterfully crafted EDP fragrance by Afnan. Perfect for Female seeking a Fruity Floral scent with Medium longevity.
afnan-penthouse-ginza,Penthouse Ginza,Afnan,Parfum,TRUE,Title,Default Title,shopify,52,deny,manual,432,TRUE,TRUE,https://images.unsplash.com/photo-1582211594533-268f4f1edcb9?q=80&w=800&auto=format&fit=crop,Afnan,Parfum,Woody Spicy,Aromatic,Medium,A masterfully crafted EDP fragrance by Afnan. Perfect for Male seeking a Woody Spicy scent with Medium longevity.
afnan-pride-intense,Pride Intense,Afnan,Parfum,TRUE,Title,Default Title,shopify,53,deny,manual,433,TRUE,TRUE,https://images.unsplash.com/photo-1595425970377-c9703c48657a?q=80&w=800&auto=format&fit=crop,Afnan,Parfum,Woody Spicy,Aromatic,Medium,A masterfully crafted EDP fragrance by Afnan. Perfect for Male seeking a Woody Spicy scent with Medium longevity.
afnan-rare-carbon,Rare Carbon,Afnan,Parfum,TRUE,Title,Default Title,shopify,54,deny,manual,434,TRUE,TRUE,https://images.unsplash.com/photo-1585386959984-a4155224a1ad?q=80&w=800&auto=format&fit=crop,Afnan,Parfum,Woody Spicy,Aromatic,Medium,A masterfully crafted EDP fragrance by Afnan. Perfect for Male seeking a Woody Spicy scent with Medium longevity.
afnan-rare-reef,Rare Reef,Afnan,Parfum,TRUE,Title,Default Title,shopify,55,deny,manual,435,TRUE,TRUE,https://images.unsplash.com/photo-1598516086708-41c305c08d17?q=80&w=800&auto=format&fit=crop,Afnan,Parfum,Woody Spicy,Aromatic,Medium,A masterfully crafted EDP fragrance by Afnan. Perfect for Male seeking a Woody Spicy scent with Medium longevity.
afnan-rare-tiffany,Rare Tiffany,Afnan,Parfum,TRUE,Title,Default Title,shopify,56,deny,manual,436,TRUE,TRUE,https://images.unsplash.com/photo-1592945403244-b3fbafd7f539?q=80&w=800&auto=format&fit=crop,Afnan,Parfum,Woody Spicy,Aromatic,Medium,A masterfully crafted EDP fragrance by Afnan. Perfect for Male seeking a Woody Spicy scent with Medium longevity.
afnan-supremacy-collectors-edition,Supremacy Collector'S Edition,Afnan,Parfum,TRUE,Title,Default Title,shopify,57,deny,manual,437,TRUE,TRUE,https://images.unsplash.com/photo-1615529182904-14819c35db37?q=80&w=800&auto=format&fit=crop,Afnan,Parfum,Woody Spicy,Aromatic,Strong,A masterfully crafted EDP fragrance by Afnan. Perfect for Male seeking a Woody Spicy scent with Strong longevity.
afnan-supremacy-silver,Supremacy Silver,Afnan,Parfum,TRUE,Title,Default Title,shopify,58,deny,manual,438,TRUE,TRUE,https://images.unsplash.com/photo-1582211594533-268f4f1edcb9?q=80&w=800&auto=format&fit=crop,Afnan,Parfum,Woody Spicy,Aromatic,Medium,A masterfully crafted EDP fragrance by Afnan. Perfect for Male seeking a Woody Spicy scent with Medium longevity.
afnan-supremacy-in-heaven,Supremacy In Heaven,Afnan,Parfum,TRUE,Title,Default Title,shopify,59,deny,manual,439,TRUE,TRUE,https://images.unsplash.com/photo-1598516086708-41c305c08d17?q=80&w=800&auto=format&fit=crop,Afnan,Parfum,Woody Spicy,Aromatic,Medium,A masterfully crafted EDP fragrance by Afnan. Perfect for Male seeking a Woody Spicy scent with Medium longevity.
afnan-supremacy-in-oud,Supremacy In Oud,Afnan,Parfum,TRUE,Title,Default Title,shopify,60,deny,manual,440,TRUE,TRUE,https://images.unsplash.com/photo-1594035910387-fea47794261f?q=80&w=800&auto=format&fit=crop,Afnan,Parfum,Woody Spicy,Aromatic,Strong,A masterfully crafted EDP fragrance by Afnan. Perfect for Male seeking a Woody Spicy scent with Strong longevity.
afnan-supremacy-not-only-intense,Supremacy Not Only Intense,Afnan,Parfum,TRUE,Title,Default Title,shopify,61,deny,manual,441,TRUE,TRUE,https://images.unsplash.com/photo-1585386959984-a4155224a1ad?q=80&w=800&auto=format&fit=crop,Afnan,Parfum,Woody Spicy,Aromatic,Strong,A masterfully crafted EDP fragrance by Afnan. Perfect for Male seeking a Woody Spicy scent with Strong longevity.
afnan-theoreme,Theoreme,Afnan,Parfum,TRUE,Title,Default Title,shopify,62,deny,manual,442,TRUE,TRUE,https://images.unsplash.com/photo-1601244840899-72c676afba7b?q=80&w=800&auto=format&fit=crop,Afnan,Parfum,Woody Spicy,Aromatic,Medium,A masterfully crafted EDP fragrance by Afnan. Perfect for Unisex seeking a Woody Spicy scent with Medium longevity.
afnan-theoreme-matrix,Theoreme Matrix,Afnan,Parfum,TRUE,Title,Default Title,shopify,63,deny,manual,443,TRUE,TRUE,https://images.unsplash.com/photo-1603569283847-aa295f0d016a?q=80&w=800&auto=format&fit=crop,Afnan,Parfum,Woody Spicy,Aromatic,Medium,A masterfully crafted EDP fragrance by Afnan. Perfect for Unisex seeking a Woody Spicy scent with Medium longevity.
afnan-theoreme-pour-femme,Theoreme Pour Femme,Afnan,Parfum,TRUE,Title,Default Title,shopify,64,deny,manual,444,TRUE,TRUE,https://images.unsplash.com/photo-1590156546946-ce55a12a6a5d?q=80&w=800&auto=format&fit=crop,Afnan,Parfum,Woody Spicy,Aromatic,Medium,A masterfully crafted EDP fragrance by Afnan. Perfect for Female seeking a Woody Spicy scent with Medium longevity.
afnan-turathi-blue,Turathi Blue,Afnan,Parfum,TRUE,Title,Default Title,shopify,65,deny,manual,445,TRUE,TRUE,https://images.unsplash.com/photo-1592914610354-fd354d45fe82?q=80&w=800&auto=format&fit=crop,Afnan,Parfum,Woody Spicy,Aromatic,Medium,A masterfully crafted EDP fragrance by Afnan. Perfect for Male seeking a Woody Spicy scent with Medium longevity.
afnan-turathi-brown,Turathi Brown,Afnan,Parfum,TRUE,Title,Default Title,shopify,66,deny,manual,446,TRUE,TRUE,https://images.unsplash.com/photo-1563170351-be82bc88ea6f?q=80&w=800&auto=format&fit=crop,Afnan,Parfum,Woody Spicy,Aromatic,Medium,A masterfully crafted EDP fragrance by Afnan. Perfect for Male seeking a Woody Spicy scent with Medium longevity.
afnan-turathi-electric,Turathi Electric,Afnan,Parfum,TRUE,Title,Default Title,shopify,67,deny,manual,447,TRUE,TRUE,https://images.unsplash.com/photo-1595425970377-c9703c48657a?q=80&w=800&auto=format&fit=crop,Afnan,Parfum,Woody Spicy,Aromatic,Medium,A masterfully crafted EDP fragrance by Afnan. Perfect for Male seeking a Woody Spicy scent with Medium longevity.
xerjoff-accento,Accento,Xerjoff,Parfum,TRUE,Title,Default Title,shopify,68,deny,manual,448,TRUE,TRUE,https://images.unsplash.com/photo-1608528577891-eb055944f2e7?q=80&w=800&auto=format&fit=crop,Xerjoff,Parfum,Chypre Floral Fruity,Aromatic,Strong,A masterfully crafted EDP fragrance by Xerjoff. Perfect for Unisex seeking a Chypre Floral Fruity scent with Strong longevity.
xerjoff-mefisto-gentiluomo,Mefisto Gentiluomo,Xerjoff,Parfum,TRUE,Title,Default Title,shopify,69,deny,manual,449,TRUE,TRUE,https://images.unsplash.com/photo-1582211594533-268f4f1edcb9?q=80&w=800&auto=format&fit=crop,Xerjoff,Parfum,Woody Aromatic,Aromatic,Medium,A masterfully crafted EDP fragrance by Xerjoff. Perfect for Unisex seeking a Woody Aromatic scent with Medium longevity.
xerjoff-erba-pura,Erba Pura,Xerjoff,Parfum,TRUE,Title,Default Title,shopify,20,deny,manual,150,TRUE,TRUE,https://images.unsplash.com/photo-1592945403244-b3fbafd7f539?q=80&w=800&auto=format&fit=crop,Xerjoff,Parfum,Fruity Musk,Aromatic,Strong,A masterfully crafted EDP fragrance by Xerjoff. Perfect for Unisex seeking a Fruity Musk scent with Strong longevity.
xerjoff-more-than-words,More Than Words,Xerjoff,Parfum,TRUE,Title,Default Title,shopify,21,deny,manual,151,TRUE,TRUE,https://images.unsplash.com/photo-1608528577891-eb055944f2e7?q=80&w=800&auto=format&fit=crop,Xerjoff,Parfum,Floral Oriental,Aromatic,Medium,A masterfully crafted EDP fragrance by Xerjoff. Perfect for Female seeking a Floral Oriental scent with Medium longevity.
xerjoff-naxos,Naxos,Xerjoff,Parfum,TRUE,Title,Default Title,shopify,22,deny,manual,152,TRUE,TRUE,https://images.unsplash.com/photo-1599305090598-fe179d501227?q=80&w=800&auto=format&fit=crop,Xerjoff,Parfum,Oriental Fougere Gourmand,Aromatic,Strong,A masterfully crafted EDP fragrance by Xerjoff. Perfect for Unisex seeking a Oriental Fougere Gourmand scent with Strong longevity.
xerjoff-starlight,Starlight,Xerjoff,Parfum,TRUE,Title,Default Title,shopify,23,deny,manual,153,TRUE,TRUE,https://images.unsplash.com/photo-1594035910387-fea47794261f?q=80&w=800&auto=format&fit=crop,Xerjoff,Parfum,Gourmand Spicy,Aromatic,Medium,A masterfully crafted EDP fragrance by Xerjoff. Perfect for Unisex seeking a Gourmand Spicy scent with Medium longevity.
xerjoff-wardasina,Wardasina,Xerjoff,Parfum,TRUE,Title,Default Title,shopify,24,deny,manual,154,TRUE,TRUE,https://images.unsplash.com/photo-1594913785124-71239c4f5260?q=80&w=800&auto=format&fit=crop,Xerjoff,Parfum,Woody Floral,Aromatic,Medium,A masterfully crafted EDP fragrance by Xerjoff. Perfect for Unisex seeking a Woody Floral scent with Medium longevity.
xerjoff-zaffiro,Zaffiro,Xerjoff,Parfum,TRUE,Title,Default Title,shopify,25,deny,manual,155,TRUE,TRUE,https://images.unsplash.com/photo-1599305090598-fe179d501227?q=80&w=800&auto=format&fit=crop,Xerjoff,Parfum,Citrus Floral,Aromatic,Medium,A masterfully crafted EDP fragrance by Xerjoff. Perfect for Unisex seeking a Citrus Floral scent with Medium longevity.
xerjoff-uden,Uden,Xerjoff,Parfum,TRUE,Title,Default Title,shopify,26,deny,manual,156,TRUE,TRUE,https://images.unsplash.com/photo-1592914610354-fd354d45fe82?q=80&w=800&auto=format&fit=crop,Xerjoff,Parfum,Woody Oriental,Aromatic,Strong,A masterfully crafted EDP fragrance by Xerjoff. Perfect for Unisex seeking a Woody Oriental scent with Strong longevity.
xerjoff-richwood,Richwood,Xerjoff,Parfum,TRUE,Title,Default Title,shopify,27,deny,manual,157,TRUE,TRUE,https://images.unsplash.com/photo-1595425970377-c9703c48657a?q=80&w=800&auto=format&fit=crop,Xerjoff,Parfum,Woody Spicy,Aromatic,Strong,A masterfully crafted EDP fragrance by Xerjoff. Perfect for Unisex seeking a Woody Spicy scent with Strong longevity.
xerjoff-1861-naxos,1861 Naxos,Xerjoff,Parfum,TRUE,Title,Default Title,shopify,28,deny,manual,158,TRUE,TRUE,https://images.unsplash.com/photo-1601007746401-44755f190e29?q=80&w=800&auto=format&fit=crop,Xerjoff,Parfum,Oriental Spicy,Aromatic,Strong,A masterfully crafted EDP fragrance by Xerjoff. Perfect for Unisex seeking a Oriental Spicy scent with Strong longevity.
xerjoff-alexandria-ii,Alexandria II,Xerjoff,Parfum,TRUE,Title,Default Title,shopify,29,deny,manual,159,TRUE,TRUE,https://images.unsplash.com/photo-1616949755610-8c9bbc08f138?q=80&w=800&auto=format&fit=crop,Xerjoff,Parfum,Amber Oriental,Aromatic,Strong,A masterfully crafted EDP fragrance by Xerjoff. Perfect for Unisex seeking a Amber Oriental scent with Strong longevity.
xerjoff-lira,Lira,Xerjoff,Parfum,TRUE,Title,Default Title,shopify,30,deny,manual,160,TRUE,TRUE,https://images.unsplash.com/photo-1595535373192-fc8938b27529?q=80&w=800&auto=format&fit=crop,Xerjoff,Parfum,Floral Fruity,Aromatic,Medium,A masterfully crafted EDP fragrance by Xerjoff. Perfect for Female seeking a Floral Fruity scent with Medium longevity.
xerjoff-join-the-club,Join The Club,Xerjoff,Parfum,TRUE,Title,Default Title,shopify,31,deny,manual,161,TRUE,TRUE,https://images.unsplash.com/photo-1601007746401-44755f190e29?q=80&w=800&auto=format&fit=crop,Xerjoff,Parfum,Citrus Woody,Aromatic,Medium,A masterfully crafted EDP fragrance by Xerjoff. Perfect for Unisex seeking a Citrus Woody scent with Medium longevity.
xerjoff-gloria,Gloria,Xerjoff,Parfum,TRUE,Title,Default Title,shopify,32,deny,manual,162,TRUE,TRUE,https://images.unsplash.com/photo-1582211594533-268f4f1edcb9?q=80&w=800&auto=format&fit=crop,Xerjoff,Parfum,Floral Fruity,Aromatic,Medium,A masterfully crafted EDP fragrance by Xerjoff. Perfect for Female seeking a Floral Fruity scent with Medium longevity.
xerjoff-vol-de-nuit,Vol De Nuit,Xerjoff,Parfum,TRUE,Title,Default Title,shopify,33,deny,manual,163,TRUE,TRUE,https://images.unsplash.com/photo-1595425970377-c9703c48657a?q=80&w=800&auto=format&fit=crop,Xerjoff,Parfum,Oriental Spicy,Aromatic,Strong,A masterfully crafted EDP fragrance by Xerjoff. Perfect for Unisex seeking a Oriental Spicy scent with Strong longevity.
xerjoff-nio,Nio,Xerjoff,Parfum,TRUE,Title,Default Title,shopify,34,deny,manual,164,TRUE,TRUE,https://images.unsplash.com/photo-1622618991746-fe6004db3a47?q=80&w=800&auto=format&fit=crop,Xerjoff,Parfum,Fruity Citrus,Aromatic,Medium,A masterfully crafted EDP fragrance by Xerjoff. Perfect for Unisex seeking a Fruity Citrus scent with Medium longevity.
xerjoff-romeo,Romeo,Xerjoff,Parfum,TRUE,Title,Default Title,shopify,35,deny,manual,165,TRUE,TRUE,https://images.unsplash.com/photo-1592494911762-d2f1f5f3e911?q=80&w=800&auto=format&fit=crop,Xerjoff,Parfum,Woody Spicy,Aromatic,Strong,A masterfully crafted EDP fragrance by Xerjoff. Perfect for Male seeking a Woody Spicy scent with Strong longevity.
paco-rabanne-phantom,Phantom,Paco Rabanne,Extract,TRUE,Title,Default Title,shopify,36,deny,manual,166,TRUE,TRUE,https://images.unsplash.com/photo-1616949755610-8c9bbc08f138?q=80&w=800&auto=format&fit=crop,Paco Rabanne,Extract,Woody Aromatic,Aromatic,Strong,A masterfully crafted PARFUM fragrance by Paco Rabanne. Perfect for Unisex seeking a Woody Aromatic scent with Strong longevity.
paco-rabanne-fame,Fame,Paco Rabanne,Extract,TRUE,Title,Default Title,shopify,37,deny,manual,167,TRUE,TRUE,https://images.unsplash.com/photo-1596462502278-27bfdc403348?q=80&w=800&auto=format&fit=crop,Paco Rabanne,Extract,Floriental,Aromatic,Strong,A masterfully crafted PARFUM fragrance by Paco Rabanne. Perfect for Female seeking a Floriental scent with Strong longevity.
paco-rabanne-invictus-victory-elixir,Invictus Victory Elixir,Paco Rabanne,Extract,TRUE,Title,Default Title,shopify,38,deny,manual,168,TRUE,TRUE,https://images.unsplash.com/photo-1622618991746-fe6004db3a47?q=80&w=800&auto=format&fit=crop,Paco Rabanne,Extract,Amber Spicy,Aromatic,Strong,A masterfully crafted PARFUM fragrance by Paco Rabanne. Perfect for Male seeking a Amber Spicy scent with Strong longevity.
paco-rabanne-invictus-legend,Invictus Legend,Paco Rabanne,Extract,TRUE,Title,Default Title,shopify,39,deny,manual,169,TRUE,TRUE,https://images.unsplash.com/photo-1603569283847-aa295f0d016a?q=80&w=800&auto=format&fit=crop,Paco Rabanne,Extract,Woody Spicy,Aromatic,Strong,A masterfully crafted PARFUM fragrance by Paco Rabanne. Perfect for Male seeking a Woody Spicy scent with Strong longevity.
paco-rabanne-invictus-platinum,Invictus Platinum,Paco Rabanne,Extract,TRUE,Title,Default Title,shopify,40,deny,manual,170,TRUE,TRUE,https://images.unsplash.com/photo-1590156546946-ce55a12a6a5d?q=80&w=800&auto=format&fit=crop,Paco Rabanne,Extract,Aromatic Fougere,Aromatic,Strong,A masterfully crafted PARFUM fragrance by Paco Rabanne. Perfect for Male seeking a Aromatic Fougere scent with Strong longevity.
paco-rabanne-lady-million,Lady Million,Paco Rabanne,Extract,TRUE,Title,Default Title,shopify,41,deny,manual,171,TRUE,TRUE,https://images.unsplash.com/photo-1588405748880-12d1d2a59f75?q=80&w=800&auto=format&fit=crop,Paco Rabanne,Extract,Floriental,Aromatic,Medium,A masterfully crafted PARFUM fragrance by Paco Rabanne. Perfect for Female seeking a Floriental scent with Medium longevity.
paco-rabanne-1-million-eau-de-toilette,1 Million Eau De Toilette,Paco Rabanne,Cologne,TRUE,Title,Default Title,shopify,42,deny,manual,172,TRUE,TRUE,https://images.unsplash.com/photo-1615529182904-14819c35db37?q=80&w=800&auto=format&fit=crop,Paco Rabanne,Cologne,Woody Spicy,Aromatic,Medium,A masterfully crafted EDT fragrance by Paco Rabanne. Perfect for Male seeking a Woody Spicy scent with Medium longevity.
paco-rabanne-1-million-fabulous,1 Million Fabulous,Paco Rabanne,Extract,TRUE,Title,Default Title,shopify,43,deny,manual,173,TRUE,TRUE,https://images.unsplash.com/photo-1615529183492-c4e047ceb4d5?q=80&w=800&auto=format&fit=crop,Paco Rabanne,Extract,Amber Spicy,Aromatic,Medium,A masterfully crafted PARFUM fragrance by Paco Rabanne. Perfect for Male seeking a Amber Spicy scent with Medium longevity.
paco-rabanne-1-million-lucky,1 Million Lucky,Paco Rabanne,Extract,TRUE,Title,Default Title,shopify,44,deny,manual,174,TRUE,TRUE,https://images.unsplash.com/photo-1592914610354-fd354d45fe82?q=80&w=800&auto=format&fit=crop,Paco Rabanne,Extract,Woody Fruity,Aromatic,Strong,A masterfully crafted PARFUM fragrance by Paco Rabanne. Perfect for Male seeking a Woody Fruity scent with Strong longevity.
paco-rabanne-1-million-prive,1 Million Prive,Paco Rabanne,Extract,TRUE,Title,Default Title,shopify,45,deny,manual,175,TRUE,TRUE,https://images.unsplash.com/photo-1601007746401-44755f190e29?q=80&w=800&auto=format&fit=crop,Paco Rabanne,Extract,Amber Spicy,Aromatic,Strong,A masterfully crafted PARFUM fragrance by Paco Rabanne. Perfect for Male seeking a Amber Spicy scent with Strong longevity.
paco-rabanne-1-million-royal,1 Million Royal,Paco Rabanne,Extract,TRUE,Title,Default Title,shopify,46,deny,manual,176,TRUE,TRUE,https://images.unsplash.com/photo-1622618991746-fe6004db3a47?q=80&w=800&auto=format&fit=crop,Paco Rabanne,Extract,Amber Woody,Aromatic,Medium,A masterfully crafted PARFUM fragrance by Paco Rabanne. Perfect for Male seeking a Amber Woody scent with Medium longevity.
paco-rabanne-phantom-legion,Phantom Legion,Paco Rabanne,Extract,TRUE,Title,Default Title,shopify,47,deny,manual,177,TRUE,TRUE,https://images.unsplash.com/photo-1599305090598-fe179d501227?q=80&w=800&auto=format&fit=crop,Paco Rabanne,Extract,Woody Aromatic,Aromatic,Strong,A masterfully crafted PARFUM fragrance by Paco Rabanne. Perfect for Unisex seeking a Woody Aromatic scent with Strong longevity.
paco-rabanne-phantom-pour-homme,Phantom Pour Homme,Paco Rabanne,Extract,TRUE,Title,Default Title,shopify,48,deny,manual,178,TRUE,TRUE,https://images.unsplash.com/photo-1608528577891-eb055944f2e7?q=80&w=800&auto=format&fit=crop,Paco Rabanne,Extract,Woody Aromatic,Aromatic,Strong,A masterfully crafted PARFUM fragrance by Paco Rabanne. Perfect for Unisex seeking a Woody Aromatic scent with Strong longevity.
paco-rabanne-pure-xs,Pure XS,Paco Rabanne,Extract,TRUE,Title,Default Title,shopify,49,deny,manual,179,TRUE,TRUE,https://images.unsplash.com/photo-1599305090598-fe179d501227?q=80&w=800&auto=format&fit=crop,Paco Rabanne,Extract,Amber Spicy,Aromatic,Strong,A masterfully crafted PARFUM fragrance by Paco Rabanne. Perfect for Male seeking a Amber Spicy scent with Strong longevity.
paco-rabanne-pure-xs-for-her,Pure XS For Her,Paco Rabanne,Extract,TRUE,Title,Default Title,shopify,50,deny,manual,180,TRUE,TRUE,https://images.unsplash.com/photo-1592494911762-d2f1f5f3e911?q=80&w=800&auto=format&fit=crop,Paco Rabanne,Extract,Floriental,Aromatic,Strong,A masterfully crafted PARFUM fragrance by Paco Rabanne. Perfect for Female seeking a Floriental scent with Strong longevity.
jean-paul-gaultier-le-male,Le Male,Jean Paul Gaultier,Cologne,TRUE,Title,Default Title,shopify,51,deny,manual,181,TRUE,TRUE,https://images.unsplash.com/photo-1595425970377-c9703c48657a?q=80&w=800&auto=format&fit=crop,Jean Paul Gaultier,Cologne,Amber Spicy,Aromatic,Medium,A masterfully crafted EDT fragrance by Jean Paul Gaultier. Perfect for Male seeking a Amber Spicy scent with Medium longevity.
jean-paul-gaultier-ultra-male,Ultra Male,Jean Paul Gaultier,Parfum,TRUE,Title,Default Title,shopify,52,deny,manual,182,TRUE,TRUE,https://images.unsplash.com/photo-1563170351-be82bc88ea6f?q=80&w=800&auto=format&fit=crop,Jean Paul Gaultier,Parfum,Amber Spicy,Aromatic,Strong,A masterfully crafted EDP fragrance by Jean Paul Gaultier. Perfect for Male seeking a Amber Spicy scent with Strong longevity.
jean-paul-gaultier-le-male-le-parfum,Le Male Le Parfum,Jean Paul Gaultier,Parfum,TRUE,Title,Default Title,shopify,53,deny,manual,183,TRUE,TRUE,https://images.unsplash.com/photo-1518331566-07612711ff60?q=80&w=800&auto=format&fit=crop,Jean Paul Gaultier,Parfum,Amber Woody,Aromatic,Strong,A masterfully crafted EDP fragrance by Jean Paul Gaultier. Perfect for Male seeking a Amber Woody scent with Strong longevity.
jean-paul-gaultier-le-beau,Le Beau,Jean Paul Gaultier,Cologne,TRUE,Title,Default Title,shopify,54,deny,manual,184,TRUE,TRUE,https://images.unsplash.com/photo-1601244840899-72c676afba7b?q=80&w=800&auto=format&fit=crop,Jean Paul Gaultier,Cologne,Woody Aromatic,Aromatic,Medium,A masterfully crafted EDT fragrance by Jean Paul Gaultier. Perfect for Male seeking a Woody Aromatic scent with Medium longevity.
jean-paul-gaultier-le-beau-le-parfum,Le Beau Le Parfum,Jean Paul Gaultier,Parfum,TRUE,Title,Default Title,shopify,55,deny,manual,185,TRUE,TRUE,https://images.unsplash.com/photo-1601007746401-44755f190e29?q=80&w=800&auto=format&fit=crop,Jean Paul Gaultier,Parfum,Woody Amber,Aromatic,Strong,A masterfully crafted EDP fragrance by Jean Paul Gaultier. Perfect for Male seeking a Woody Amber scent with Strong longevity.
jean-paul-gaultier-le-beau-paradise-garden,Le Beau Paradise Garden,Jean Paul Gaultier,Parfum,TRUE,Title,Default Title,shopify,56,deny,manual,186,TRUE,TRUE,https://images.unsplash.com/photo-1601244840899-72c676afba7b?q=80&w=800&auto=format&fit=crop,Jean Paul Gaultier,Parfum,Woody Watery,Aromatic,Medium,A masterfully crafted EDP fragrance by Jean Paul Gaultier. Perfect for Male seeking a Woody Watery scent with Medium longevity.
jean-paul-gaultier-le-male-in-the-navy,Le Male In The Navy,Jean Paul Gaultier,Cologne,TRUE,Title,Default Title,shopify,57,deny,manual,187,TRUE,TRUE,https://images.unsplash.com/photo-1622618991746-fe6004db3a47?q=80&w=800&auto=format&fit=crop,Jean Paul Gaultier,Cologne,Aromatic Fougere,Aromatic,Medium,A masterfully crafted EDT fragrance by Jean Paul Gaultier. Perfect for Male seeking a Aromatic Fougere scent with Medium longevity.
jean-paul-gaultier-le-male-le-parfum-pride-edition,Le Male Le Parfum Pride Edition,Jean Paul Gaultier,Parfum,TRUE,Title,Default Title,shopify,58,deny,manual,188,TRUE,TRUE,https://images.unsplash.com/photo-1594913785124-71239c4f5260?q=80&w=800&auto=format&fit=crop,Jean Paul Gaultier,Parfum,Amber Woody,Aromatic,Strong,A masterfully crafted EDP fragrance by Jean Paul Gaultier. Perfect for Male seeking a Amber Woody scent with Strong longevity.
jean-paul-gaultier-le-male-elixir,Le Male Elixir,Jean Paul Gaultier,Parfum,TRUE,Title,Default Title,shopify,59,deny,manual,189,TRUE,TRUE,https://images.unsplash.com/photo-1594913785124-71239c4f5260?q=80&w=800&auto=format&fit=crop,Jean Paul Gaultier,Parfum,Amber Fougere,Aromatic,Strong,A masterfully crafted EDP fragrance by Jean Paul Gaultier. Perfect for Male seeking a Amber Fougere scent with Strong longevity.
jean-paul-gaultier-le-male-aviator,Le Male Aviator,Jean Paul Gaultier,Cologne,TRUE,Title,Default Title,shopify,60,deny,manual,190,TRUE,TRUE,https://images.unsplash.com/photo-1582211594533-268f4f1edcb9?q=80&w=800&auto=format&fit=crop,Jean Paul Gaultier,Cologne,Aromatic Fougere,Aromatic,Medium,A masterfully crafted EDT fragrance by Jean Paul Gaultier. Perfect for Male seeking a Aromatic Fougere scent with Medium longevity.
jean-paul-gaultier-le-male-capitaine-collector,Le Male Capitaine Collector,Jean Paul Gaultier,Cologne,TRUE,Title,Default Title,shopify,61,deny,manual,191,TRUE,TRUE,https://images.unsplash.com/photo-1592494911762-d2f1f5f3e911?q=80&w=800&auto=format&fit=crop,Jean Paul Gaultier,Cologne,Aromatic Fougere,Aromatic,Medium,A masterfully crafted EDT fragrance by Jean Paul Gaultier. Perfect for Male seeking a Aromatic Fougere scent with Medium longevity.
jean-paul-gaultier-le-male-on-board,Le Male On Board,Jean Paul Gaultier,Cologne,TRUE,Title,Default Title,shopify,62,deny,manual,192,TRUE,TRUE,https://images.unsplash.com/photo-1592914610354-fd354d45fe82?q=80&w=800&auto=format&fit=crop,Jean Paul Gaultier,Cologne,Aromatic Fougere,Aromatic,Medium,A masterfully crafted EDT fragrance by Jean Paul Gaultier. Perfect for Male seeking a Aromatic Fougere scent with Medium longevity.
jean-paul-gaultier-le-male-pride-2023,Le Male Pride 2023,Jean Paul Gaultier,Parfum,TRUE,Title,Default Title,shopify,63,deny,manual,193,TRUE,TRUE,https://images.unsplash.com/photo-1588405748880-12d1d2a59f75?q=80&w=800&auto=format&fit=crop,Jean Paul Gaultier,Parfum,Amber Woody,Aromatic,Strong,A masterfully crafted EDP fragrance by Jean Paul Gaultier. Perfect for Male seeking a Amber Woody scent with Strong longevity.
jean-paul-gaultier-le-male-pride-2024,Le Male Pride 2024,Jean Paul Gaultier,Parfum,TRUE,Title,Default Title,shopify,64,deny,manual,194,TRUE,TRUE,https://images.unsplash.com/photo-1616949755610-8c9bbc08f138?q=80&w=800&auto=format&fit=crop,Jean Paul Gaultier,Parfum,Amber Woody,Aromatic,Strong,A masterfully crafted EDP fragrance by Jean Paul Gaultier. Perfect for Male seeking a Amber Woody scent with Strong longevity.
jean-paul-gaultier-classique,Classique,Jean Paul Gaultier,Parfum,TRUE,Title,Default Title,shopify,65,deny,manual,195,TRUE,TRUE,https://images.unsplash.com/photo-1595425970377-c9703c48657a?q=80&w=800&auto=format&fit=crop,Jean Paul Gaultier,Parfum,Oriental Floral,Aromatic,Strong,A masterfully crafted EDP fragrance by Jean Paul Gaultier. Perfect for Female seeking a Oriental Floral scent with Strong longevity.
jean-paul-gaultier-classique-intense,Classique Intense,Jean Paul Gaultier,Parfum,TRUE,Title,Default Title,shopify,66,deny,manual,196,TRUE,TRUE,https://images.unsplash.com/photo-1601007746401-44755f190e29?q=80&w=800&auto=format&fit=crop,Jean Paul Gaultier,Parfum,Oriental Floral,Aromatic,Strong,A masterfully crafted EDP fragrance by Jean Paul Gaultier. Perfect for Female seeking a Oriental Floral scent with Strong longevity.
jean-paul-gaultier-classique-essence-de-parfum,Classique Essence De Parfum,Jean Paul Gaultier,Extract,TRUE,Title,Default Title,shopify,67,deny,manual,197,TRUE,TRUE,https://images.unsplash.com/photo-1601244840899-72c676afba7b?q=80&w=800&auto=format&fit=crop,Jean Paul Gaultier,Extract,Oriental Floral,Aromatic,Strong,A masterfully crafted PARFUM fragrance by Jean Paul Gaultier. Perfect for Female seeking a Oriental Floral scent with Strong longevity.
jean-paul-gaultier-classique-x,Classique X,Jean Paul Gaultier,Parfum,TRUE,Title,Default Title,shopify,68,deny,manual,198,TRUE,TRUE,https://images.unsplash.com/photo-1599305090598-fe179d501227?q=80&w=800&auto=format&fit=crop,Jean Paul Gaultier,Parfum,Oriental Floral,Aromatic,Strong,A masterfully crafted EDP fragrance by Jean Paul Gaultier. Perfect for Female seeking a Oriental Floral scent with Strong longevity.
jean-paul-gaultier-classique-collector,Classique Collector,Jean Paul Gaultier,Parfum,TRUE,Title,Default Title,shopify,69,deny,manual,199,TRUE,TRUE,https://images.unsplash.com/photo-1592945403244-b3fbafd7f539?q=80&w=800&auto=format&fit=crop,Jean Paul Gaultier,Parfum,Oriental Floral,Aromatic,Strong,A masterfully crafted EDP fragrance by Jean Paul Gaultier. Perfect for Female seeking a Oriental Floral scent with Strong longevity.
jean-paul-gaultier-classique-eau-de-parfum,Classique Eau De Parfum,Jean Paul Gaultier,Parfum,TRUE,Title,Default Title,shopify,20,deny,manual,200,TRUE,TRUE,https://images.unsplash.com/photo-1608528577891-eb055944f2e7?q=80&w=800&auto=format&fit=crop,Jean Paul Gaultier,Parfum,Oriental Floral,Aromatic,Strong,A masterfully crafted EDP fragrance by Jean Paul Gaultier. Perfect for Female seeking a Oriental Floral scent with Strong longevity.
jean-paul-gaultier-classique-eau-de-toilette,Classique Eau De Toilette,Jean Paul Gaultier,Cologne,TRUE,Title,Default Title,shopify,21,deny,manual,201,TRUE,TRUE,https://images.unsplash.com/photo-1601007746401-44755f190e29?q=80&w=800&auto=format&fit=crop,Jean Paul Gaultier,Cologne,Oriental Floral,Aromatic,Medium,A masterfully crafted EDT fragrance by Jean Paul Gaultier. Perfect for Female seeking a Oriental Floral scent with Medium longevity.
jean-paul-gaultier-scandal,Scandal,Jean Paul Gaultier,Parfum,TRUE,Title,Default Title,shopify,22,deny,manual,202,TRUE,TRUE,https://images.unsplash.com/photo-1615529182904-14819c35db37?q=80&w=800&auto=format&fit=crop,Jean Paul Gaultier,Parfum,Floriental,Aromatic,Strong,A masterfully crafted EDP fragrance by Jean Paul Gaultier. Perfect for Female seeking a Floriental scent with Strong longevity.
jean-paul-gaultier-scandal-by-night,Scandal By Night,Jean Paul Gaultier,Parfum,TRUE,Title,Default Title,shopify,23,deny,manual,203,TRUE,TRUE,https://images.unsplash.com/photo-1615529182904-14819c35db37?q=80&w=800&auto=format&fit=crop,Jean Paul Gaultier,Parfum,Floriental,Aromatic,Strong,A masterfully crafted EDP fragrance by Jean Paul Gaultier. Perfect for Female seeking a Floriental scent with Strong longevity.
jean-paul-gaultier-scandal-a-paris,Scandal A Paris,Jean Paul Gaultier,Parfum,TRUE,Title,Default Title,shopify,24,deny,manual,204,TRUE,TRUE,https://images.unsplash.com/photo-1590156546946-ce55a12a6a5d?q=80&w=800&auto=format&fit=crop,Jean Paul Gaultier,Parfum,Floriental,Aromatic,Strong,A masterfully crafted EDP fragrance by Jean Paul Gaultier. Perfect for Female seeking a Floriental scent with Strong longevity.
jean-paul-gaultier-scandal-le-parfum,Scandal Le Parfum,Jean Paul Gaultier,Extract,TRUE,Title,Default Title,shopify,25,deny,manual,205,TRUE,TRUE,https://images.unsplash.com/photo-1619994403073-2cec844b8e63?q=80&w=800&auto=format&fit=crop,Jean Paul Gaultier,Extract,Floriental,Aromatic,Strong,A masterfully crafted PARFUM fragrance by Jean Paul Gaultier. Perfect for Female seeking a Floriental scent with Strong longevity.
jean-paul-gaultier-scandal-parfum-intense,Scandal Parfum Intense,Jean Paul Gaultier,Extract,TRUE,Title,Default Title,shopify,26,deny,manual,206,TRUE,TRUE,https://images.unsplash.com/photo-1608528577891-eb055944f2e7?q=80&w=800&auto=format&fit=crop,Jean Paul Gaultier,Extract,Floriental,Aromatic,Strong,A masterfully crafted PARFUM fragrance by Jean Paul Gaultier. Perfect for Female seeking a Floriental scent with Strong longevity.
jean-paul-gaultier-scandal-absolu,Scandal Absolu,Jean Paul Gaultier,Extract,TRUE,Title,Default Title,shopify,27,deny,manual,207,TRUE,TRUE,https://images.unsplash.com/photo-1596462502278-27bfdc403348?q=80&w=800&auto=format&fit=crop,Jean Paul Gaultier,Extract,Floriental,Aromatic,Strong,A masterfully crafted PARFUM fragrance by Jean Paul Gaultier. Perfect for Female seeking a Floriental scent with Strong longevity.
jean-paul-gaultier-scandal-eau-de-parfum,Scandal Eau De Parfum,Jean Paul Gaultier,Parfum,TRUE,Title,Default Title,shopify,28,deny,manual,208,TRUE,TRUE,https://images.unsplash.com/photo-1592914610354-fd354d45fe82?q=80&w=800&auto=format&fit=crop,Jean Paul Gaultier,Parfum,Floriental,Aromatic,Strong,A masterfully crafted EDP fragrance by Jean Paul Gaultier. Perfect for Female seeking a Floriental scent with Strong longevity.
jean-paul-gaultier-scandal-eau-de-toilette,Scandal Eau De Toilette,Jean Paul Gaultier,Cologne,TRUE,Title,Default Title,shopify,29,deny,manual,209,TRUE,TRUE,https://images.unsplash.com/photo-1601244840899-72c676afba7b?q=80&w=800&auto=format&fit=crop,Jean Paul Gaultier,Cologne,Floriental,Aromatic,Medium,A masterfully crafted EDT fragrance by Jean Paul Gaultier. Perfect for Female seeking a Floriental scent with Medium longevity.
jean-paul-gaultier-le-classique,Le Classique,Jean Paul Gaultier,Parfum,TRUE,Title,Default Title,shopify,30,deny,manual,210,TRUE,TRUE,https://images.unsplash.com/photo-1619994403073-2cec844b8e63?q=80&w=800&auto=format&fit=crop,Jean Paul Gaultier,Parfum,Oriental Floral,Aromatic,Strong,A masterfully crafted EDP fragrance by Jean Paul Gaultier. Perfect for Female seeking a Oriental Floral scent with Strong longevity.
jean-paul-gaultier-le-classique-essence-de-parfum,Le Classique Essence De Parfum,Jean Paul Gaultier,Extract,TRUE,Title,Default Title,shopify,31,deny,manual,211,TRUE,TRUE,https://images.unsplash.com/photo-1601244840899-72c676afba7b?q=80&w=800&auto=format&fit=crop,Jean Paul Gaultier,Extract,Oriental Floral,Aromatic,Strong,A masterfully crafted PARFUM fragrance by Jean Paul Gaultier. Perfect for Female seeking a Oriental Floral scent with Strong longevity.
jean-paul-gaultier-le-classique-eau-de-parfum,Le Classique Eau De Parfum,Jean Paul Gaultier,Parfum,TRUE,Title,Default Title,shopify,32,deny,manual,212,TRUE,TRUE,https://images.unsplash.com/photo-1585386959984-a4155224a1ad?q=80&w=800&auto=format&fit=crop,Jean Paul Gaultier,Parfum,Oriental Floral,Aromatic,Strong,A masterfully crafted EDP fragrance by Jean Paul Gaultier. Perfect for Female seeking a Oriental Floral scent with Strong longevity.
jean-paul-gaultier-le-classique-eau-de-toilette,Le Classique Eau De Toilette,Jean Paul Gaultier,Cologne,TRUE,Title,Default Title,shopify,33,deny,manual,213,TRUE,TRUE,https://images.unsplash.com/photo-1595535373192-fc8938b27529?q=80&w=800&auto=format&fit=crop,Jean Paul Gaultier,Cologne,Oriental Floral,Aromatic,Medium,A masterfully crafted EDT fragrance by Jean Paul Gaultier. Perfect for Female seeking a Oriental Floral scent with Medium longevity.
jean-paul-gaultier-le-classique-collector,Le Classique Collector,Jean Paul Gaultier,Parfum,TRUE,Title,Default Title,shopify,34,deny,manual,214,TRUE,TRUE,https://images.unsplash.com/photo-1592494911762-d2f1f5f3e911?q=80&w=800&auto=format&fit=crop,Jean Paul Gaultier,Parfum,Oriental Floral,Aromatic,Strong,A masterfully crafted EDP fragrance by Jean Paul Gaultier. Perfect for Female seeking a Oriental Floral scent with Strong longevity.
jean-paul-gaultier-le-classique-intense,Le Classique Intense,Jean Paul Gaultier,Parfum,TRUE,Title,Default Title,shopify,35,deny,manual,215,TRUE,TRUE,https://images.unsplash.com/photo-1601244840899-72c676afba7b?q=80&w=800&auto=format&fit=crop,Jean Paul Gaultier,Parfum,Oriental Floral,Aromatic,Strong,A masterfully crafted EDP fragrance by Jean Paul Gaultier. Perfect for Female seeking a Oriental Floral scent with Strong longevity.
jean-paul-gaultier-le-classique-x,Le Classique X,Jean Paul Gaultier,Parfum,TRUE,Title,Default Title,shopify,36,deny,manual,216,TRUE,TRUE,https://images.unsplash.com/photo-1594913785124-71239c4f5260?q=80&w=800&auto=format&fit=crop,Jean Paul Gaultier,Parfum,Oriental Floral,Aromatic,Strong,A masterfully crafted EDP fragrance by Jean Paul Gaultier. Perfect for Female seeking a Oriental Floral scent with Strong longevity.
jean-paul-gaultier-le-classique-eau-fraiche,Le Classique Eau Fraiche,Jean Paul Gaultier,Cologne,TRUE,Title,Default Title,shopify,37,deny,manual,217,TRUE,TRUE,https://images.unsplash.com/photo-1595535373192-fc8938b27529?q=80&w=800&auto=format&fit=crop,Jean Paul Gaultier,Cologne,Oriental Floral,Aromatic,Light,A masterfully crafted EDT fragrance by Jean Paul Gaultier. Perfect for Female seeking a Oriental Floral scent with Light longevity.
jean-paul-gaultier-le-classique-eau-de-parfum,Le Classique Eau De Parfum,Jean Paul Gaultier,Parfum,TRUE,Title,Default Title,shopify,38,deny,manual,218,TRUE,TRUE,https://images.unsplash.com/photo-1585386959984-a4155224a1ad?q=80&w=800&auto=format&fit=crop,Jean Paul Gaultier,Parfum,Oriental Floral,Aromatic,Strong,A masterfully crafted EDP fragrance by Jean Paul Gaultier. Perfect for Female seeking a Oriental Floral scent with Strong longevity.
jean-paul-gaultier-le-classique-eau-de-toilette,Le Classique Eau De Toilette,Jean Paul Gaultier,Cologne,TRUE,Title,Default Title,shopify,39,deny,manual,219,TRUE,TRUE,https://images.unsplash.com/photo-1595535373192-fc8938b27529?q=80&w=800&auto=format&fit=crop,Jean Paul Gaultier,Cologne,Oriental Floral,Aromatic,Medium,A masterfully crafted EDT fragrance by Jean Paul Gaultier. Perfect for Female seeking a Oriental Floral scent with Medium longevity.
jean-paul-gaultier-le-classique-eau-de-parfum,Le Classique Eau De Parfum,Jean Paul Gaultier,Parfum,TRUE,Title,Default Title,shopify,40,deny,manual,220,TRUE,TRUE,https://images.unsplash.com/photo-1585386959984-a4155224a1ad?q=80&w=800&auto=format&fit=crop,Jean Paul Gaultier,Parfum,Oriental Floral,Aromatic,Strong,A masterfully crafted EDP fragrance by Jean Paul Gaultier. Perfect for Female seeking a Oriental Floral scent with Strong longevity.
jean-paul-gaultier-le-classique-eau-de-toilette,Le Classique Eau De Toilette,Jean Paul Gaultier,Cologne,TRUE,Title,Default Title,shopify,41,deny,manual,221,TRUE,TRUE,https://images.unsplash.com/photo-1595535373192-fc8938b27529?q=80&w=800&auto=format&fit=crop,Jean Paul Gaultier,Cologne,Oriental Floral,Aromatic,Medium,A masterfully crafted EDT fragrance by Jean Paul Gaultier. Perfect for Female seeking a Oriental Floral scent with Medium longevity.
jean-paul-gaultier-le-classique-eau-fraiche,Le Classique Eau Fraiche,Jean Paul Gaultier,Cologne,TRUE,Title,Default Title,shopify,42,deny,manual,222,TRUE,TRUE,https://images.unsplash.com/photo-1595535373192-fc8938b27529?q=80&w=800&auto=format&fit=crop,Jean Paul Gaultier,Cologne,Oriental Floral,Aromatic,Light,A masterfully crafted EDT fragrance by Jean Paul Gaultier. Perfect for Female seeking a Oriental Floral scent with Light longevity.
jean-paul-gaultier-le-classique-eau-de-parfum,Le Classique Eau De Parfum,Jean Paul Gaultier,Parfum,TRUE,Title,Default Title,shopify,43,deny,manual,223,TRUE,TRUE,https://images.unsplash.com/photo-1585386959984-a4155224a1ad?q=80&w=800&auto=format&fit=crop,Jean Paul Gaultier,Parfum,Oriental Floral,Aromatic,Strong,A masterfully crafted EDP fragrance by Jean Paul Gaultier. Perfect for Female seeking a Oriental Floral scent with Strong longevity.
jean-paul-gaultier-le-classique-eau-de-toilette,Le Classique Eau De Toilette,Jean Paul Gaultier,Cologne,TRUE,Title,Default Title,shopify,44,deny,manual,224,TRUE,TRUE,https://images.unsplash.com/photo-1595535373192-fc8938b27529?q=80&w=800&auto=format&fit=crop,Jean Paul Gaultier,Cologne,Oriental Floral,Aromatic,Medium,A masterfully crafted EDT fragrance by Jean Paul Gaultier. Perfect for Female seeking a Oriental Floral scent with Medium longevity.
jean-paul-gaultier-le-classique-eau-fraiche,Le Classique Eau Fraiche,Jean Paul Gaultier,Cologne,TRUE,Title,Default Title,shopify,45,deny,manual,225,TRUE,TRUE,https://images.unsplash.com/photo-1595535373192-fc8938b27529?q=80&w=800&auto=format&fit=crop,Jean Paul Gaultier,Cologne,Oriental Floral,Aromatic,Light,A masterfully crafted EDT fragrance by Jean Paul Gaultier. Perfect for Female seeking a Oriental Floral scent with Light longevity.
jean-paul-gaultier-le-classique-eau-de-parfum,Le Classique Eau De Parfum,Jean Paul Gaultier,Parfum,TRUE,Title,Default Title,shopify,46,deny,manual,226,TRUE,TRUE,https://images.unsplash.com/photo-1585386959984-a4155224a1ad?q=80&w=800&auto=format&fit=crop,Jean Paul Gaultier,Parfum,Oriental Floral,Aromatic,Strong,A masterfully crafted EDP fragrance by Jean Paul Gaultier. Perfect for Female seeking a Oriental Floral scent with Strong longevity.
jean-paul-gaultier-le-classique-eau-de-toilette,Le Classique Eau De Toilette,Jean Paul Gaultier,Cologne,TRUE,Title,Default Title,shopify,47,deny,manual,227,TRUE,TRUE,https://images.unsplash.com/photo-1595535373192-fc8938b27529?q=80&w=800&auto=format&fit=crop,Jean Paul Gaultier,Cologne,Oriental Floral,Aromatic,Medium,A masterfully crafted EDT fragrance by Jean Paul Gaultier. Perfect for Female seeking a Oriental Floral scent with Medium longevity.
jean-paul-gaultier-le-classique-eau-fraiche,Le Classique Eau Fraiche,Jean Paul Gaultier,Cologne,TRUE,Title,Default Title,shopify,48,deny,manual,228,TRUE,TRUE,https://images.unsplash.com/photo-1595535373192-fc8938b27529?q=80&w=800&auto=format&fit=crop,Jean Paul Gaultier,Cologne,Oriental Floral,Aromatic,Light,A masterfully crafted EDT fragrance by Jean Paul Gaultier. Perfect for Female seeking a Oriental Floral scent with Light longevity.
jean-paul-gaultier-le-classique-eau-de-parfum,Le Classique Eau De Parfum,Jean Paul Gaultier,Parfum,TRUE,Title,Default Title,shopify,49,deny,manual,229,TRUE,TRUE,https://images.unsplash.com/photo-1585386959984-a4155224a1ad?q=80&w=800&auto=format&fit=crop,Jean Paul Gaultier,Parfum,Oriental Floral,Aromatic,Strong,A masterfully crafted EDP fragrance by Jean Paul Gaultier. Perfect for Female seeking a Oriental Floral scent with Strong longevity.
jean-paul-gaultier-le-classique-eau-de-toilette,Le Classique Eau De Toilette,Jean Paul Gaultier,Cologne,TRUE,Title,Default Title,shopify,50,deny,manual,230,TRUE,TRUE,https://images.unsplash.com/photo-1595535373192-fc8938b27529?q=80&w=800&auto=format&fit=crop,Jean Paul Gaultier,Cologne,Oriental Floral,Aromatic,Medium,A masterfully crafted EDT fragrance by Jean Paul Gaultier. Perfect for Female seeking a Oriental Floral scent with Medium longevity.
jean-paul-gaultier-le-classique-eau-fraiche,Le Classique Eau Fraiche,Jean Paul Gaultier,Cologne,TRUE,Title,Default Title,shopify,51,deny,manual,231,TRUE,TRUE,https://images.unsplash.com/photo-1595535373192-fc8938b27529?q=80&w=800&auto=format&fit=crop,Jean Paul Gaultier,Cologne,Oriental Floral,Aromatic,Light,A masterfully crafted EDT fragrance by Jean Paul Gaultier. Perfect for Female seeking a Oriental Floral scent with Light longevity.
jean-paul-gaultier-le-classique-eau-de-parfum,Le Classique Eau De Parfum,Jean Paul Gaultier,Parfum,TRUE,Title,Default Title,shopify,52,deny,manual,232,TRUE,TRUE,https://images.unsplash.com/photo-1585386959984-a4155224a1ad?q=80&w=800&auto=format&fit=crop,Jean Paul Gaultier,Parfum,Oriental Floral,Aromatic,Strong,A masterfully crafted EDP fragrance by Jean Paul Gaultier. Perfect for Female seeking a Oriental Floral scent with Strong longevity.
jean-paul-gaultier-le-classique-eau-de-toilette,Le Classique Eau De Toilette,Jean Paul Gaultier,Cologne,TRUE,Title,Default Title,shopify,53,deny,manual,233,TRUE,TRUE,https://images.unsplash.com/photo-1595535373192-fc8938b27529?q=80&w=800&auto=format&fit=crop,Jean Paul Gaultier,Cologne,Oriental Floral,Aromatic,Medium,A masterfully crafted EDT fragrance by Jean Paul Gaultier. Perfect for Female seeking a Oriental Floral scent with Medium longevity.
jean-paul-gaultier-le-classique-eau-fraiche,Le Classique Eau Fraiche,Jean Paul Gaultier,Cologne,TRUE,Title,Default Title,shopify,54,deny,manual,234,TRUE,TRUE,https://images.unsplash.com/photo-1595535373192-fc8938b27529?q=80&w=800&auto=format&fit=crop,Jean Paul Gaultier,Cologne,Oriental Floral,Aromatic,Light,A masterfully crafted EDT fragrance by Jean Paul Gaultier. Perfect for Female seeking a Oriental Floral scent with Light longevity.
jean-paul-gaultier-le-classique-eau-de-parfum,Le Classique Eau De Parfum,Jean Paul Gaultier,Parfum,TRUE,Title,Default Title,shopify,55,deny,manual,235,TRUE,TRUE,https://images.unsplash.com/photo-1585386959984-a4155224a1ad?q=80&w=800&auto=format&fit=crop,Jean Paul Gaultier,Parfum,Oriental Floral,Aromatic,Strong,A masterfully crafted EDP fragrance by Jean Paul Gaultier. Perfect for Female seeking a Oriental Floral scent with Strong longevity.
jean-paul-gaultier-le-classique-eau-de-toilette,Le Classique Eau De Toilette,Jean Paul Gaultier,Cologne,TRUE,Title,Default Title,shopify,56,deny,manual,236,TRUE,TRUE,https://images.unsplash.com/photo-1595535373192-fc8938b27529?q=80&w=800&auto=format&fit=crop,Jean Paul Gaultier,Cologne,Oriental Floral,Aromatic,Medium,A masterfully crafted EDT fragrance by Jean Paul Gaultier. Perfect for Female seeking a Oriental Floral scent with Medium longevity.
jean-paul-gaultier-le-classique-eau-fraiche,Le Classique Eau Fraiche,Jean Paul Gaultier,Cologne,TRUE,Title,Default Title,shopify,57,deny,manual,237,TRUE,TRUE,https://images.unsplash.com/photo-1595535373192-fc8938b27529?q=80&w=800&auto=format&fit=crop,Jean Paul Gaultier,Cologne,Oriental Floral,Aromatic,Light,A masterfully crafted EDT fragrance by Jean Paul Gaultier. Perfect for Female seeking a Oriental Floral scent with Light longevity.
jean-paul-gaultier-le-classique-eau-de-parfum,Le Classique Eau De Parfum,Jean Paul Gaultier,Parfum,TRUE,Title,Default Title,shopify,58,deny,manual,238,TRUE,TRUE,https://images.unsplash.com/photo-1585386959984-a4155224a1ad?q=80&w=800&auto=format&fit=crop,Jean Paul Gaultier,Parfum,Oriental Floral,Aromatic,Strong,A masterfully crafted EDP fragrance by Jean Paul Gaultier. Perfect for Female seeking a Oriental Floral scent with Strong longevity.
jean-paul-gaultier-le-classique-eau-de-toilette,Le Classique Eau De Toilette,Jean Paul Gaultier,Cologne,TRUE,Title,Default Title,shopify,59,deny,manual,239,TRUE,TRUE,https://images.unsplash.com/photo-1595535373192-fc8938b27529?q=80&w=800&auto=format&fit=crop,Jean Paul Gaultier,Cologne,Oriental Floral,Aromatic,Medium,A masterfully crafted EDT fragrance by Jean Paul Gaultier. Perfect for Female seeking a Oriental Floral scent with Medium longevity.
jean-paul-gaultier-le-classique-eau-fraiche,Le Classique Eau Fraiche,Jean Paul Gaultier,Cologne,TRUE,Title,Default Title,shopify,60,deny,manual,240,TRUE,TRUE,https://images.unsplash.com/photo-1595535373192-fc8938b27529?q=80&w=800&auto=format&fit=crop,Jean Paul Gaultier,Cologne,Oriental Floral,Aromatic,Light,A masterfully crafted EDT fragrance by Jean Paul Gaultier. Perfect for Female seeking a Oriental Floral scent with Light longevity.
jean-paul-gaultier-le-classique-eau-de-parfum,Le Classique Eau De Parfum,Jean Paul Gaultier,Parfum,TRUE,Title,Default Title,shopify,61,deny,manual,241,TRUE,TRUE,https://images.unsplash.com/photo-1585386959984-a4155224a1ad?q=80&w=800&auto=format&fit=crop,Jean Paul Gaultier,Parfum,Oriental Floral,Aromatic,Strong,A masterfully crafted EDP fragrance by Jean Paul Gaultier. Perfect for Female seeking a Oriental Floral scent with Strong longevity.
jean-paul-gaultier-le-classique-eau-de-toilette,Le Classique Eau De Toilette,Jean Paul Gaultier,Cologne,TRUE,Title,Default Title,shopify,62,deny,manual,242,TRUE,TRUE,https://images.unsplash.com/photo-1595535373192-fc8938b27529?q=80&w=800&auto=format&fit=crop,Jean Paul Gaultier,Cologne,Oriental Floral,Aromatic,Medium,A masterfully crafted EDT fragrance by Jean Paul Gaultier. Perfect for Female seeking a Oriental Floral scent with Medium longevity.
jean-paul-gaultier-le-classique-eau-fraiche,Le Classique Eau Fraiche,Jean Paul Gaultier,Cologne,TRUE,Title,Default Title,shopify,63,deny,manual,243,TRUE,TRUE,https://images.unsplash.com/photo-1595535373192-fc8938b27529?q=80&w=800&auto=format&fit=crop,Jean Paul Gaultier,Cologne,Oriental Floral,Aromatic,Light,A masterfully crafted EDT fragrance by Jean Paul Gaultier. Perfect for Female seeking a Oriental Floral scent with Light longevity.
jean-paul-gaultier-le-classique-eau-de-parfum,Le Classique Eau De Parfum,Jean Paul Gaultier,Parfum,TRUE,Title,Default Title,shopify,64,deny,manual,244,TRUE,TRUE,https://images.unsplash.com/photo-1585386959984-a4155224a1ad?q=80&w=800&auto=format&fit=crop,Jean Paul Gaultier,Parfum,Oriental Floral,Aromatic,Strong,A masterfully crafted EDP fragrance by Jean Paul Gaultier. Perfect for Female seeking a Oriental Floral scent with Strong longevity.
jean-paul-gaultier-le-classique-eau-de-toilette,Le Classique Eau De Toilette,Jean Paul Gaultier,Cologne,TRUE,Title,Default Title,shopify,65,deny,manual,245,TRUE,TRUE,https://images.unsplash.com/photo-1595535373192-fc8938b27529?q=80&w=800&auto=format&fit=crop,Jean Paul Gaultier,Cologne,Oriental Floral,Aromatic,Medium,A masterfully crafted EDT fragrance by Jean Paul Gaultier. Perfect for Female seeking a Oriental Floral scent with Medium longevity.
jean-paul-gaultier-le-classique-eau-fraiche,Le Classique Eau Fraiche,Jean Paul Gaultier,Cologne,TRUE,Title,Default Title,shopify,66,deny,manual,246,TRUE,TRUE,https://images.unsplash.com/photo-1595535373192-fc8938b27529?q=80&w=800&auto=format&fit=crop,Jean Paul Gaultier,Cologne,Oriental Floral,Aromatic,Light,A masterfully crafted EDT fragrance by Jean Paul Gaultier. Perfect for Female seeking a Oriental Floral scent with Light longevity.
jean-paul-gaultier-le-classique-eau-de-parfum,Le Classique Eau De Parfum,Jean Paul Gaultier,Parfum,TRUE,Title,Default Title,shopify,67,deny,manual,247,TRUE,TRUE,https://images.unsplash.com/photo-1585386959984-a4155224a1ad?q=80&w=800&auto=format&fit=crop,Jean Paul Gaultier,Parfum,Oriental Floral,Aromatic,Strong,A masterfully crafted EDP fragrance by Jean Paul Gaultier. Perfect for Female seeking a Oriental Floral scent with Strong longevity.
jean-paul-gaultier-le-classique-eau-de-toilette,Le Classique Eau De Toilette,Jean Paul Gaultier,Cologne,TRUE,Title,Default Title,shopify,68,deny,manual,248,TRUE,TRUE,https://images.unsplash.com/photo-1595535373192-fc8938b27529?q=80&w=800&auto=format&fit=crop,Jean Paul Gaultier,Cologne,Oriental Floral,Aromatic,Medium,A masterfully crafted EDT fragrance by Jean Paul Gaultier. Perfect for Female seeking a Oriental Floral scent with Medium longevity.
jean-paul-gaultier-le-classique-eau-fraiche,Le Classique Eau Fraiche,Jean Paul Gaultier,Cologne,TRUE,Title,Default Title,shopify,69,deny,manual,249,TRUE,TRUE,https://images.unsplash.com/photo-1595535373192-fc8938b27529?q=80&w=800&auto=format&fit=crop,Jean Paul Gaultier,Cologne,Oriental Floral,Aromatic,Light,A masterfully crafted EDT fragrance by Jean Paul Gaultier. Perfect for Female seeking a Oriental Floral scent with Light longevity.
jean-paul-gaultier-le-classique-eau-de-parfum,Le Classique Eau De Parfum,Jean Paul Gaultier,Parfum,TRUE,Title,Default Title,shopify,20,deny,manual,250,TRUE,TRUE,https://images.unsplash.com/photo-1585386959984-a4155224a1ad?q=80&w=800&auto=format&fit=crop,Jean Paul Gaultier,Parfum,Oriental Floral,Aromatic,Strong,A masterfully crafted EDP fragrance by Jean Paul Gaultier. Perfect for Female seeking a Oriental Floral scent with Strong longevity.
jean-paul-gaultier-le-classique-eau-de-toilette,Le Classique Eau De Toilette,Jean Paul Gaultier,Cologne,TRUE,Title,Default Title,shopify,21,deny,manual,251,TRUE,TRUE,https://images.unsplash.com/photo-1595535373192-fc8938b27529?q=80&w=800&auto=format&fit=crop,Jean Paul Gaultier,Cologne,Oriental Floral,Aromatic,Medium,A masterfully crafted EDT fragrance by Jean Paul Gaultier. Perfect for Female seeking a Oriental Floral scent with Medium longevity.
jean-paul-gaultier-le-classique-eau-fraiche,Le Classique Eau Fraiche,Jean Paul Gaultier,Cologne,TRUE,Title,Default Title,shopify,22,deny,manual,252,TRUE,TRUE,https://images.unsplash.com/photo-1595535373192-fc8938b27529?q=80&w=800&auto=format&fit=crop,Jean Paul Gaultier,Cologne,Oriental Floral,Aromatic,Light,A masterfully crafted EDT fragrance by Jean Paul Gaultier. Perfect for Female seeking a Oriental Floral scent with Light longevity.
jean-paul-gaultier-le-classique-eau-de-parfum,Le Classique Eau De Parfum,Jean Paul Gaultier,Parfum,TRUE,Title,Default Title,shopify,23,deny,manual,253,TRUE,TRUE,https://images.unsplash.com/photo-1585386959984-a4155224a1ad?q=80&w=800&auto=format&fit=crop,Jean Paul Gaultier,Parfum,Oriental Floral,Aromatic,Strong,A masterfully crafted EDP fragrance by Jean Paul Gaultier. Perfect for Female seeking a Oriental Floral scent with Strong longevity.
jean-paul-gaultier-le-classique-eau-de-toilette,Le Classique Eau De Toilette,Jean Paul Gaultier,Cologne,TRUE,Title,Default Title,shopify,24,deny,manual,254,TRUE,TRUE,https://images.unsplash.com/photo-1595535373192-fc8938b27529?q=80&w=800&auto=format&fit=crop,Jean Paul Gaultier,Cologne,Oriental Floral,Aromatic,Medium,A masterfully crafted EDT fragrance by Jean Paul Gaultier. Perfect for Female seeking a Oriental Floral scent with Medium longevity.
jean-paul-gaultier-le-classique-eau-fraiche,Le Classique Eau Fraiche,Jean Paul Gaultier,Cologne,TRUE,Title,Default Title,shopify,25,deny,manual,255,TRUE,TRUE,https://images.unsplash.com/photo-1595535373192-fc8938b27529?q=80&w=800&auto=format&fit=crop,Jean Paul Gaultier,Cologne,Oriental Floral,Aromatic,Light,A masterfully crafted EDT fragrance by Jean Paul Gaultier. Perfect for Female seeking a Oriental Floral scent with Light longevity.
jean-paul-gaultier-le-classique-eau-de-parfum,Le Classique Eau De Parfum,Jean Paul Gaultier,Parfum,TRUE,Title,Default Title,shopify,26,deny,manual,256,TRUE,TRUE,https://images.unsplash.com/photo-1585386959984-a4155224a1ad?q=80&w=800&auto=format&fit=crop,Jean Paul Gaultier,Parfum,Oriental Floral,Aromatic,Strong,A masterfully crafted EDP fragrance by Jean Paul Gaultier. Perfect for Female seeking a Oriental Floral scent with Strong longevity.
jean-paul-gaultier-le-classique-eau-de-toilette,Le Classique Eau De Toilette,Jean Paul Gaultier,Cologne,TRUE,Title,Default Title,shopify,27,deny,manual,257,TRUE,TRUE,https://images.unsplash.com/photo-1595535373192-fc8938b27529?q=80&w=800&auto=format&fit=crop,Jean Paul Gaultier,Cologne,Oriental Floral,Aromatic,Medium,A masterfully crafted EDT fragrance by Jean Paul Gaultier. Perfect for Female seeking a Oriental Floral scent with Medium longevity.
jean-paul-gaultier-le-classique-eau-fraiche,Le Classique Eau Fraiche,Jean Paul Gaultier,Cologne,TRUE,Title,Default Title,shopify,28,deny,manual,258,TRUE,TRUE,https://images.unsplash.com/photo-1595535373192-fc8938b27529?q=80&w=800&auto=format&fit=crop,Jean Paul Gaultier,Cologne,Oriental Floral,Aromatic,Light,A masterfully crafted EDT fragrance by Jean Paul Gaultier. Perfect for Female seeking a Oriental Floral scent with Light longevity.
jean-paul-gaultier-le-classique-eau-de-parfum,Le Classique Eau De Parfum,Jean Paul Gaultier,Parfum,TRUE,Title,Default Title,shopify,29,deny,manual,259,TRUE,TRUE,https://images.unsplash.com/photo-1585386959984-a4155224a1ad?q=80&w=800&auto=format&fit=crop,Jean Paul Gaultier,Parfum,Oriental Floral,Aromatic,Strong,A masterfully crafted EDP fragrance by Jean Paul Gaultier. Perfect for Female seeking a Oriental Floral scent with Strong longevity.
jean-paul-gaultier-le-classique-eau-de-toilette,Le Classique Eau De Toilette,Jean Paul Gaultier,Cologne,TRUE,Title,Default Title,shopify,30,deny,manual,260,TRUE,TRUE,https://images.unsplash.com/photo-1595535373192-fc8938b27529?q=80&w=800&auto=format&fit=crop,Jean Paul Gaultier,Cologne,Oriental Floral,Aromatic,Medium,A masterfully crafted EDT fragrance by Jean Paul Gaultier. Perfect for Female seeking a Oriental Floral scent with Medium longevity.
jean-paul-gaultier-le-classique-eau-fraiche,Le Classique Eau Fraiche,Jean Paul Gaultier,Cologne,TRUE,Title,Default Title,shopify,31,deny,manual,261,TRUE,TRUE,https://images.unsplash.com/photo-1595535373192-fc8938b27529?q=80&w=800&auto=format&fit=crop,Jean Paul Gaultier,Cologne,Oriental Floral,Aromatic,Light,A masterfully crafted EDT fragrance by Jean Paul Gaultier. Perfect for Female seeking a Oriental Floral scent with Light longevity.
jean-paul-gaultier-le-classique-eau-de-parfum,Le Classique Eau De Parfum,Jean Paul Gaultier,Parfum,TRUE,Title,Default Title,shopify,32,deny,manual,262,TRUE,TRUE,https://images.unsplash.com/photo-1585386959984-a4155224a1ad?q=80&w=800&auto=format&fit=crop,Jean Paul Gaultier,Parfum,Oriental Floral,Aromatic,Strong,A masterfully crafted EDP fragrance by Jean Paul Gaultier. Perfect for Female seeking a Oriental Floral scent with Strong longevity.
jean-paul-gaultier-le-classique-eau-de-toilette,Le Classique Eau De Toilette,Jean Paul Gaultier,Cologne,TRUE,Title,Default Title,shopify,33,deny,manual,263,TRUE,TRUE,https://images.unsplash.com/photo-1595535373192-fc8938b27529?q=80&w=800&auto=format&fit=crop,Jean Paul Gaultier,Cologne,Oriental Floral,Aromatic,Medium,A masterfully crafted EDT fragrance by Jean Paul Gaultier. Perfect for Female seeking a Oriental Floral scent with Medium longevity.
jean-paul-gaultier-le-classique-eau-fraiche,Le Classique Eau Fraiche,Jean Paul Gaultier,Cologne,TRUE,Title,Default Title,shopify,34,deny,manual,264,TRUE,TRUE,https://images.unsplash.com/photo-1595535373192-fc8938b27529?q=80&w=800&auto=format&fit=crop,Jean Paul Gaultier,Cologne,Oriental Floral,Aromatic,Light,A masterfully crafted EDT fragrance by Jean Paul Gaultier. Perfect for Female seeking a Oriental Floral scent with Light longevity.
jean-paul-gaultier-le-classique-eau-de-parfum,Le Classique Eau De Parfum,Jean Paul Gaultier,Parfum,TRUE,Title,Default Title,shopify,35,deny,manual,265,TRUE,TRUE,https://images.unsplash.com/photo-1585386959984-a4155224a1ad?q=80&w=800&auto=format&fit=crop,Jean Paul Gaultier,Parfum,Oriental Floral,Aromatic,Strong,A masterfully crafted EDP fragrance by Jean Paul Gaultier. Perfect for Female seeking a Oriental Floral scent with Strong longevity.
jean-paul-gaultier-le-classique-eau-de-toilette,Le Classique Eau De Toilette,Jean Paul Gaultier,Cologne,TRUE,Title,Default Title,shopify,36,deny,manual,266,TRUE,TRUE,https://images.unsplash.com/photo-1595535373192-fc8938b27529?q=80&w=800&auto=format&fit=crop,Jean Paul Gaultier,Cologne,Oriental Floral,Aromatic,Medium,A masterfully crafted EDT fragrance by Jean Paul Gaultier. Perfect for Female seeking a Oriental Floral scent with Medium longevity.
jean-paul-gaultier-le-classique-eau-fraiche,Le Classique Eau Fraiche,Jean Paul Gaultier,Cologne,TRUE,Title,Default Title,shopify,37,deny,manual,267,TRUE,TRUE,https://images.unsplash.com/photo-1595535373192-fc8938b27529?q=80&w=800&auto=format&fit=crop,Jean Paul Gaultier,Cologne,Oriental Floral,Aromatic,Light,A masterfully crafted EDT fragrance by Jean Paul Gaultier. Perfect for Female seeking a Oriental Floral scent with Light longevity.
jean-paul-gaultier-le-classique-eau-de-parfum,Le Classique Eau De Parfum,Jean Paul Gaultier,Parfum,TRUE,Title,Default Title,shopify,38,deny,manual,268,TRUE,TRUE,https://images.unsplash.com/photo-1585386959984-a4155224a1ad?q=80&w=800&auto=format&fit=crop,Jean Paul Gaultier,Parfum,Oriental Floral,Aromatic,Strong,A masterfully crafted EDP fragrance by Jean Paul Gaultier. Perfect for Female seeking a Oriental Floral scent with Strong longevity.
jean-paul-gaultier-le-classique-eau-de-toilette,Le Classique Eau De Toilette,Jean Paul Gaultier,Cologne,TRUE,Title,Default Title,shopify,39,deny,manual,269,TRUE,TRUE,https://images.unsplash.com/photo-1595535373192-fc8938b27529?q=80&w=800&auto=format&fit=crop,Jean Paul Gaultier,Cologne,Oriental Floral,Aromatic,Medium,A masterfully crafted EDT fragrance by Jean Paul Gaultier. Perfect for Female seeking a Oriental Floral scent with Medium longevity.
jean-paul-gaultier-le-classique-eau-fraiche,Le Classique Eau Fraiche,Jean Paul Gaultier,Cologne,TRUE,Title,Default Title,shopify,40,deny,manual,270,TRUE,TRUE,https://images.unsplash.com/photo-1595535373192-fc8938b27529?q=80&w=800&auto=format&fit=crop,Jean Paul Gaultier,Cologne,Oriental Floral,Aromatic,Light,A masterfully crafted EDT fragrance by Jean Paul Gaultier. Perfect for Female seeking a Oriental Floral scent with Light longevity.
jean-paul-gaultier-le-classique-eau-de-parfum,Le Classique Eau De Parfum,Jean Paul Gaultier,Parfum,TRUE,Title,Default Title,shopify,41,deny,manual,271,TRUE,TRUE,https://images.unsplash.com/photo-1585386959984-a4155224a1ad?q=80&w=800&auto=format&fit=crop,Jean Paul Gaultier,Parfum,Oriental Floral,Aromatic,Strong,A masterfully crafted EDP fragrance by Jean Paul Gaultier. Perfect for Female seeking a Oriental Floral scent with Strong longevity.
jean-paul-gaultier-le-classique-eau-de-toilette,Le Classique Eau De Toilette,Jean Paul Gaultier,Cologne,TRUE,Title,Default Title,shopify,42,deny,manual,272,TRUE,TRUE,https://images.unsplash.com/photo-1595535373192-fc8938b27529?q=80&w=800&auto=format&fit=crop,Jean Paul Gaultier,Cologne,Oriental Floral,Aromatic,Medium,A masterfully crafted EDT fragrance by Jean Paul Gaultier. Perfect for Female seeking a Oriental Floral scent with Medium longevity.
jean-paul-gaultier-le-classique-eau-fraiche,Le Classique Eau Fraiche,Jean Paul Gaultier,Cologne,TRUE,Title,Default Title,shopify,43,deny,manual,273,TRUE,TRUE,https://images.unsplash.com/photo-1595535373192-fc8938b27529?q=80&w=800&auto=format&fit=crop,Jean Paul Gaultier,Cologne,Oriental Floral,Aromatic,Light,A masterfully crafted EDT fragrance by Jean Paul Gaultier. Perfect for Female seeking a Oriental Floral scent with Light longevity.
jean-paul-gaultier-le-classique-eau-de-parfum,Le Classique Eau De Parfum,Jean Paul Gaultier,Parfum,TRUE,Title,Default Title,shopify,44,deny,manual,274,TRUE,TRUE,https://images.unsplash.com/photo-1585386959984-a4155224a1ad?q=80&w=800&auto=format&fit=crop,Jean Paul Gaultier,Parfum,Oriental Floral,Aromatic,Strong,A masterfully crafted EDP fragrance by Jean Paul Gaultier. Perfect for Female seeking a Oriental Floral scent with Strong longevity.
dior-sauvage-edt,Sauvage EDT,Dior,Cologne,TRUE,Title,Default Title,shopify,45,deny,manual,275,TRUE,TRUE,https://images.unsplash.com/photo-1601244840899-72c676afba7b?q=80&w=800&auto=format&fit=crop,Dior,Cologne,Aromatic Fougere,Aromatic,Strong,A masterfully crafted EDT fragrance by Dior. Perfect for Male seeking a Aromatic Fougere scent with Strong longevity.
dior-sauvage-edp,Sauvage EDP,Dior,Parfum,TRUE,Title,Default Title,shopify,46,deny,manual,276,TRUE,TRUE,https://images.unsplash.com/photo-1592914610354-fd354d45fe82?q=80&w=800&auto=format&fit=crop,Dior,Parfum,Aromatic Fougere,Aromatic,Very Strong,A masterfully crafted EDP fragrance by Dior. Perfect for Male seeking a Aromatic Fougere scent with Very Strong longevity.
dior-sauvage-parfum,Sauvage Parfum,Dior,Extract,TRUE,Title,Default Title,shopify,47,deny,manual,277,TRUE,TRUE,https://images.unsplash.com/photo-1595535373192-fc8938b27529?q=80&w=800&auto=format&fit=crop,Dior,Extract,Aromatic Fougere,Aromatic,Very Strong,A masterfully crafted PARFUM fragrance by Dior. Perfect for Male seeking a Aromatic Fougere scent with Very Strong longevity.
dior-sauvage-elixir,Sauvage Elixir,Dior,Extract,TRUE,Title,Default Title,shopify,48,deny,manual,278,TRUE,TRUE,https://images.unsplash.com/photo-1616949755610-8c9bbc08f138?q=80&w=800&auto=format&fit=crop,Dior,Extract,Aromatic Fougere,Aromatic,Very Strong,A masterfully crafted PARFUM fragrance by Dior. Perfect for Male seeking a Aromatic Fougere scent with Very Strong longevity.
dior-homme-intense,Homme Intense,Dior,Parfum,TRUE,Title,Default Title,shopify,49,deny,manual,279,TRUE,TRUE,https://images.unsplash.com/photo-1596462502278-27bfdc403348?q=80&w=800&auto=format&fit=crop,Dior,Parfum,Floriental,Aromatic,Strong,A masterfully crafted EDP fragrance by Dior. Perfect for Male seeking a Floriental scent with Strong longevity.
dior-homme-parfum,Homme Parfum,Dior,Extract,TRUE,Title,Default Title,shopify,50,deny,manual,280,TRUE,TRUE,https://images.unsplash.com/photo-1518331566-07612711ff60?q=80&w=800&auto=format&fit=crop,Dior,Extract,Floriental,Aromatic,Strong,A masterfully crafted PARFUM fragrance by Dior. Perfect for Male seeking a Floriental scent with Strong longevity.
dior-jadore-edp,J'Adore EDP,Dior,Parfum,TRUE,Title,Default Title,shopify,51,deny,manual,281,TRUE,TRUE,https://images.unsplash.com/photo-1608528577891-eb055944f2e7?q=80&w=800&auto=format&fit=crop,Dior,Parfum,Floriental,Aromatic,Medium,A masterfully crafted EDP fragrance by Dior. Perfect for Female seeking a Floriental scent with Medium longevity.
dior-jadore-edt,J'Adore EDT,Dior,Cologne,TRUE,Title,Default Title,shopify,52,deny,manual,282,TRUE,TRUE,https://images.unsplash.com/photo-1615529183492-c4e047ceb4d5?q=80&w=800&auto=format&fit=crop,Dior,Cologne,Floriental,Aromatic,Medium,A masterfully crafted EDT fragrance by Dior. Perfect for Female seeking a Floriental scent with Medium longevity.
dior-jadore-parfum-deau,J'Adore Parfum D'Eau,Dior,Parfum,TRUE,Title,Default Title,shopify,53,deny,manual,283,TRUE,TRUE,https://images.unsplash.com/photo-1592494911762-d2f1f5f3e911?q=80&w=800&auto=format&fit=crop,Dior,Parfum,Floriental,Aromatic,Light,A masterfully crafted EDP fragrance by Dior. Perfect for Female seeking a Floriental scent with Light longevity.
dior-addict-edp,Addict EDP,Dior,Parfum,TRUE,Title,Default Title,shopify,54,deny,manual,284,TRUE,TRUE,https://images.unsplash.com/photo-1594035910387-fea47794261f?q=80&w=800&auto=format&fit=crop,Dior,Parfum,Oriental Spicy,Aromatic,Strong,A masterfully crafted EDP fragrance by Dior. Perfect for Female seeking a Oriental Spicy scent with Strong longevity.
dior-addict-edt,Addict EDT,Dior,Cologne,TRUE,Title,Default Title,shopify,55,deny,manual,285,TRUE,TRUE,https://images.unsplash.com/photo-1585386959984-a4155224a1ad?q=80&w=800&auto=format&fit=crop,Dior,Cologne,Oriental Spicy,Aromatic,Medium,A masterfully crafted EDT fragrance by Dior. Perfect for Female seeking a Oriental Spicy scent with Medium longevity.
dior-miss-dior-edp,Miss Dior EDP,Dior,Parfum,TRUE,Title,Default Title,shopify,56,deny,manual,286,TRUE,TRUE,https://images.unsplash.com/photo-1563170351-be82bc88ea6f?q=80&w=800&auto=format&fit=crop,Dior,Parfum,Floriental,Aromatic,Medium,A masterfully crafted EDP fragrance by Dior. Perfect for Female seeking a Floriental scent with Medium longevity.
dior-miss-dior-edt,Miss Dior EDT,Dior,Cologne,TRUE,Title,Default Title,shopify,57,deny,manual,287,TRUE,TRUE,https://images.unsplash.com/photo-1594913785124-71239c4f5260?q=80&w=800&auto=format&fit=crop,Dior,Cologne,Floriental,Aromatic,Medium,A masterfully crafted EDT fragrance by Dior. Perfect for Female seeking a Floriental scent with Medium longevity.
dior-gris-dior,Gris Dior,Dior,Parfum,TRUE,Title,Default Title,shopify,58,deny,manual,288,TRUE,TRUE,https://images.unsplash.com/photo-1619994403073-2cec844b8e63?q=80&w=800&auto=format&fit=crop,Dior,Parfum,Woody Floral,Aromatic,Medium,A masterfully crafted EDP fragrance by Dior. Perfect for Unisex seeking a Woody Floral scent with Medium longevity.
dior-eau-noire,Eau Noire,Dior,Parfum,TRUE,Title,Default Title,shopify,59,deny,manual,289,TRUE,TRUE,https://images.unsplash.com/photo-1585386959984-a4155224a1ad?q=80&w=800&auto=format&fit=crop,Dior,Parfum,Woody Aromatic,Aromatic,Medium,A masterfully crafted EDP fragrance by Dior. Perfect for Unisex seeking a Woody Aromatic scent with Medium longevity.
dior-fahrenheit,Fahrenheit,Dior,Cologne,TRUE,Title,Default Title,shopify,60,deny,manual,290,TRUE,TRUE,https://images.unsplash.com/photo-1594913785124-71239c4f5260?q=80&w=800&auto=format&fit=crop,Dior,Cologne,Leather,Aromatic,Strong,A masterfully crafted EDT fragrance by Dior. Perfect for Unisex seeking a Leather scent with Strong longevity.
dior-fahrenheit-parfum,Fahrenheit Parfum,Dior,Extract,TRUE,Title,Default Title,shopify,61,deny,manual,291,TRUE,TRUE,https://images.unsplash.com/photo-1518331566-07612711ff60?q=80&w=800&auto=format&fit=crop,Dior,Extract,Leather,Aromatic,Very Strong,A masterfully crafted PARFUM fragrance by Dior. Perfect for Unisex seeking a Leather scent with Very Strong longevity.
dior-poison,Poison,Dior,Cologne,TRUE,Title,Default Title,shopify,62,deny,manual,292,TRUE,TRUE,https://images.unsplash.com/photo-1622618991746-fe6004db3a47?q=80&w=800&auto=format&fit=crop,Dior,Cologne,Oriental Spicy,Aromatic,Strong,A masterfully crafted EDT fragrance by Dior. Perfect for Female seeking a Oriental Spicy scent with Strong longevity.
dior-poison-edp,Poison EDP,Dior,Parfum,TRUE,Title,Default Title,shopify,63,deny,manual,293,TRUE,TRUE,https://images.unsplash.com/photo-1598516086708-41c305c08d17?q=80&w=800&auto=format&fit=crop,Dior,Parfum,Oriental Spicy,Aromatic,Very Strong,A masterfully crafted EDP fragrance by Dior. Perfect for Female seeking a Oriental Spicy scent with Very Strong longevity.
dior-poison-girl-edp,Poison Girl EDP,Dior,Parfum,TRUE,Title,Default Title,shopify,64,deny,manual,294,TRUE,TRUE,https://images.unsplash.com/photo-1622618991746-fe6004db3a47?q=80&w=800&auto=format&fit=crop,Dior,Parfum,Floriental,Aromatic,Medium,A masterfully crafted EDP fragrance by Dior. Perfect for Female seeking a Floriental scent with Medium longevity.
dior-poison-girl-edt,Poison Girl EDT,Dior,Cologne,TRUE,Title,Default Title,shopify,65,deny,manual,295,TRUE,TRUE,https://images.unsplash.com/photo-1518331566-07612711ff60?q=80&w=800&auto=format&fit=crop,Dior,Cologne,Floriental,Aromatic,Medium,A masterfully crafted EDT fragrance by Dior. Perfect for Female seeking a Floriental scent with Medium longevity.
dior-joy-edp,Joy EDP,Dior,Parfum,TRUE,Title,Default Title,shopify,66,deny,manual,296,TRUE,TRUE,https://images.unsplash.com/photo-1594035910387-fea47794261f?q=80&w=800&auto=format&fit=crop,Dior,Parfum,Floriental,Aromatic,Medium,A masterfully crafted EDP fragrance by Dior. Perfect for Female seeking a Floriental scent with Medium longevity.
dior-joy-intense-edp,Joy Intense EDP,Dior,Parfum,TRUE,Title,Default Title,shopify,67,deny,manual,297,TRUE,TRUE,https://images.unsplash.com/photo-1595535373192-fc8938b27529?q=80&w=800&auto=format&fit=crop,Dior,Parfum,Floriental,Aromatic,Medium,A masterfully crafted EDP fragrance by Dior. Perfect for Female seeking a Floriental scent with Medium longevity.
dior-gris-dior,Gris Dior,Dior,Parfum,TRUE,Title,Default Title,shopify,68,deny,manual,298,TRUE,TRUE,https://images.unsplash.com/photo-1619994403073-2cec844b8e63?q=80&w=800&auto=format&fit=crop,Dior,Parfum,Woody Floral,Aromatic,Medium,A masterfully crafted EDP fragrance by Dior. Perfect for Unisex seeking a Woody Floral scent with Medium longevity.
dior-leather-oud,Leather Oud,Dior,Parfum,TRUE,Title,Default Title,shopify,69,deny,manual,299,TRUE,TRUE,https://images.unsplash.com/photo-1615529183492-c4e047ceb4d5?q=80&w=800&auto=format&fit=crop,Dior,Parfum,Leather,Aromatic,Strong,A masterfully crafted EDP fragrance by Dior. Perfect for Unisex seeking a Leather scent with Strong longevity.
dior-ambre-nuit,Ambre Nuit,Dior,Parfum,TRUE,Title,Default Title,shopify,20,deny,manual,300,TRUE,TRUE,https://images.unsplash.com/photo-1588405748880-12d1d2a59f75?q=80&w=800&auto=format&fit=crop,Dior,Parfum,Amber,Aromatic,Strong,A masterfully crafted EDP fragrance by Dior. Perfect for Unisex seeking a Amber scent with Strong longevity.
dior-patchouli-imperial,Patchouli Imperial,Dior,Parfum,TRUE,Title,Default Title,shopify,21,deny,manual,301,TRUE,TRUE,https://images.unsplash.com/photo-1615529183492-c4e047ceb4d5?q=80&w=800&auto=format&fit=crop,Dior,Parfum,Woody Chypre,Aromatic,Strong,A masterfully crafted EDP fragrance by Dior. Perfect for Unisex seeking a Woody Chypre scent with Strong longevity.
dior-feve-delicieuse,Feve Delicieuse,Dior,Parfum,TRUE,Title,Default Title,shopify,22,deny,manual,302,TRUE,TRUE,https://images.unsplash.com/photo-1598516086708-41c305c08d17?q=80&w=800&auto=format&fit=crop,Dior,Parfum,Gourmand,Aromatic,Strong,A masterfully crafted EDP fragrance by Dior. Perfect for Unisex seeking a Gourmand scent with Strong longevity.
dior-vanilla-diorama,Vanilla Diorama,Dior,Parfum,TRUE,Title,Default Title,shopify,23,deny,manual,303,TRUE,TRUE,https://images.unsplash.com/photo-1601244840899-72c676afba7b?q=80&w=800&auto=format&fit=crop,Dior,Parfum,Gourmand,Aromatic,Strong,A masterfully crafted EDP fragrance by Dior. Perfect for Unisex seeking a Gourmand scent with Strong longevity.
yves-saint-laurent-libre-edp,Libre EDP,Yves Saint Laurent,Parfum,TRUE,Title,Default Title,shopify,24,deny,manual,304,TRUE,TRUE,https://images.unsplash.com/photo-1595425970377-c9703c48657a?q=80&w=800&auto=format&fit=crop,Yves Saint Laurent,Parfum,Floral Amber,Aromatic,Strong,A masterfully crafted EDP fragrance by Yves Saint Laurent. Perfect for Female seeking a Floral Amber scent with Strong longevity.
yves-saint-laurent-libre-intense-edp,Libre Intense EDP,Yves Saint Laurent,Parfum,TRUE,Title,Default Title,shopify,25,deny,manual,305,TRUE,TRUE,https://images.unsplash.com/photo-1595535373192-fc8938b27529?q=80&w=800&auto=format&fit=crop,Yves Saint Laurent,Parfum,Floral Amber,Aromatic,Very Strong,A masterfully crafted EDP fragrance by Yves Saint Laurent. Perfect for Female seeking a Floral Amber scent with Very Strong longevity.
yves-saint-laurent-libre-leau-nue-edp,Libre L'Eau Nue EDP,Yves Saint Laurent,Parfum,TRUE,Title,Default Title,shopify,26,deny,manual,306,TRUE,TRUE,https://images.unsplash.com/photo-1601244840899-72c676afba7b?q=80&w=800&auto=format&fit=crop,Yves Saint Laurent,Parfum,Floral,Aromatic,Medium,A masterfully crafted EDP fragrance by Yves Saint Laurent. Perfect for Female seeking a Floral scent with Medium longevity.
yves-saint-laurent-mon-paris-edp,Mon Paris EDP,Yves Saint Laurent,Parfum,TRUE,Title,Default Title,shopify,27,deny,manual,307,TRUE,TRUE,https://images.unsplash.com/photo-1594035910387-fea47794261f?q=80&w=800&auto=format&fit=crop,Yves Saint Laurent,Parfum,Floriental,Aromatic,Medium,A masterfully crafted EDP fragrance by Yves Saint Laurent. Perfect for Female seeking a Floriental scent with Medium longevity.
yves-saint-laurent-mon-paris-intensement-edp,Mon Paris Intensement EDP,Yves Saint Laurent,Parfum,TRUE,Title,Default Title,shopify,28,deny,manual,308,TRUE,TRUE,https://images.unsplash.com/photo-1615529183492-c4e047ceb4d5?q=80&w=800&auto=format&fit=crop,Yves Saint Laurent,Parfum,Floriental,Aromatic,Strong,A masterfully crafted EDP fragrance by Yves Saint Laurent. Perfect for Female seeking a Floriental scent with Strong longevity.
yves-saint-laurent-black-opium-edp,Black Opium EDP,Yves Saint Laurent,Parfum,TRUE,Title,Default Title,shopify,29,deny,manual,309,TRUE,TRUE,https://images.unsplash.com/photo-1616949755610-8c9bbc08f138?q=80&w=800&auto=format&fit=crop,Yves Saint Laurent,Parfum,Ambery Gourmand,Aromatic,Strong,A masterfully crafted EDP fragrance by Yves Saint Laurent. Perfect for Female seeking a Ambery Gourmand scent with Strong longevity.
yves-saint-laurent-black-opium-intense-edp,Black Opium Intense EDP,Yves Saint Laurent,Parfum,TRUE,Title,Default Title,shopify,30,deny,manual,310,TRUE,TRUE,https://images.unsplash.com/photo-1594035910387-fea47794261f?q=80&w=800&auto=format&fit=crop,Yves Saint Laurent,Parfum,Ambery Gourmand,Aromatic,Very Strong,A masterfully crafted EDP fragrance by Yves Saint Laurent. Perfect for Female seeking a Ambery Gourmand scent with Very Strong longevity.
yves-saint-laurent-y-edp,Y EDP,Yves Saint Laurent,Parfum,TRUE,Title,Default Title,shopify,31,deny,manual,311,TRUE,TRUE,https://images.unsplash.com/photo-1601244840899-72c676afba7b?q=80&w=800&auto=format&fit=crop,Yves Saint Laurent,Parfum,Aromatic Fougere,Aromatic,Strong,A masterfully crafted EDP fragrance by Yves Saint Laurent. Perfect for Male seeking a Aromatic Fougere scent with Strong longevity.
yves-saint-laurent-y-eau-fraiche-edt,Y Eau Fraiche EDT,Yves Saint Laurent,Cologne,TRUE,Title,Default Title,shopify,32,deny,manual,312,TRUE,TRUE,https://images.unsplash.com/photo-1608528577891-eb055944f2e7?q=80&w=800&auto=format&fit=crop,Yves Saint Laurent,Cologne,Fruity Aromatic,Aromatic,Medium,A masterfully crafted EDT fragrance by Yves Saint Laurent. Perfect for Male seeking a Fruity Aromatic scent with Medium longevity.
yves-saint-laurent-y-le-parfum,Y Le Parfum,Yves Saint Laurent,Extract,TRUE,Title,Default Title,shopify,33,deny,manual,313,TRUE,TRUE,https://images.unsplash.com/photo-1601007746401-44755f190e29?q=80&w=800&auto=format&fit=crop,Yves Saint Laurent,Extract,Aromatic Fougere,Aromatic,Very Strong,A masterfully crafted PARFUM fragrance by Yves Saint Laurent. Perfect for Male seeking a Aromatic Fougere scent with Very Strong longevity.
yves-saint-laurent-lhomme-edp,L'Homme EDP,Yves Saint Laurent,Parfum,TRUE,Title,Default Title,shopify,34,deny,manual,314,TRUE,TRUE,https://images.unsplash.com/photo-1588405748880-12d1d2a59f75?q=80&w=800&auto=format&fit=crop,Yves Saint Laurent,Parfum,Woody Spicy,Aromatic,Strong,A masterfully crafted EDP fragrance by Yves Saint Laurent. Perfect for Male seeking a Woody Spicy scent with Strong longevity.
yves-saint-laurent-lhomme-parfum-intense-edp,L'Homme Parfum Intense EDP,Yves Saint Laurent,Parfum,TRUE,Title,Default Title,shopify,35,deny,manual,315,TRUE,TRUE,https://images.unsplash.com/photo-1608528577891-eb055944f2e7?q=80&w=800&auto=format&fit=crop,Yves Saint Laurent,Parfum,Woody Spicy,Aromatic,Very Strong,A masterfully crafted EDP fragrance by Yves Saint Laurent. Perfect for Male seeking a Woody Spicy scent with Very Strong longevity.
yves-saint-laurent-lhomme-ultime-edp,L'Homme Ultime EDP,Yves Saint Laurent,Parfum,TRUE,Title,Default Title,shopify,36,deny,manual,316,TRUE,TRUE,https://images.unsplash.com/photo-1592914610354-fd354d45fe82?q=80&w=800&auto=format&fit=crop,Yves Saint Laurent,Parfum,Woody Spicy,Aromatic,Strong,A masterfully crafted EDP fragrance by Yves Saint Laurent. Perfect for Male seeking a Woody Spicy scent with Strong longevity.
yves-saint-laurent-lhomme-le-parfum,L'Homme Le Parfum,Yves Saint Laurent,Extract,TRUE,Title,Default Title,shopify,37,deny,manual,317,TRUE,TRUE,https://images.unsplash.com/photo-1595425970377-c9703c48657a?q=80&w=800&auto=format&fit=crop,Yves Saint Laurent,Extract,Woody Spicy,Aromatic,Very Strong,A masterfully crafted PARFUM fragrance by Yves Saint Laurent. Perfect for Male seeking a Woody Spicy scent with Very Strong longevity.
yves-saint-laurent-la-nuit-de-lhomme-edp,La Nuit De L'Homme EDP,Yves Saint Laurent,Parfum,TRUE,Title,Default Title,shopify,38,deny,manual,318,TRUE,TRUE,https://images.unsplash.com/photo-1595425970377-c9703c48657a?q=80&w=800&auto=format&fit=crop,Yves Saint Laurent,Parfum,Woody Spicy,Aromatic,Strong,A masterfully crafted EDP fragrance by Yves Saint Laurent. Perfect for Male seeking a Woody Spicy scent with Strong longevity.
yves-saint-laurent-la-nuit-de-lhomme-parfum,La Nuit De L'Homme Parfum,Yves Saint Laurent,Extract,TRUE,Title,Default Title,shopify,39,deny,manual,319,TRUE,TRUE,https://images.unsplash.com/photo-1594913785124-71239c4f5260?q=80&w=800&auto=format&fit=crop,Yves Saint Laurent,Extract,Woody Spicy,Aromatic,Very Strong,A masterfully crafted PARFUM fragrance by Yves Saint Laurent. Perfect for Male seeking a Woody Spicy scent with Very Strong longevity.
yves-saint-laurent-la-nuit-de-lhomme-lintense-edp,La Nuit De L'Homme L'Intense EDP,Yves Saint Laurent,Parfum,TRUE,Title,Default Title,shopify,40,deny,manual,320,TRUE,TRUE,https://images.unsplash.com/photo-1590156546946-ce55a12a6a5d?q=80&w=800&auto=format&fit=crop,Yves Saint Laurent,Parfum,Woody Spicy,Aromatic,Strong,A masterfully crafted EDP fragrance by Yves Saint Laurent. Perfect for Male seeking a Woody Spicy scent with Strong longevity.
dolce-gabbana-the-one-edp,The One EDP,Dolce & Gabbana,Parfum,TRUE,Title,Default Title,shopify,41,deny,manual,321,TRUE,TRUE,https://images.unsplash.com/photo-1619994403073-2cec844b8e63?q=80&w=800&auto=format&fit=crop,Dolce & Gabbana,Parfum,Amber Floral,Aromatic,Medium,A masterfully crafted EDP fragrance by Dolce & Gabbana. Perfect for Female seeking a Amber Floral scent with Medium longevity.
dolce-gabbana-the-one-edp-intense,The One EDP Intense,Dolce & Gabbana,Parfum,TRUE,Title,Default Title,shopify,42,deny,manual,322,TRUE,TRUE,https://images.unsplash.com/photo-1563170351-be82bc88ea6f?q=80&w=800&auto=format&fit=crop,Dolce & Gabbana,Parfum,Amber Floral,Aromatic,Strong,A masterfully crafted EDP fragrance by Dolce & Gabbana. Perfect for Female seeking a Amber Floral scent with Strong longevity.
dolce-gabbana-the-only-one-edp,The Only One EDP,Dolce & Gabbana,Parfum,TRUE,Title,Default Title,shopify,43,deny,manual,323,TRUE,TRUE,https://images.unsplash.com/photo-1599305090598-fe179d501227?q=80&w=800&auto=format&fit=crop,Dolce & Gabbana,Parfum,Floriental,Aromatic,Medium,A masterfully crafted EDP fragrance by Dolce & Gabbana. Perfect for Female seeking a Floriental scent with Medium longevity.
dolce-gabbana-the-only-one-2-edp,The Only One 2 EDP,Dolce & Gabbana,Parfum,TRUE,Title,Default Title,shopify,44,deny,manual,324,TRUE,TRUE,https://images.unsplash.com/photo-1601007746401-44755f190e29?q=80&w=800&auto=format&fit=crop,Dolce & Gabbana,Parfum,Floriental,Aromatic,Medium,A masterfully crafted EDP fragrance by Dolce & Gabbana. Perfect for Female seeking a Floriental scent with Medium longevity.
dolce-gabbana-devotion-edp,Devotion EDP,Dolce & Gabbana,Parfum,TRUE,Title,Default Title,shopify,45,deny,manual,325,TRUE,TRUE,https://images.unsplash.com/photo-1601007746401-44755f190e29?q=80&w=800&auto=format&fit=crop,Dolce & Gabbana,Parfum,Floriental,Aromatic,Strong,A masterfully crafted EDP fragrance by Dolce & Gabbana. Perfect for Female seeking a Floriental scent with Strong longevity.
dolce-gabbana-devotion-edp-intense,Devotion EDP Intense,Dolce & Gabbana,Parfum,TRUE,Title,Default Title,shopify,46,deny,manual,326,TRUE,TRUE,https://images.unsplash.com/photo-1585386959984-a4155224a1ad?q=80&w=800&auto=format&fit=crop,Dolce & Gabbana,Parfum,Floriental,Aromatic,Strong,A masterfully crafted EDP fragrance by Dolce & Gabbana. Perfect for Female seeking a Floriental scent with Strong longevity.
dolce-gabbana-light-blue-edt,Light Blue EDT,Dolce & Gabbana,Cologne,TRUE,Title,Default Title,shopify,47,deny,manual,327,TRUE,TRUE,https://images.unsplash.com/photo-1596462502278-27bfdc403348?q=80&w=800&auto=format&fit=crop,Dolce & Gabbana,Cologne,Fruity Floral,Aromatic,Medium,A masterfully crafted EDT fragrance by Dolce & Gabbana. Perfect for Female seeking a Fruity Floral scent with Medium longevity.
dolce-gabbana-light-blue-edp,Light Blue EDP,Dolce & Gabbana,Parfum,TRUE,Title,Default Title,shopify,48,deny,manual,328,TRUE,TRUE,https://images.unsplash.com/photo-1598516086708-41c305c08d17?q=80&w=800&auto=format&fit=crop,Dolce & Gabbana,Parfum,Fruity Floral,Aromatic,Medium,A masterfully crafted EDP fragrance by Dolce & Gabbana. Perfect for Female seeking a Fruity Floral scent with Medium longevity.
dolce-gabbana-light-blue-eau-intense-edp,Light Blue Eau Intense EDP,Dolce & Gabbana,Parfum,TRUE,Title,Default Title,shopify,49,deny,manual,329,TRUE,TRUE,https://images.unsplash.com/photo-1594913785124-71239c4f5260?q=80&w=800&auto=format&fit=crop,Dolce & Gabbana,Parfum,Fruity Floral,Aromatic,Strong,A masterfully crafted EDP fragrance by Dolce & Gabbana. Perfect for Female seeking a Fruity Floral scent with Strong longevity.
dolce-gabbana-light-blue-forever-edp,Light Blue Forever EDP,Dolce & Gabbana,Parfum,TRUE,Title,Default Title,shopify,50,deny,manual,330,TRUE,TRUE,https://images.unsplash.com/photo-1592494911762-d2f1f5f3e911?q=80&w=800&auto=format&fit=crop,Dolce & Gabbana,Parfum,Fruity Floral,Aromatic,Strong,A masterfully crafted EDP fragrance by Dolce & Gabbana. Perfect for Female seeking a Fruity Floral scent with Strong longevity.
dolce-gabbana-pour-homme-edt,Pour Homme EDT,Dolce & Gabbana,Cologne,TRUE,Title,Default Title,shopify,51,deny,manual,331,TRUE,TRUE,https://images.unsplash.com/photo-1598516086708-41c305c08d17?q=80&w=800&auto=format&fit=crop,Dolce & Gabbana,Cologne,Woody Aromatic,Aromatic,Strong,A masterfully crafted EDT fragrance by Dolce & Gabbana. Perfect for Male seeking a Woody Aromatic scent with Strong longevity.
dolce-gabbana-pour-homme-intenso-edp,Pour Homme Intenso EDP,Dolce & Gabbana,Parfum,TRUE,Title,Default Title,shopify,52,deny,manual,332,TRUE,TRUE,https://images.unsplash.com/photo-1595425970377-c9703c48657a?q=80&w=800&auto=format&fit=crop,Dolce & Gabbana,Parfum,Woody Aromatic,Aromatic,Strong,A masterfully crafted EDP fragrance by Dolce & Gabbana. Perfect for Male seeking a Woody Aromatic scent with Strong longevity.
dolce-gabbana-the-one-for-men-edp,The One For Men EDP,Dolce & Gabbana,Parfum,TRUE,Title,Default Title,shopify,53,deny,manual,333,TRUE,TRUE,https://images.unsplash.com/photo-1598516086708-41c305c08d17?q=80&w=800&auto=format&fit=crop,Dolce & Gabbana,Parfum,Amber Spicy,Aromatic,Medium,A masterfully crafted EDP fragrance by Dolce & Gabbana. Perfect for Male seeking a Amber Spicy scent with Medium longevity.
dolce-gabbana-the-one-for-men-edp-intense,The One For Men EDP Intense,Dolce & Gabbana,Parfum,TRUE,Title,Default Title,shopify,54,deny,manual,334,TRUE,TRUE,https://images.unsplash.com/photo-1563170351-be82bc88ea6f?q=80&w=800&auto=format&fit=crop,Dolce & Gabbana,Parfum,Amber Spicy,Aromatic,Strong,A masterfully crafted EDP fragrance by Dolce & Gabbana. Perfect for Male seeking a Amber Spicy scent with Strong longevity.
dolce-gabbana-the-one-for-men-parfum,The One For Men Parfum,Dolce & Gabbana,Extract,TRUE,Title,Default Title,shopify,55,deny,manual,335,TRUE,TRUE,https://images.unsplash.com/photo-1592914610354-fd354d45fe82?q=80&w=800&auto=format&fit=crop,Dolce & Gabbana,Extract,Amber Spicy,Aromatic,Strong,A masterfully crafted PARFUM fragrance by Dolce & Gabbana. Perfect for Male seeking a Amber Spicy scent with Strong longevity.
dolce-gabbana-k-by-dolcegabbana-edp,K By Dolce&Gabbana EDP,Dolce & Gabbana,Parfum,TRUE,Title,Default Title,shopify,56,deny,manual,336,TRUE,TRUE,https://images.unsplash.com/photo-1592914610354-fd354d45fe82?q=80&w=800&auto=format&fit=crop,Dolce & Gabbana,Parfum,Woody Spicy,Aromatic,Medium,A masterfully crafted EDP fragrance by Dolce & Gabbana. Perfect for Male seeking a Woody Spicy scent with Medium longevity.
dolce-gabbana-k-by-dolcegabbana-intenso-edp,K By Dolce&Gabbana Intenso EDP,Dolce & Gabbana,Parfum,TRUE,Title,Default Title,shopify,57,deny,manual,337,TRUE,TRUE,https://images.unsplash.com/photo-1590156546946-ce55a12a6a5d?q=80&w=800&auto=format&fit=crop,Dolce & Gabbana,Parfum,Woody Spicy,Aromatic,Strong,A masterfully crafted EDP fragrance by Dolce & Gabbana. Perfect for Male seeking a Woody Spicy scent with Strong longevity.
dolce-gabbana-light-blue-pour-homme-edt,Light Blue Pour Homme EDT,Dolce & Gabbana,Cologne,TRUE,Title,Default Title,shopify,58,deny,manual,338,TRUE,TRUE,https://images.unsplash.com/photo-1592914610354-fd354d45fe82?q=80&w=800&auto=format&fit=crop,Dolce & Gabbana,Cologne,Fruity Aromatic,Aromatic,Medium,A masterfully crafted EDT fragrance by Dolce & Gabbana. Perfect for Male seeking a Fruity Aromatic scent with Medium longevity.
dolce-gabbana-light-blue-intense-pour-homme-edp,Light Blue Intense Pour Homme EDP,Dolce & Gabbana,Parfum,TRUE,Title,Default Title,shopify,59,deny,manual,339,TRUE,TRUE,https://images.unsplash.com/photo-1518331566-07612711ff60?q=80&w=800&auto=format&fit=crop,Dolce & Gabbana,Parfum,Fruity Aromatic,Aromatic,Strong,A masterfully crafted EDP fragrance by Dolce & Gabbana. Perfect for Male seeking a Fruity Aromatic scent with Strong longevity.
azzaro-chrome-edt,Chrome EDT,Azzaro,Cologne,TRUE,Title,Default Title,shopify,60,deny,manual,340,TRUE,TRUE,https://images.unsplash.com/photo-1622618991746-fe6004db3a47?q=80&w=800&auto=format&fit=crop,Azzaro,Cologne,Aromatic Fougere,Aromatic,Medium,A masterfully crafted EDT fragrance by Azzaro. Perfect for Unisex seeking a Aromatic Fougere scent with Medium longevity.
azzaro-chrome-intense-edt,Chrome Intense EDT,Azzaro,Cologne,TRUE,Title,Default Title,shopify,61,deny,manual,341,TRUE,TRUE,https://images.unsplash.com/photo-1594035910387-fea47794261f?q=80&w=800&auto=format&fit=crop,Azzaro,Cologne,Aromatic Fougere,Aromatic,Medium,A masterfully crafted EDT fragrance by Azzaro. Perfect for Unisex seeking a Aromatic Fougere scent with Medium longevity.
azzaro-chrome-aqua-edt,Chrome Aqua EDT,Azzaro,Cologne,TRUE,Title,Default Title,shopify,62,deny,manual,342,TRUE,TRUE,https://images.unsplash.com/photo-1518331566-07612711ff60?q=80&w=800&auto=format&fit=crop,Azzaro,Cologne,Aromatic Fougere,Aromatic,Medium,A masterfully crafted EDT fragrance by Azzaro. Perfect for Unisex seeking a Aromatic Fougere scent with Medium longevity.
azzaro-chrome-extreme-edt,Chrome Extreme EDT,Azzaro,Cologne,TRUE,Title,Default Title,shopify,63,deny,manual,343,TRUE,TRUE,https://images.unsplash.com/photo-1588405748880-12d1d2a59f75?q=80&w=800&auto=format&fit=crop,Azzaro,Cologne,Aromatic Fougere,Aromatic,Medium,A masterfully crafted EDT fragrance by Azzaro. Perfect for Unisex seeking a Aromatic Fougere scent with Medium longevity.
azzaro-chrome-azure-edt,Chrome Azure EDT,Azzaro,Cologne,TRUE,Title,Default Title,shopify,64,deny,manual,344,TRUE,TRUE,https://images.unsplash.com/photo-1590156546946-ce55a12a6a5d?q=80&w=800&auto=format&fit=crop,Azzaro,Cologne,Aromatic Fougere,Aromatic,Medium,A masterfully crafted EDT fragrance by Azzaro. Perfect for Unisex seeking a Aromatic Fougere scent with Medium longevity.
azzaro-chrome-legend-edt,Chrome Legend EDT,Azzaro,Cologne,TRUE,Title,Default Title,shopify,65,deny,manual,345,TRUE,TRUE,https://images.unsplash.com/photo-1598516086708-41c305c08d17?q=80&w=800&auto=format&fit=crop,Azzaro,Cologne,Aromatic Fougere,Aromatic,Medium,A masterfully crafted EDT fragrance by Azzaro. Perfect for Unisex seeking a Aromatic Fougere scent with Medium longevity.
azzaro-chrome-sport-edt,Chrome Sport EDT,Azzaro,Cologne,TRUE,Title,Default Title,shopify,66,deny,manual,346,TRUE,TRUE,https://images.unsplash.com/photo-1596462502278-27bfdc403348?q=80&w=800&auto=format&fit=crop,Azzaro,Cologne,Aromatic Fougere,Aromatic,Medium,A masterfully crafted EDT fragrance by Azzaro. Perfect for Unisex seeking a Aromatic Fougere scent with Medium longevity.
azzaro-chrome-pure-edt,Chrome Pure EDT,Azzaro,Cologne,TRUE,Title,Default Title,shopify,67,deny,manual,347,TRUE,TRUE,https://images.unsplash.com/photo-1595425970377-c9703c48657a?q=80&w=800&auto=format&fit=crop,Azzaro,Cologne,Aromatic Fougere,Aromatic,Medium,A masterfully crafted EDT fragrance by Azzaro. Perfect for Unisex seeking a Aromatic Fougere scent with Medium longevity.
azzaro-chrome-united-edt,Chrome United EDT,Azzaro,Cologne,TRUE,Title,Default Title,shopify,68,deny,manual,348,TRUE,TRUE,https://images.unsplash.com/photo-1615529183492-c4e047ceb4d5?q=80&w=800&auto=format&fit=crop,Azzaro,Cologne,Aromatic Fougere,Aromatic,Medium,A masterfully crafted EDT fragrance by Azzaro. Perfect for Unisex seeking a Aromatic Fougere scent with Medium longevity.
azzaro-chrome-pure-sport-edt,Chrome Pure Sport EDT,Azzaro,Cologne,TRUE,Title,Default Title,shopify,69,deny,manual,349,TRUE,TRUE,https://images.unsplash.com/photo-1594913785124-71239c4f5260?q=80&w=800&auto=format&fit=crop,Azzaro,Cologne,Aromatic Fougere,Aromatic,Medium,A masterfully crafted EDT fragrance by Azzaro. Perfect for Unisex seeking a Aromatic Fougere scent with Medium longevity.
azzaro-wanted-edt,Wanted EDT,Azzaro,Cologne,TRUE,Title,Default Title,shopify,20,deny,manual,350,TRUE,TRUE,https://images.unsplash.com/photo-1598516086708-41c305c08d17?q=80&w=800&auto=format&fit=crop,Azzaro,Cologne,Woody Spicy,Aromatic,Medium,A masterfully crafted EDT fragrance by Azzaro. Perfect for Male seeking a Woody Spicy scent with Medium longevity.
azzaro-wanted-by-night-edt,Wanted By Night EDT,Azzaro,Cologne,TRUE,Title,Default Title,shopify,21,deny,manual,351,TRUE,TRUE,https://images.unsplash.com/photo-1615529182904-14819c35db37?q=80&w=800&auto=format&fit=crop,Azzaro,Cologne,Woody Spicy,Aromatic,Strong,A masterfully crafted EDT fragrance by Azzaro. Perfect for Male seeking a Woody Spicy scent with Strong longevity.
azzaro-wanted-eau-de-parfum-edp,Wanted Eau De Parfum EDP,Azzaro,Parfum,TRUE,Title,Default Title,shopify,22,deny,manual,352,TRUE,TRUE,https://images.unsplash.com/photo-1598516086708-41c305c08d17?q=80&w=800&auto=format&fit=crop,Azzaro,Parfum,Woody Spicy,Aromatic,Medium,A masterfully crafted EDP fragrance by Azzaro. Perfect for Male seeking a Woody Spicy scent with Medium longevity.
azzaro-wanted-freeride-edt,Wanted Freeride EDT,Azzaro,Cologne,TRUE,Title,Default Title,shopify,23,deny,manual,353,TRUE,TRUE,https://images.unsplash.com/photo-1608528577891-eb055944f2e7?q=80&w=800&auto=format&fit=crop,Azzaro,Cologne,Woody Spicy,Aromatic,Medium,A masterfully crafted EDT fragrance by Azzaro. Perfect for Male seeking a Woody Spicy scent with Medium longevity.
azzaro-wanted-tonic-edt,Wanted Tonic EDT,Azzaro,Cologne,TRUE,Title,Default Title,shopify,24,deny,manual,354,TRUE,TRUE,https://images.unsplash.com/photo-1592945403244-b3fbafd7f539?q=80&w=800&auto=format&fit=crop,Azzaro,Cologne,Citrus Aromatic,Aromatic,Medium,A masterfully crafted EDT fragrance by Azzaro. Perfect for Male seeking a Citrus Aromatic scent with Medium longevity.
azzaro-the-most-wanted-parfum,The Most Wanted Parfum,Azzaro,Extract,TRUE,Title,Default Title,shopify,25,deny,manual,355,TRUE,TRUE,https://images.unsplash.com/photo-1595425970377-c9703c48657a?q=80&w=800&auto=format&fit=crop,Azzaro,Extract,Amber Spicy,Aromatic,Strong,A masterfully crafted PARFUM fragrance by Azzaro. Perfect for Male seeking a Amber Spicy scent with Strong longevity.
azzaro-the-most-wanted-intense-edp,The Most Wanted Intense EDP,Azzaro,Parfum,TRUE,Title,Default Title,shopify,26,deny,manual,356,TRUE,TRUE,https://images.unsplash.com/photo-1594913785124-71239c4f5260?q=80&w=800&auto=format&fit=crop,Azzaro,Parfum,Amber Spicy,Aromatic,Very Strong,A masterfully crafted EDP fragrance by Azzaro. Perfect for Male seeking a Amber Spicy scent with Very Strong longevity.
azzaro-the-most-wanted-eau-de-parfum-edp,The Most Wanted Eau De Parfum EDP,Azzaro,Parfum,TRUE,Title,Default Title,shopify,27,deny,manual,357,TRUE,TRUE,https://images.unsplash.com/photo-1585386959984-a4155224a1ad?q=80&w=800&auto=format&fit=crop,Azzaro,Parfum,Amber Spicy,Aromatic,Strong,A masterfully crafted EDP fragrance by Azzaro. Perfect for Male seeking a Amber Spicy scent with Strong longevity.
azzaro-forever-wanted-elixir-edp,Forever Wanted Elixir EDP,Azzaro,Parfum,TRUE,Title,Default Title,shopify,28,deny,manual,358,TRUE,TRUE,https://images.unsplash.com/photo-1595425970377-c9703c48657a?q=80&w=800&auto=format&fit=crop,Azzaro,Parfum,Amber Woody,Aromatic,Strong,A masterfully crafted EDP fragrance by Azzaro. Perfect for Male seeking a Amber Woody scent with Strong longevity.
azzaro-pour-homme-edt,Pour Homme EDT,Azzaro,Cologne,TRUE,Title,Default Title,shopify,29,deny,manual,359,TRUE,TRUE,https://images.unsplash.com/photo-1594035910387-fea47794261f?q=80&w=800&auto=format&fit=crop,Azzaro,Cologne,Woody Aromatic,Aromatic,Medium,A masterfully crafted EDT fragrance by Azzaro. Perfect for Male seeking a Woody Aromatic scent with Medium longevity.
azzaro-pour-homme-intense-edp,Pour Homme Intense EDP,Azzaro,Parfum,TRUE,Title,Default Title,shopify,30,deny,manual,360,TRUE,TRUE,https://images.unsplash.com/photo-1595535373192-fc8938b27529?q=80&w=800&auto=format&fit=crop,Azzaro,Parfum,Woody Aromatic,Aromatic,Strong,A masterfully crafted EDP fragrance by Azzaro. Perfect for Male seeking a Woody Aromatic scent with Strong longevity.
azzaro-pour-homme-edition-noire-edp,Pour Homme Edition Noire EDP,Azzaro,Parfum,TRUE,Title,Default Title,shopify,31,deny,manual,361,TRUE,TRUE,https://images.unsplash.com/photo-1592945403244-b3fbafd7f539?q=80&w=800&auto=format&fit=crop,Azzaro,Parfum,Woody Aromatic,Aromatic,Strong,A masterfully crafted EDP fragrance by Azzaro. Perfect for Male seeking a Woody Aromatic scent with Strong longevity.
azzaro-pour-elle-edp,Pour Elle EDP,Azzaro,Parfum,TRUE,Title,Default Title,shopify,32,deny,manual,362,TRUE,TRUE,https://images.unsplash.com/photo-1615529183492-c4e047ceb4d5?q=80&w=800&auto=format&fit=crop,Azzaro,Parfum,Floriental,Aromatic,Medium,A masterfully crafted EDP fragrance by Azzaro. Perfect for Female seeking a Floriental scent with Medium longevity.
azzaro-pour-elle-leau-tres-belle-edt,Pour Elle L'Eau Tres Belle EDT,Azzaro,Cologne,TRUE,Title,Default Title,shopify,33,deny,manual,363,TRUE,TRUE,https://images.unsplash.com/photo-1592914610354-fd354d45fe82?q=80&w=800&auto=format&fit=crop,Azzaro,Cologne,Floriental,Aromatic,Medium,A masterfully crafted EDT fragrance by Azzaro. Perfect for Female seeking a Floriental scent with Medium longevity.
azzaro-pour-elle-leau-tres-florale-edt,Pour Elle L'Eau Tres Florale EDT,Azzaro,Cologne,TRUE,Title,Default Title,shopify,34,deny,manual,364,TRUE,TRUE,https://images.unsplash.com/photo-1592945403244-b3fbafd7f539?q=80&w=800&auto=format&fit=crop,Azzaro,Cologne,Floriental,Aromatic,Medium,A masterfully crafted EDT fragrance by Azzaro. Perfect for Female seeking a Floriental scent with Medium longevity.
azzaro-mademoiselle-edt,Mademoiselle EDT,Azzaro,Cologne,TRUE,Title,Default Title,shopify,35,deny,manual,365,TRUE,TRUE,https://images.unsplash.com/photo-1595425970377-c9703c48657a?q=80&w=800&auto=format&fit=crop,Azzaro,Cologne,Floriental,Aromatic,Medium,A masterfully crafted EDT fragrance by Azzaro. Perfect for Female seeking a Floriental scent with Medium longevity.
azzaro-mademoiselle-leau-tres-belle-edt,Mademoiselle L'Eau Tres Belle EDT,Azzaro,Cologne,TRUE,Title,Default Title,shopify,36,deny,manual,366,TRUE,TRUE,https://images.unsplash.com/photo-1563170351-be82bc88ea6f?q=80&w=800&auto=format&fit=crop,Azzaro,Cologne,Floriental,Aromatic,Medium,A masterfully crafted EDT fragrance by Azzaro. Perfect for Female seeking a Floriental scent with Medium longevity.
azzaro-mademoiselle-leau-tres-florale-edt,Mademoiselle L'Eau Tres Florale EDT,Azzaro,Cologne,TRUE,Title,Default Title,shopify,37,deny,manual,367,TRUE,TRUE,https://images.unsplash.com/photo-1601244840899-72c676afba7b?q=80&w=800&auto=format&fit=crop,Azzaro,Cologne,Floriental,Aromatic,Medium,A masterfully crafted EDT fragrance by Azzaro. Perfect for Female seeking a Floriental scent with Medium longevity.
azzaro-hot-pepper-edt,Hot Pepper EDT,Azzaro,Cologne,TRUE,Title,Default Title,shopify,38,deny,manual,368,TRUE,TRUE,https://images.unsplash.com/photo-1592494911762-d2f1f5f3e911?q=80&w=800&auto=format&fit=crop,Azzaro,Cologne,Spicy,Aromatic,Medium,A masterfully crafted EDT fragrance by Azzaro. Perfect for Female seeking a Spicy scent with Medium longevity.
azzaro-fun-edt,Fun EDT,Azzaro,Cologne,TRUE,Title,Default Title,shopify,39,deny,manual,369,TRUE,TRUE,https://images.unsplash.com/photo-1595425970377-c9703c48657a?q=80&w=800&auto=format&fit=crop,Azzaro,Cologne,Floriental,Aromatic,Medium,A masterfully crafted EDT fragrance by Azzaro. Perfect for Female seeking a Floriental scent with Medium longevity.
azzaro-visit-for-men-edt,Visit For Men EDT,Azzaro,Cologne,TRUE,Title,Default Title,shopify,40,deny,manual,370,TRUE,TRUE,https://images.unsplash.com/photo-1592945403244-b3fbafd7f539?q=80&w=800&auto=format&fit=crop,Azzaro,Cologne,Woody Spicy,Aromatic,Medium,A masterfully crafted EDT fragrance by Azzaro. Perfect for Male seeking a Woody Spicy scent with Medium longevity.
azzaro-visit-for-women-edt,Visit For Women EDT,Azzaro,Cologne,TRUE,Title,Default Title,shopify,41,deny,manual,371,TRUE,TRUE,https://images.unsplash.com/photo-1592914610354-fd354d45fe82?q=80&w=800&auto=format&fit=crop,Azzaro,Cologne,Floriental,Aromatic,Medium,A masterfully crafted EDT fragrance by Azzaro. Perfect for Female seeking a Floriental scent with Medium longevity.
azzaro-decibel-edt,Decibel EDT,Azzaro,Cologne,TRUE,Title,Default Title,shopify,42,deny,manual,372,TRUE,TRUE,https://images.unsplash.com/photo-1601007746401-44755f190e29?q=80&w=800&auto=format&fit=crop,Azzaro,Cologne,Woody Spicy,Aromatic,Medium,A masterfully crafted EDT fragrance by Azzaro. Perfect for Male seeking a Woody Spicy scent with Medium longevity.
azzaro-elixir-edp,Elixir EDP,Azzaro,Parfum,TRUE,Title,Default Title,shopify,43,deny,manual,373,TRUE,TRUE,https://images.unsplash.com/photo-1592914610354-fd354d45fe82?q=80&w=800&auto=format&fit=crop,Azzaro,Parfum,Amber Spicy,Aromatic,Strong,A masterfully crafted EDP fragrance by Azzaro. Perfect for Male seeking a Amber Spicy scent with Strong longevity.
azzaro-forever-wanted-elixir-edp,Forever Wanted Elixir EDP,Azzaro,Parfum,TRUE,Title,Default Title,shopify,44,deny,manual,374,TRUE,TRUE,https://images.unsplash.com/photo-1595425970377-c9703c48657a?q=80&w=800&auto=format&fit=crop,Azzaro,Parfum,Amber Woody,Aromatic,Strong,A masterfully crafted EDP fragrance by Azzaro. Perfect for Male seeking a Amber Woody scent with Strong longevity.
al-haramain-detour-noir,Detour Noir,Al Haramain,Parfum,TRUE,Title,Default Title,shopify,45,deny,manual,375,TRUE,TRUE,https://images.unsplash.com/photo-1599305090598-fe179d501227?q=80&w=800&auto=format&fit=crop,Al Haramain,Parfum,Amber Woody,Aromatic,6–8 hours,A masterfully crafted EDP fragrance by Al Haramain. Perfect for Unisex seeking a Amber Woody scent with 6–8 hours longevity.
al-haramain-detour-eco,Detour Eco,Al Haramain,Parfum,TRUE,Title,Default Title,shopify,46,deny,manual,376,TRUE,TRUE,https://images.unsplash.com/photo-1594913785124-71239c4f5260?q=80&w=800&auto=format&fit=crop,Al Haramain,Parfum,Woody Spicy,Aromatic,6–8 hours,A masterfully crafted EDP fragrance by Al Haramain. Perfect for Unisex seeking a Woody Spicy scent with 6–8 hours longevity.
al-haramain-detour-rouge,Detour Rouge,Al Haramain,Parfum,TRUE,Title,Default Title,shopify,47,deny,manual,377,TRUE,TRUE,https://images.unsplash.com/photo-1582211594533-268f4f1edcb9?q=80&w=800&auto=format&fit=crop,Al Haramain,Parfum,Amber Spicy,Aromatic,6–8 hours,A masterfully crafted EDP fragrance by Al Haramain. Perfect for Unisex seeking a Amber Spicy scent with 6–8 hours longevity.
al-haramain-detour-exclusif,Detour Exclusif,Al Haramain,Parfum,TRUE,Title,Default Title,shopify,48,deny,manual,378,TRUE,TRUE,https://images.unsplash.com/photo-1585386959984-a4155224a1ad?q=80&w=800&auto=format&fit=crop,Al Haramain,Parfum,Woody Spicy,Aromatic,6–8 hours,A masterfully crafted EDP fragrance by Al Haramain. Perfect for Unisex seeking a Woody Spicy scent with 6–8 hours longevity.
al-haramain-laventure,L'Aventure,Al Haramain,Parfum,TRUE,Title,Default Title,shopify,49,deny,manual,379,TRUE,TRUE,https://images.unsplash.com/photo-1615529183492-c4e047ceb4d5?q=80&w=800&auto=format&fit=crop,Al Haramain,Parfum,Citrus Woody,Aromatic,6–8 hours,A masterfully crafted EDP fragrance by Al Haramain. Perfect for Men seeking a Citrus Woody scent with 6–8 hours longevity.
al-haramain-laventure-intense,L'Aventure Intense,Al Haramain,Parfum,TRUE,Title,Default Title,shopify,50,deny,manual,380,TRUE,TRUE,https://images.unsplash.com/photo-1598516086708-41c305c08d17?q=80&w=800&auto=format&fit=crop,Al Haramain,Parfum,Woody Spicy,Aromatic,6–8 hours,A masterfully crafted EDP fragrance by Al Haramain. Perfect for Men seeking a Woody Spicy scent with 6–8 hours longevity.
al-haramain-laventure-blanche,L'Aventure Blanche,Al Haramain,Parfum,TRUE,Title,Default Title,shopify,51,deny,manual,381,TRUE,TRUE,https://images.unsplash.com/photo-1595425970377-c9703c48657a?q=80&w=800&auto=format&fit=crop,Al Haramain,Parfum,Floral Woody,Aromatic,6–8 hours,A masterfully crafted EDP fragrance by Al Haramain. Perfect for Women seeking a Floral Woody scent with 6–8 hours longevity.
al-haramain-laventure-femme,L'Aventure Femme,Al Haramain,Parfum,TRUE,Title,Default Title,shopify,52,deny,manual,382,TRUE,TRUE,https://images.unsplash.com/photo-1619994403073-2cec844b8e63?q=80&w=800&auto=format&fit=crop,Al Haramain,Parfum,Floriental,Aromatic,6–8 hours,A masterfully crafted EDP fragrance by Al Haramain. Perfect for Women seeking a Floriental scent with 6–8 hours longevity.
al-haramain-laventure-knight,L'Aventure Knight,Al Haramain,Parfum,TRUE,Title,Default Title,shopify,53,deny,manual,383,TRUE,TRUE,https://images.unsplash.com/photo-1603569283847-aa295f0d016a?q=80&w=800&auto=format&fit=crop,Al Haramain,Parfum,Woody Aromatic,Aromatic,6–8 hours,A masterfully crafted EDP fragrance by Al Haramain. Perfect for Men seeking a Woody Aromatic scent with 6–8 hours longevity.
al-haramain-laventure-gold,L'Aventure Gold,Al Haramain,Parfum,TRUE,Title,Default Title,shopify,54,deny,manual,384,TRUE,TRUE,https://images.unsplash.com/photo-1601244840899-72c676afba7b?q=80&w=800&auto=format&fit=crop,Al Haramain,Parfum,Floriental,Aromatic,6–8 hours,A masterfully crafted EDP fragrance by Al Haramain. Perfect for Women seeking a Floriental scent with 6–8 hours longevity.
al-haramain-amber-oud-gold-edition,Amber Oud Gold Edition,Al Haramain,Parfum,TRUE,Title,Default Title,shopify,55,deny,manual,385,TRUE,TRUE,https://images.unsplash.com/photo-1592914610354-fd354d45fe82?q=80&w=800&auto=format&fit=crop,Al Haramain,Parfum,Amber Floral,Aromatic,Strong,A masterfully crafted EDP fragrance by Al Haramain. Perfect for Unisex seeking a Amber Floral scent with Strong longevity.
al-haramain-amber-oud-white-edition,Amber Oud White Edition,Al Haramain,Parfum,TRUE,Title,Default Title,shopify,56,deny,manual,386,TRUE,TRUE,https://images.unsplash.com/photo-1582211594533-268f4f1edcb9?q=80&w=800&auto=format&fit=crop,Al Haramain,Parfum,Floriental,Aromatic,Medium,A masterfully crafted EDP fragrance by Al Haramain. Perfect for Unisex seeking a Floriental scent with Medium longevity.
al-haramain-amber-oud-carbon-edition,Amber Oud Carbon Edition,Al Haramain,Parfum,TRUE,Title,Default Title,shopify,57,deny,manual,387,TRUE,TRUE,https://images.unsplash.com/photo-1563170351-be82bc88ea6f?q=80&w=800&auto=format&fit=crop,Al Haramain,Parfum,Woody Aromatic,Aromatic,Strong,A masterfully crafted EDP fragrance by Al Haramain. Perfect for Unisex seeking a Woody Aromatic scent with Strong longevity.
al-haramain-amber-oud-bleu-edition,Amber Oud Bleu Edition,Al Haramain,Parfum,TRUE,Title,Default Title,shopify,58,deny,manual,388,TRUE,TRUE,https://images.unsplash.com/photo-1582211594533-268f4f1edcb9?q=80&w=800&auto=format&fit=crop,Al Haramain,Parfum,Woody Spicy,Aromatic,Strong,A masterfully crafted EDP fragrance by Al Haramain. Perfect for Unisex seeking a Woody Spicy scent with Strong longevity.
al-haramain-amber-oud-tobacco-edition,Amber Oud Tobacco Edition,Al Haramain,Parfum,TRUE,Title,Default Title,shopify,59,deny,manual,389,TRUE,TRUE,https://images.unsplash.com/photo-1598516086708-41c305c08d17?q=80&w=800&auto=format&fit=crop,Al Haramain,Parfum,Amber Spicy,Aromatic,Strong,A masterfully crafted EDP fragrance by Al Haramain. Perfect for Unisex seeking a Amber Spicy scent with Strong longevity.
al-haramain-amber-oud-ruby-edition,Amber Oud Ruby Edition,Al Haramain,Parfum,TRUE,Title,Default Title,shopify,60,deny,manual,390,TRUE,TRUE,https://images.unsplash.com/photo-1592945403244-b3fbafd7f539?q=80&w=800&auto=format&fit=crop,Al Haramain,Parfum,Amber Floral,Aromatic,Strong,A masterfully crafted EDP fragrance by Al Haramain. Perfect for Unisex seeking a Amber Floral scent with Strong longevity.
al-haramain-amber-oud-dubai-night,Amber Oud Dubai Night,Al Haramain,Parfum,TRUE,Title,Default Title,shopify,61,deny,manual,391,TRUE,TRUE,https://images.unsplash.com/photo-1563170351-be82bc88ea6f?q=80&w=800&auto=format&fit=crop,Al Haramain,Parfum,Woody Spicy,Aromatic,Medium,A masterfully crafted EDP fragrance by Al Haramain. Perfect for Unisex seeking a Woody Spicy scent with Medium longevity.
al-haramain-amber-oud-aqua-dubai,Amber Oud Aqua Dubai,Al Haramain,Parfum,TRUE,Title,Default Title,shopify,62,deny,manual,392,TRUE,TRUE,https://images.unsplash.com/photo-1585386959984-a4155224a1ad?q=80&w=800&auto=format&fit=crop,Al Haramain,Parfum,Woody Aquatic,Aromatic,Medium,A masterfully crafted EDP fragrance by Al Haramain. Perfect for Unisex seeking a Woody Aquatic scent with Medium longevity.
al-haramain-amber-oud-gold-edition-extreme,Amber Oud Gold Edition Extreme,Al Haramain,Extract,TRUE,Title,Default Title,shopify,63,deny,manual,393,TRUE,TRUE,https://images.unsplash.com/photo-1595535373192-fc8938b27529?q=80&w=800&auto=format&fit=crop,Al Haramain,Extract,Amber Floral,Aromatic,Very Strong,A masterfully crafted EXTRAIT DE PARFUM fragrance by Al Haramain. Perfect for Unisex seeking a Amber Floral scent with Very Strong longevity.
al-haramain-amber-oud-gold-edition-intense,Amber Oud Gold Edition Intense,Al Haramain,Parfum,TRUE,Title,Default Title,shopify,64,deny,manual,394,TRUE,TRUE,https://images.unsplash.com/photo-1594913785124-71239c4f5260?q=80&w=800&auto=format&fit=crop,Al Haramain,Parfum,Amber Floral,Aromatic,Strong,A masterfully crafted EDP fragrance by Al Haramain. Perfect for Unisex seeking a Amber Floral scent with Strong longevity.
al-haramain-amber-oud-gold-edition-limited,Amber Oud Gold Edition Limited,Al Haramain,Parfum,TRUE,Title,Default Title,shopify,65,deny,manual,395,TRUE,TRUE,https://images.unsplash.com/photo-1595425970377-c9703c48657a?q=80&w=800&auto=format&fit=crop,Al Haramain,Parfum,Amber Floral,Aromatic,Strong,A masterfully crafted EDP fragrance by Al Haramain. Perfect for Unisex seeking a Amber Floral scent with Strong longevity.
al-haramain-amber-oud-gold-edition-exclusive,Amber Oud Gold Edition Exclusive,Al Haramain,Parfum,TRUE,Title,Default Title,shopify,66,deny,manual,396,TRUE,TRUE,https://images.unsplash.com/photo-1596462502278-27bfdc403348?q=80&w=800&auto=format&fit=crop,Al Haramain,Parfum,Amber Floral,Aromatic,Strong,A masterfully crafted EDP fragrance by Al Haramain. Perfect for Unisex seeking a Amber Floral scent with Strong longevity.
al-haramain-amber-oud-gold-edition-supreme,Amber Oud Gold Edition Supreme,Al Haramain,Parfum,TRUE,Title,Default Title,shopify,67,deny,manual,397,TRUE,TRUE,https://images.unsplash.com/photo-1585386959984-a4155224a1ad?q=80&w=800&auto=format&fit=crop,Al Haramain,Parfum,Amber Floral,Aromatic,Strong,A masterfully crafted EDP fragrance by Al Haramain. Perfect for Unisex seeking a Amber Floral scent with Strong longevity.
al-haramain-amber-oud-gold-edition-royal,Amber Oud Gold Edition Royal,Al Haramain,Parfum,TRUE,Title,Default Title,shopify,68,deny,manual,398,TRUE,TRUE,https://images.unsplash.com/photo-1608528577891-eb055944f2e7?q=80&w=800&auto=format&fit=crop,Al Haramain,Parfum,Amber Floral,Aromatic,Strong,A masterfully crafted EDP fragrance by Al Haramain. Perfect for Unisex seeking a Amber Floral scent with Strong longevity.
al-haramain-amber-oud-gold-edition-classic,Amber Oud Gold Edition Classic,Al Haramain,Parfum,TRUE,Title,Default Title,shopify,69,deny,manual,399,TRUE,TRUE,https://images.unsplash.com/photo-1582211594533-268f4f1edcb9?q=80&w=800&auto=format&fit=crop,Al Haramain,Parfum,Amber Floral,Aromatic,Strong,A masterfully crafted EDP fragrance by Al Haramain. Perfect for Unisex seeking a Amber Floral scent with Strong longevity.
al-haramain-amber-oud-gold-edition-prestige,Amber Oud Gold Edition Prestige,Al Haramain,Parfum,TRUE,Title,Default Title,shopify,20,deny,manual,400,TRUE,TRUE,https://images.unsplash.com/photo-1608528577891-eb055944f2e7?q=80&w=800&auto=format&fit=crop,Al Haramain,Parfum,Amber Floral,Aromatic,Strong,A masterfully crafted EDP fragrance by Al Haramain. Perfect for Unisex seeking a Amber Floral scent with Strong longevity.
al-haramain-amber-oud-gold-edition-signature,Amber Oud Gold Edition Signature,Al Haramain,Parfum,TRUE,Title,Default Title,shopify,21,deny,manual,401,TRUE,TRUE,https://images.unsplash.com/photo-1592945403244-b3fbafd7f539?q=80&w=800&auto=format&fit=crop,Al Haramain,Parfum,Amber Floral,Aromatic,Strong,A masterfully crafted EDP fragrance by Al Haramain. Perfect for Unisex seeking a Amber Floral scent with Strong longevity.
al-haramain-amber-oud-gold-edition-elite,Amber Oud Gold Edition Elite,Al Haramain,Parfum,TRUE,Title,Default Title,shopify,22,deny,manual,402,TRUE,TRUE,https://images.unsplash.com/photo-1592914610354-fd354d45fe82?q=80&w=800&auto=format&fit=crop,Al Haramain,Parfum,Amber Floral,Aromatic,Strong,A masterfully crafted EDP fragrance by Al Haramain. Perfect for Unisex seeking a Amber Floral scent with Strong longevity.
al-haramain-amber-oud-gold-edition-supreme-intense,Amber Oud Gold Edition Supreme Intense,Al Haramain,Extract,TRUE,Title,Default Title,shopify,23,deny,manual,403,TRUE,TRUE,https://images.unsplash.com/photo-1592914610354-fd354d45fe82?q=80&w=800&auto=format&fit=crop,Al Haramain,Extract,Amber Floral,Aromatic,Very Strong,A masterfully crafted EXTRAIT DE PARFUM fragrance by Al Haramain. Perfect for Unisex seeking a Amber Floral scent with Very Strong longevity.
al-haramain-amber-oud-gold-edition-supreme-limited,Amber Oud Gold Edition Supreme Limited,Al Haramain,Extract,TRUE,Title,Default Title,shopify,24,deny,manual,404,TRUE,TRUE,https://images.unsplash.com/photo-1595425970377-c9703c48657a?q=80&w=800&auto=format&fit=crop,Al Haramain,Extract,Amber Floral,Aromatic,Very Strong,A masterfully crafted EXTRAIT DE PARFUM fragrance by Al Haramain. Perfect for Unisex seeking a Amber Floral scent with Very Strong longevity.
al-haramain-amber-oud-gold-edition-supreme-exclusive,Amber Oud Gold Edition Supreme Exclusive,Al Haramain,Extract,TRUE,Title,Default Title,shopify,25,deny,manual,405,TRUE,TRUE,https://images.unsplash.com/photo-1595425970377-c9703c48657a?q=80&w=800&auto=format&fit=crop,Al Haramain,Extract,Amber Floral,Aromatic,Very Strong,A masterfully crafted EXTRAIT DE PARFUM fragrance by Al Haramain. Perfect for Unisex seeking a Amber Floral scent with Very Strong longevity.
al-haramain-amber-oud-gold-edition-supreme-royal,Amber Oud Gold Edition Supreme Royal,Al Haramain,Extract,TRUE,Title,Default Title,shopify,26,deny,manual,406,TRUE,TRUE,https://images.unsplash.com/photo-1582211594533-268f4f1edcb9?q=80&w=800&auto=format&fit=crop,Al Haramain,Extract,Amber Floral,Aromatic,Very Strong,A masterfully crafted EXTRAIT DE PARFUM fragrance by Al Haramain. Perfect for Unisex seeking a Amber Floral scent with Very Strong longevity.
al-haramain-amber-oud-gold-edition-supreme-classic,Amber Oud Gold Edition Supreme Classic,Al Haramain,Extract,TRUE,Title,Default Title,shopify,27,deny,manual,407,TRUE,TRUE,https://images.unsplash.com/photo-1595535373192-fc8938b27529?q=80&w=800&auto=format&fit=crop,Al Haramain,Extract,Amber Floral,Aromatic,Very Strong,A masterfully crafted EXTRAIT DE PARFUM fragrance by Al Haramain. Perfect for Unisex seeking a Amber Floral scent with Very Strong longevity.
al-haramain-amber-oud-gold-edition-supreme-prestige,Amber Oud Gold Edition Supreme Prestige,Al Haramain,Extract,TRUE,Title,Default Title,shopify,28,deny,manual,408,TRUE,TRUE,https://images.unsplash.com/photo-1603569283847-aa295f0d016a?q=80&w=800&auto=format&fit=crop,Al Haramain,Extract,Amber Floral,Aromatic,Very Strong,A masterfully crafted EXTRAIT DE PARFUM fragrance by Al Haramain. Perfect for Unisex seeking a Amber Floral scent with Very Strong longevity.
al-haramain-amber-oud-gold-edition-supreme-signature,Amber Oud Gold Edition Supreme Signature,Al Haramain,Extract,TRUE,Title,Default Title,shopify,29,deny,manual,409,TRUE,TRUE,https://images.unsplash.com/photo-1595425970377-c9703c48657a?q=80&w=800&auto=format&fit=crop,Al Haramain,Extract,Amber Floral,Aromatic,Very Strong,A masterfully crafted EXTRAIT DE PARFUM fragrance by Al Haramain. Perfect for Unisex seeking a Amber Floral scent with Very Strong longevity.
al-haramain-amber-oud-gold-edition-supreme-elite,Amber Oud Gold Edition Supreme Elite,Al Haramain,Extract,TRUE,Title,Default Title,shopify,30,deny,manual,410,TRUE,TRUE,https://images.unsplash.com/photo-1588405748880-12d1d2a59f75?q=80&w=800&auto=format&fit=crop,Al Haramain,Extract,Amber Floral,Aromatic,Very Strong,A masterfully crafted EXTRAIT DE PARFUM fragrance by Al Haramain. Perfect for Unisex seeking a Amber Floral scent with Very Strong longevity.
al-haramain-amber-oud-gold-edition-supreme-intense-limited,Amber Oud Gold Edition Supreme Intense Limited,Al Haramain,Extract,TRUE,Title,Default Title,shopify,31,deny,manual,411,TRUE,TRUE,https://images.unsplash.com/photo-1595425970377-c9703c48657a?q=80&w=800&auto=format&fit=crop,Al Haramain,Extract,Amber Floral,Aromatic,Very Strong,A masterfully crafted EXTRAIT DE PARFUM fragrance by Al Haramain. Perfect for Unisex seeking a Amber Floral scent with Very Strong longevity.
al-haramain-amber-oud-gold-edition-supreme-intense-exclusive,Amber Oud Gold Edition Supreme Intense Exclusive,Al Haramain,Extract,TRUE,Title,Default Title,shopify,32,deny,manual,412,TRUE,TRUE,https://images.unsplash.com/photo-1592494911762-d2f1f5f3e911?q=80&w=800&auto=format&fit=crop,Al Haramain,Extract,Amber Floral,Aromatic,Very Strong,A masterfully crafted EXTRAIT DE PARFUM fragrance by Al Haramain. Perfect for Unisex seeking a Amber Floral scent with Very Strong longevity.
al-haramain-amber-oud-gold-edition-supreme-intense-royal,Amber Oud Gold Edition Supreme Intense Royal,Al Haramain,Extract,TRUE,Title,Default Title,shopify,33,deny,manual,413,TRUE,TRUE,https://images.unsplash.com/photo-1598516086708-41c305c08d17?q=80&w=800&auto=format&fit=crop,Al Haramain,Extract,Amber Floral,Aromatic,Very Strong,A masterfully crafted EXTRAIT DE PARFUM fragrance by Al Haramain. Perfect for Unisex seeking a Amber Floral scent with Very Strong longevity.
al-haramain-amber-oud-gold-edition-supreme-intense-classic,Amber Oud Gold Edition Supreme Intense Classic,Al Haramain,Extract,TRUE,Title,Default Title,shopify,34,deny,manual,414,TRUE,TRUE,https://images.unsplash.com/photo-1582211594533-268f4f1edcb9?q=80&w=800&auto=format&fit=crop,Al Haramain,Extract,Amber Floral,Aromatic,Very Strong,A masterfully crafted EXTRAIT DE PARFUM fragrance by Al Haramain. Perfect for Unisex seeking a Amber Floral scent with Very Strong longevity.
al-haramain-amber-oud-gold-edition-supreme-intense-prestige,Amber Oud Gold Edition Supreme Intense Prestige,Al Haramain,Extract,TRUE,Title,Default Title,shopify,35,deny,manual,415,TRUE,TRUE,https://images.unsplash.com/photo-1615529182904-14819c35db37?q=80&w=800&auto=format&fit=crop,Al Haramain,Extract,Amber Floral,Aromatic,Very Strong,A masterfully crafted EXTRAIT DE PARFUM fragrance by Al Haramain. Perfect for Unisex seeking a Amber Floral scent with Very Strong longevity.
al-haramain-amber-oud-gold-edition-supreme-intense-signature,Amber Oud Gold Edition Supreme Intense Signature,Al Haramain,Extract,TRUE,Title,Default Title,shopify,36,deny,manual,416,TRUE,TRUE,https://images.unsplash.com/photo-1592494911762-d2f1f5f3e911?q=80&w=800&auto=format&fit=crop,Al Haramain,Extract,Amber Floral,Aromatic,Very Strong,A masterfully crafted EXTRAIT DE PARFUM fragrance by Al Haramain. Perfect for Unisex seeking a Amber Floral scent with Very Strong longevity.
al-haramain-amber-oud-gold-edition-supreme-intense-elite,Amber Oud Gold Edition Supreme Intense Elite,Al Haramain,Extract,TRUE,Title,Default Title,shopify,37,deny,manual,417,TRUE,TRUE,https://images.unsplash.com/photo-1608528577891-eb055944f2e7?q=80&w=800&auto=format&fit=crop,Al Haramain,Extract,Amber Floral,Aromatic,Very Strong,A masterfully crafted EXTRAIT DE PARFUM fragrance by Al Haramain. Perfect for Unisex seeking a Amber Floral scent with Very Strong longevity.
creed-aventus,Aventus,Creed,Parfum,TRUE,Title,Default Title,shopify,38,deny,manual,418,TRUE,TRUE,https://images.unsplash.com/photo-1629198688000-71f23e745b6e?q=80&w=800&auto=format&fit=crop,Creed,Parfum,Woody Fruity,Aromatic,Strong,A masterfully crafted EDP fragrance by Creed. Perfect for Unisex seeking a Woody Fruity scent with Strong longevity.
creed-aventus-for-her,Aventus For Her,Creed,Parfum,TRUE,Title,Default Title,shopify,39,deny,manual,419,TRUE,TRUE,https://images.unsplash.com/photo-1616949755610-8c9bbc08f138?q=80&w=800&auto=format&fit=crop,Creed,Parfum,Floriental,Aromatic,Strong,A masterfully crafted EDP fragrance by Creed. Perfect for Female seeking a Floriental scent with Strong longevity.
creed-silver-mountain-water,Silver Mountain Water,Creed,Parfum,TRUE,Title,Default Title,shopify,40,deny,manual,420,TRUE,TRUE,https://images.unsplash.com/photo-1518331566-07612711ff60?q=80&w=800&auto=format&fit=crop,Creed,Parfum,Aromatic,Aromatic,Medium,A masterfully crafted EDP fragrance by Creed. Perfect for Unisex seeking a Aromatic scent with Medium longevity.
creed-green-irish-tweed,Green Irish Tweed,Creed,Parfum,TRUE,Title,Default Title,shopify,41,deny,manual,421,TRUE,TRUE,https://images.unsplash.com/photo-1595535373192-fc8938b27529?q=80&w=800&auto=format&fit=crop,Creed,Parfum,Fougere,Aromatic,Medium,A masterfully crafted EDP fragrance by Creed. Perfect for Unisex seeking a Fougere scent with Medium longevity.
creed-millsime-imprial,MilléSime ImpéRial,Creed,Parfum,TRUE,Title,Default Title,shopify,42,deny,manual,422,TRUE,TRUE,https://images.unsplash.com/photo-1592914610354-fd354d45fe82?q=80&w=800&auto=format&fit=crop,Creed,Parfum,Fruity Floral,Aromatic,Medium,A masterfully crafted EDP fragrance by Creed. Perfect for Unisex seeking a Fruity Floral scent with Medium longevity.
creed-original-vetiver,Original Vetiver,Creed,Parfum,TRUE,Title,Default Title,shopify,43,deny,manual,423,TRUE,TRUE,https://images.unsplash.com/photo-1615529183492-c4e047ceb4d5?q=80&w=800&auto=format&fit=crop,Creed,Parfum,Woody Aromatic,Aromatic,Medium,A masterfully crafted EDP fragrance by Creed. Perfect for Unisex seeking a Woody Aromatic scent with Medium longevity.
creed-original-santal,Original Santal,Creed,Parfum,TRUE,Title,Default Title,shopify,44,deny,manual,424,TRUE,TRUE,https://images.unsplash.com/photo-1615529182904-14819c35db37?q=80&w=800&auto=format&fit=crop,Creed,Parfum,Woody Spicy,Aromatic,Medium,A masterfully crafted EDP fragrance by Creed. Perfect for Unisex seeking a Woody Spicy scent with Medium longevity.
creed-bois-du-portugal,Bois Du Portugal,Creed,Parfum,TRUE,Title,Default Title,shopify,45,deny,manual,425,TRUE,TRUE,https://images.unsplash.com/photo-1622618991746-fe6004db3a47?q=80&w=800&auto=format&fit=crop,Creed,Parfum,Woody,Aromatic,Medium,A masterfully crafted EDP fragrance by Creed. Perfect for Unisex seeking a Woody scent with Medium longevity.
creed-virgin-island-water,Virgin Island Water,Creed,Parfum,TRUE,Title,Default Title,shopify,46,deny,manual,426,TRUE,TRUE,https://images.unsplash.com/photo-1590156546946-ce55a12a6a5d?q=80&w=800&auto=format&fit=crop,Creed,Parfum,Tropical,Aromatic,Medium,A masterfully crafted EDP fragrance by Creed. Perfect for Unisex seeking a Tropical scent with Medium longevity.
creed-tabarome,Tabarome,Creed,Parfum,TRUE,Title,Default Title,shopify,47,deny,manual,427,TRUE,TRUE,https://images.unsplash.com/photo-1592494911762-d2f1f5f3e911?q=80&w=800&auto=format&fit=crop,Creed,Parfum,Spicy Woody,Aromatic,Medium,A masterfully crafted EDP fragrance by Creed. Perfect for Unisex seeking a Spicy Woody scent with Medium longevity.
creed-himalaya,Himalaya,Creed,Parfum,TRUE,Title,Default Title,shopify,48,deny,manual,428,TRUE,TRUE,https://images.unsplash.com/photo-1596462502278-27bfdc403348?q=80&w=800&auto=format&fit=crop,Creed,Parfum,Aromatic,Aromatic,Medium,A masterfully crafted EDP fragrance by Creed. Perfect for Unisex seeking a Aromatic scent with Medium longevity.
creed-viking,Viking,Creed,Parfum,TRUE,Title,Default Title,shopify,49,deny,manual,429,TRUE,TRUE,https://images.unsplash.com/photo-1619994403073-2cec844b8e63?q=80&w=800&auto=format&fit=crop,Creed,Parfum,Spicy Woody,Aromatic,Medium,A masterfully crafted EDP fragrance by Creed. Perfect for Unisex seeking a Spicy Woody scent with Medium longevity.
creed-viking-cologne,Viking Cologne,Creed,Parfum,TRUE,Title,Default Title,shopify,50,deny,manual,430,TRUE,TRUE,https://images.unsplash.com/photo-1563170351-be82bc88ea6f?q=80&w=800&auto=format&fit=crop,Creed,Parfum,Spicy Woody,Aromatic,Medium,A masterfully crafted EDP fragrance by Creed. Perfect for Unisex seeking a Spicy Woody scent with Medium longevity.
creed-love-in-white,Love In White,Creed,Parfum,TRUE,Title,Default Title,shopify,51,deny,manual,431,TRUE,TRUE,https://images.unsplash.com/photo-1518331566-07612711ff60?q=80&w=800&auto=format&fit=crop,Creed,Parfum,Floriental,Aromatic,Medium,A masterfully crafted EDP fragrance by Creed. Perfect for Female seeking a Floriental scent with Medium longevity.
creed-wind-flowers,Wind Flowers,Creed,Parfum,TRUE,Title,Default Title,shopify,52,deny,manual,432,TRUE,TRUE,https://images.unsplash.com/photo-1603569283847-aa295f0d016a?q=80&w=800&auto=format&fit=crop,Creed,Parfum,Floriental,Aromatic,Medium,A masterfully crafted EDP fragrance by Creed. Perfect for Female seeking a Floriental scent with Medium longevity.
creed-spring-flower,Spring Flower,Creed,Parfum,TRUE,Title,Default Title,shopify,53,deny,manual,433,TRUE,TRUE,https://images.unsplash.com/photo-1601007746401-44755f190e29?q=80&w=800&auto=format&fit=crop,Creed,Parfum,Floriental,Aromatic,Medium,A masterfully crafted EDP fragrance by Creed. Perfect for Female seeking a Floriental scent with Medium longevity.
creed-carmina,Carmina,Creed,Parfum,TRUE,Title,Default Title,shopify,54,deny,manual,434,TRUE,TRUE,https://images.unsplash.com/photo-1608528577891-eb055944f2e7?q=80&w=800&auto=format&fit=crop,Creed,Parfum,Floriental,Aromatic,Medium,A masterfully crafted EDP fragrance by Creed. Perfect for Female seeking a Floriental scent with Medium longevity.
creed-queen-of-silk,Queen Of Silk,Creed,Parfum,TRUE,Title,Default Title,shopify,55,deny,manual,435,TRUE,TRUE,https://images.unsplash.com/photo-1601244840899-72c676afba7b?q=80&w=800&auto=format&fit=crop,Creed,Parfum,Floriental,Aromatic,Medium,A masterfully crafted EDP fragrance by Creed. Perfect for Female seeking a Floriental scent with Medium longevity.
creed-eladaria,Eladaria,Creed,Parfum,TRUE,Title,Default Title,shopify,56,deny,manual,436,TRUE,TRUE,https://images.unsplash.com/photo-1592945403244-b3fbafd7f539?q=80&w=800&auto=format&fit=crop,Creed,Parfum,Floriental,Aromatic,Medium,A masterfully crafted EDP fragrance by Creed. Perfect for Female seeking a Floriental scent with Medium longevity.
creed-absolu-aventus,Absolu Aventus,Creed,Parfum,TRUE,Title,Default Title,shopify,57,deny,manual,437,TRUE,TRUE,https://images.unsplash.com/photo-1518331566-07612711ff60?q=80&w=800&auto=format&fit=crop,Creed,Parfum,Woody Fruity,Aromatic,Strong,A masterfully crafted EDP fragrance by Creed. Perfect for Unisex seeking a Woody Fruity scent with Strong longevity.
creed-royal-mayfair,Royal Mayfair,Creed,Parfum,TRUE,Title,Default Title,shopify,58,deny,manual,438,TRUE,TRUE,https://images.unsplash.com/photo-1619994403073-2cec844b8e63?q=80&w=800&auto=format&fit=crop,Creed,Parfum,Woody Floral,Aromatic,Medium,A masterfully crafted EDP fragrance by Creed. Perfect for Unisex seeking a Woody Floral scent with Medium longevity.
creed-delphinus,Delphinus,Creed,Parfum,TRUE,Title,Default Title,shopify,59,deny,manual,439,TRUE,TRUE,https://images.unsplash.com/photo-1615529183492-c4e047ceb4d5?q=80&w=800&auto=format&fit=crop,Creed,Parfum,Amber Floral,Aromatic,Medium,A masterfully crafted EDP fragrance by Creed. Perfect for Unisex seeking a Amber Floral scent with Medium longevity.
creed-centaurus,Centaurus,Creed,Parfum,TRUE,Title,Default Title,shopify,60,deny,manual,440,TRUE,TRUE,https://images.unsplash.com/photo-1590156546946-ce55a12a6a5d?q=80&w=800&auto=format&fit=crop,Creed,Parfum,Amber Spicy,Aromatic,Medium,A masterfully crafted EDP fragrance by Creed. Perfect for Unisex seeking a Amber Spicy scent with Medium longevity.
creed-oud-zarian,Oud Zarian,Creed,Parfum,TRUE,Title,Default Title,shopify,61,deny,manual,441,TRUE,TRUE,https://images.unsplash.com/photo-1518331566-07612711ff60?q=80&w=800&auto=format&fit=crop,Creed,Parfum,Woody Oriental,Aromatic,Medium,A masterfully crafted EDP fragrance by Creed. Perfect for Unisex seeking a Woody Oriental scent with Medium longevity.
versace-eros-parfum,Eros Parfum,Versace,Parfum,TRUE,Title,Default Title,shopify,62,deny,manual,442,TRUE,TRUE,https://images.unsplash.com/photo-1588405748880-12d1d2a59f75?q=80&w=800&auto=format&fit=crop,Versace,Parfum,Woody Aromatic,Aromatic,Strong,A masterfully crafted EDP fragrance by Versace. Perfect for Men seeking a Woody Aromatic scent with Strong longevity.
versace-eros-flame,Eros Flame,Versace,Parfum,TRUE,Title,Default Title,shopify,63,deny,manual,443,TRUE,TRUE,https://images.unsplash.com/photo-1588405748880-12d1d2a59f75?q=80&w=800&auto=format&fit=crop,Versace,Parfum,Woody Spicy,Aromatic,Medium,A masterfully crafted EDP fragrance by Versace. Perfect for Men seeking a Woody Spicy scent with Medium longevity.
versace-eros-energy,Eros Energy,Versace,Parfum,TRUE,Title,Default Title,shopify,64,deny,manual,444,TRUE,TRUE,https://images.unsplash.com/photo-1594913785124-71239c4f5260?q=80&w=800&auto=format&fit=crop,Versace,Parfum,Citrus Aromatic,Aromatic,Medium,A masterfully crafted EDP fragrance by Versace. Perfect for Men seeking a Citrus Aromatic scent with Medium longevity.
versace-dylan-blue-pour-homme,Dylan Blue Pour Homme,Versace,Cologne,TRUE,Title,Default Title,shopify,65,deny,manual,445,TRUE,TRUE,https://images.unsplash.com/photo-1585386959984-a4155224a1ad?q=80&w=800&auto=format&fit=crop,Versace,Cologne,Woody Aquatic,Aromatic,Medium,A masterfully crafted EDT fragrance by Versace. Perfect for Men seeking a Woody Aquatic scent with Medium longevity.
versace-man-eau-fraiche,Man Eau Fraiche,Versace,Cologne,TRUE,Title,Default Title,shopify,66,deny,manual,446,TRUE,TRUE,https://images.unsplash.com/photo-1590156546946-ce55a12a6a5d?q=80&w=800&auto=format&fit=crop,Versace,Cologne,Woody Aquatic,Aromatic,Light,A masterfully crafted EDT fragrance by Versace. Perfect for Men seeking a Woody Aquatic scent with Light longevity.
versace-pour-homme,Pour Homme,Versace,Cologne,TRUE,Title,Default Title,shopify,67,deny,manual,447,TRUE,TRUE,https://images.unsplash.com/photo-1601244840899-72c676afba7b?q=80&w=800&auto=format&fit=crop,Versace,Cologne,Citrus Aromatic,Aromatic,Light,A masterfully crafted EDT fragrance by Versace. Perfect for Men seeking a Citrus Aromatic scent with Light longevity.
versace-crystal-noir,Crystal Noir,Versace,Cologne,TRUE,Title,Default Title,shopify,68,deny,manual,448,TRUE,TRUE,https://images.unsplash.com/photo-1595535373192-fc8938b27529?q=80&w=800&auto=format&fit=crop,Versace,Cologne,Amber Floral,Aromatic,Medium,A masterfully crafted EDT fragrance by Versace. Perfect for Female seeking a Amber Floral scent with Medium longevity.
versace-bright-crystal,Bright Crystal,Versace,Parfum,TRUE,Title,Default Title,shopify,69,deny,manual,449,TRUE,TRUE,https://images.unsplash.com/photo-1592494911762-d2f1f5f3e911?q=80&w=800&auto=format&fit=crop,Versace,Parfum,Floriental,Aromatic,Medium,A masterfully crafted EDP fragrance by Versace. Perfect for Female seeking a Floriental scent with Medium longevity.
versace-yellow-diamond,Yellow Diamond,Versace,Parfum,TRUE,Title,Default Title,shopify,20,deny,manual,150,TRUE,TRUE,https://images.unsplash.com/photo-1615529182904-14819c35db37?q=80&w=800&auto=format&fit=crop,Versace,Parfum,Floriental,Aromatic,Medium,A masterfully crafted EDP fragrance by Versace. Perfect for Female seeking a Floriental scent with Medium longevity.
versace-red-jeans,Red Jeans,Versace,Cologne,TRUE,Title,Default Title,shopify,21,deny,manual,151,TRUE,TRUE,https://images.unsplash.com/photo-1592914610354-fd354d45fe82?q=80&w=800&auto=format&fit=crop,Versace,Cologne,Floriental,Aromatic,Light,A masterfully crafted EDT fragrance by Versace. Perfect for Female seeking a Floriental scent with Light longevity.
versace-vanitas,Vanitas,Versace,Parfum,TRUE,Title,Default Title,shopify,22,deny,manual,152,TRUE,TRUE,https://images.unsplash.com/photo-1619994403073-2cec844b8e63?q=80&w=800&auto=format&fit=crop,Versace,Parfum,Floriental,Aromatic,Medium,A masterfully crafted EDP fragrance by Versace. Perfect for Female seeking a Floriental scent with Medium longevity.
versace-lhomme,L'Homme,Versace,Cologne,TRUE,Title,Default Title,shopify,23,deny,manual,153,TRUE,TRUE,https://images.unsplash.com/photo-1619994403073-2cec844b8e63?q=80&w=800&auto=format&fit=crop,Versace,Cologne,Woody Floral,Aromatic,Medium,A masterfully crafted EDT fragrance by Versace. Perfect for Men seeking a Woody Floral scent with Medium longevity.
versace-pour-homme-oud-noir,Pour Homme Oud Noir,Versace,Parfum,TRUE,Title,Default Title,shopify,24,deny,manual,154,TRUE,TRUE,https://images.unsplash.com/photo-1582211594533-268f4f1edcb9?q=80&w=800&auto=format&fit=crop,Versace,Parfum,Woody Oriental,Aromatic,Medium,A masterfully crafted EDP fragrance by Versace. Perfect for Men seeking a Woody Oriental scent with Medium longevity.
versace-versense,Versense,Versace,Cologne,TRUE,Title,Default Title,shopify,25,deny,manual,155,TRUE,TRUE,https://images.unsplash.com/photo-1615529182904-14819c35db37?q=80&w=800&auto=format&fit=crop,Versace,Cologne,Green Floral,Aromatic,Medium,A masterfully crafted EDT fragrance by Versace. Perfect for Female seeking a Green Floral scent with Medium longevity.
versace-atelier-cedrat-de-diamante,Atelier Cedrat De Diamante,Versace,Parfum,TRUE,Title,Default Title,shopify,26,deny,manual,156,TRUE,TRUE,https://images.unsplash.com/photo-1588405748880-12d1d2a59f75?q=80&w=800&auto=format&fit=crop,Versace,Parfum,Citrus Woody,Aromatic,Medium,A masterfully crafted EDP fragrance by Versace. Perfect for Unisex seeking a Citrus Woody scent with Medium longevity.
versace-atelier-eclat-de-rose,Atelier Eclat De Rose,Versace,Parfum,TRUE,Title,Default Title,shopify,27,deny,manual,157,TRUE,TRUE,https://images.unsplash.com/photo-1592914610354-fd354d45fe82?q=80&w=800&auto=format&fit=crop,Versace,Parfum,Floral,Aromatic,Medium,A masterfully crafted EDP fragrance by Versace. Perfect for Unisex seeking a Floral scent with Medium longevity.
versace-atelier-encens-supreme,Atelier Encens Supreme,Versace,Parfum,TRUE,Title,Default Title,shopify,28,deny,manual,158,TRUE,TRUE,https://images.unsplash.com/photo-1599305090598-fe179d501227?q=80&w=800&auto=format&fit=crop,Versace,Parfum,Incense Woody,Aromatic,Medium,A masterfully crafted EDP fragrance by Versace. Perfect for Unisex seeking a Incense Woody scent with Medium longevity.
versace-atelier-santal-bois,Atelier Santal Boisé,Versace,Parfum,TRUE,Title,Default Title,shopify,29,deny,manual,159,TRUE,TRUE,https://images.unsplash.com/photo-1590156546946-ce55a12a6a5d?q=80&w=800&auto=format&fit=crop,Versace,Parfum,Sandalwood,Aromatic,Medium,A masterfully crafted EDP fragrance by Versace. Perfect for Unisex seeking a Sandalwood scent with Medium longevity.
carolina-herrera-good-girl,Good Girl,Carolina Herrera,Parfum,TRUE,Title,Default Title,shopify,30,deny,manual,160,TRUE,TRUE,https://images.unsplash.com/photo-1595535373192-fc8938b27529?q=80&w=800&auto=format&fit=crop,Carolina Herrera,Parfum,Floriental,Aromatic,Medium,A masterfully crafted EDP fragrance by Carolina Herrera. Perfect for Female seeking a Floriental scent with Medium longevity.
carolina-herrera-good-girl-blush,Good Girl Blush,Carolina Herrera,Parfum,TRUE,Title,Default Title,shopify,31,deny,manual,161,TRUE,TRUE,https://images.unsplash.com/photo-1598516086708-41c305c08d17?q=80&w=800&auto=format&fit=crop,Carolina Herrera,Parfum,Floriental,Aromatic,Medium,A masterfully crafted EDP fragrance by Carolina Herrera. Perfect for Female seeking a Floriental scent with Medium longevity.
carolina-herrera-good-girl-supreme,Good Girl Supreme,Carolina Herrera,Parfum,TRUE,Title,Default Title,shopify,32,deny,manual,162,TRUE,TRUE,https://images.unsplash.com/photo-1603569283847-aa295f0d016a?q=80&w=800&auto=format&fit=crop,Carolina Herrera,Parfum,Floriental,Aromatic,Medium,A masterfully crafted EDP fragrance by Carolina Herrera. Perfect for Female seeking a Floriental scent with Medium longevity.
carolina-herrera-very-good-girl,Very Good Girl,Carolina Herrera,Parfum,TRUE,Title,Default Title,shopify,33,deny,manual,163,TRUE,TRUE,https://images.unsplash.com/photo-1601244840899-72c676afba7b?q=80&w=800&auto=format&fit=crop,Carolina Herrera,Parfum,Floriental,Aromatic,Medium,A masterfully crafted EDP fragrance by Carolina Herrera. Perfect for Female seeking a Floriental scent with Medium longevity.
carolina-herrera-very-good-girl-elixir,Very Good Girl Elixir,Carolina Herrera,Parfum,TRUE,Title,Default Title,shopify,34,deny,manual,164,TRUE,TRUE,https://images.unsplash.com/photo-1622618991746-fe6004db3a47?q=80&w=800&auto=format&fit=crop,Carolina Herrera,Parfum,Floriental,Aromatic,Medium,A masterfully crafted EDP fragrance by Carolina Herrera. Perfect for Female seeking a Floriental scent with Medium longevity.
carolina-herrera-212-vip,212 VIP,Carolina Herrera,Parfum,TRUE,Title,Default Title,shopify,35,deny,manual,165,TRUE,TRUE,https://images.unsplash.com/photo-1599305090598-fe179d501227?q=80&w=800&auto=format&fit=crop,Carolina Herrera,Parfum,Woody Spicy,Aromatic,Medium,A masterfully crafted EDP fragrance by Carolina Herrera. Perfect for Female seeking a Woody Spicy scent with Medium longevity.
carolina-herrera-212-vip-black,212 VIP Black,Carolina Herrera,Parfum,TRUE,Title,Default Title,shopify,36,deny,manual,166,TRUE,TRUE,https://images.unsplash.com/photo-1594913785124-71239c4f5260?q=80&w=800&auto=format&fit=crop,Carolina Herrera,Parfum,Amber Spicy,Aromatic,Medium,A masterfully crafted EDP fragrance by Carolina Herrera. Perfect for Female seeking a Amber Spicy scent with Medium longevity.
carolina-herrera-212-heroes,212 Heroes,Carolina Herrera,Cologne,TRUE,Title,Default Title,shopify,37,deny,manual,167,TRUE,TRUE,https://images.unsplash.com/photo-1615529182904-14819c35db37?q=80&w=800&auto=format&fit=crop,Carolina Herrera,Cologne,Woody,Aromatic,Light,A masterfully crafted EDT fragrance by Carolina Herrera. Perfect for Female seeking a Woody scent with Light longevity.
carolina-herrera-212-sexy,212 Sexy,Carolina Herrera,Cologne,TRUE,Title,Default Title,shopify,38,deny,manual,168,TRUE,TRUE,https://images.unsplash.com/photo-1594913785124-71239c4f5260?q=80&w=800&auto=format&fit=crop,Carolina Herrera,Cologne,Floriental,Aromatic,Light,A masterfully crafted EDT fragrance by Carolina Herrera. Perfect for Female seeking a Floriental scent with Light longevity.
carolina-herrera-212-men,212 Men,Carolina Herrera,Cologne,TRUE,Title,Default Title,shopify,39,deny,manual,169,TRUE,TRUE,https://images.unsplash.com/photo-1599305090598-fe179d501227?q=80&w=800&auto=format&fit=crop,Carolina Herrera,Cologne,Woody Spicy,Aromatic,Medium,A masterfully crafted EDT fragrance by Carolina Herrera. Perfect for Male seeking a Woody Spicy scent with Medium longevity.
carolina-herrera-212-men-nyc,212 Men NYC,Carolina Herrera,Cologne,TRUE,Title,Default Title,shopify,40,deny,manual,170,TRUE,TRUE,https://images.unsplash.com/photo-1588405748880-12d1d2a59f75?q=80&w=800&auto=format&fit=crop,Carolina Herrera,Cologne,Woody Spicy,Aromatic,Medium,A masterfully crafted EDT fragrance by Carolina Herrera. Perfect for Male seeking a Woody Spicy scent with Medium longevity.
carolina-herrera-212-vip-men,212 VIP Men,Carolina Herrera,Cologne,TRUE,Title,Default Title,shopify,41,deny,manual,171,TRUE,TRUE,https://images.unsplash.com/photo-1590156546946-ce55a12a6a5d?q=80&w=800&auto=format&fit=crop,Carolina Herrera,Cologne,Woody Spicy,Aromatic,Medium,A masterfully crafted EDT fragrance by Carolina Herrera. Perfect for Male seeking a Woody Spicy scent with Medium longevity.
carolina-herrera-212-vip-black-elixir,212 VIP Black Elixir,Carolina Herrera,Parfum,TRUE,Title,Default Title,shopify,42,deny,manual,172,TRUE,TRUE,https://images.unsplash.com/photo-1582211594533-268f4f1edcb9?q=80&w=800&auto=format&fit=crop,Carolina Herrera,Parfum,Amber Spicy,Aromatic,Medium,A masterfully crafted EDP fragrance by Carolina Herrera. Perfect for Male seeking a Amber Spicy scent with Medium longevity.
carolina-herrera-bad-boy,Bad Boy,Carolina Herrera,Parfum,TRUE,Title,Default Title,shopify,43,deny,manual,173,TRUE,TRUE,https://images.unsplash.com/photo-1592914610354-fd354d45fe82?q=80&w=800&auto=format&fit=crop,Carolina Herrera,Parfum,Woody Spicy,Aromatic,Medium,A masterfully crafted EDP fragrance by Carolina Herrera. Perfect for Male seeking a Woody Spicy scent with Medium longevity.
carolina-herrera-bad-boy-le-parfum,Bad Boy Le Parfum,Carolina Herrera,Parfum,TRUE,Title,Default Title,shopify,44,deny,manual,174,TRUE,TRUE,https://images.unsplash.com/photo-1601007746401-44755f190e29?q=80&w=800&auto=format&fit=crop,Carolina Herrera,Parfum,Woody Spicy,Aromatic,Medium,A masterfully crafted EDP fragrance by Carolina Herrera. Perfect for Male seeking a Woody Spicy scent with Medium longevity.
carolina-herrera-bad-boy-cobalt,Bad Boy Cobalt,Carolina Herrera,Parfum,TRUE,Title,Default Title,shopify,45,deny,manual,175,TRUE,TRUE,https://images.unsplash.com/photo-1595535373192-fc8938b27529?q=80&w=800&auto=format&fit=crop,Carolina Herrera,Parfum,Woody Spicy,Aromatic,Medium,A masterfully crafted EDP fragrance by Carolina Herrera. Perfect for Male seeking a Woody Spicy scent with Medium longevity.
carolina-herrera-amber-desire,Amber Desire,Carolina Herrera,Parfum,TRUE,Title,Default Title,shopify,46,deny,manual,176,TRUE,TRUE,https://images.unsplash.com/photo-1563170351-be82bc88ea6f?q=80&w=800&auto=format&fit=crop,Carolina Herrera,Parfum,Amber,Aromatic,Medium,A masterfully crafted EDP fragrance by Carolina Herrera. Perfect for Female seeking a Amber scent with Medium longevity.
carolina-herrera-neroli-bohme,Neroli BohèMe,Carolina Herrera,Parfum,TRUE,Title,Default Title,shopify,47,deny,manual,177,TRUE,TRUE,https://images.unsplash.com/photo-1603569283847-aa295f0d016a?q=80&w=800&auto=format&fit=crop,Carolina Herrera,Parfum,Floriental,Aromatic,Medium,A masterfully crafted EDP fragrance by Carolina Herrera. Perfect for Female seeking a Floriental scent with Medium longevity.
carolina-herrera-confidential-oud-couture,Confidential Oud Couture,Carolina Herrera,Parfum,TRUE,Title,Default Title,shopify,48,deny,manual,178,TRUE,TRUE,https://images.unsplash.com/photo-1619994403073-2cec844b8e63?q=80&w=800&auto=format&fit=crop,Carolina Herrera,Parfum,Woody,Aromatic,Medium,A masterfully crafted EDP fragrance by Carolina Herrera. Perfect for Female seeking a Woody scent with Medium longevity.
hugo-boss-boss-bottled-edt,Boss Bottled EDT,Hugo Boss,Cologne,TRUE,Title,Default Title,shopify,49,deny,manual,179,TRUE,TRUE,https://images.unsplash.com/photo-1601007746401-44755f190e29?q=80&w=800&auto=format&fit=crop,Hugo Boss,Cologne,Woody Spicy,Aromatic,Medium,A masterfully crafted EDT fragrance by Hugo Boss. Perfect for Men seeking a Woody Spicy scent with Medium longevity.
hugo-boss-boss-bottled-edp,Boss Bottled EDP,Hugo Boss,Parfum,TRUE,Title,Default Title,shopify,50,deny,manual,180,TRUE,TRUE,https://images.unsplash.com/photo-1615529183492-c4e047ceb4d5?q=80&w=800&auto=format&fit=crop,Hugo Boss,Parfum,Woody Spicy,Aromatic,Strong,A masterfully crafted EDP fragrance by Hugo Boss. Perfect for Men seeking a Woody Spicy scent with Strong longevity.
hugo-boss-boss-bottled-infinite,Boss Bottled Infinite,Hugo Boss,Parfum,TRUE,Title,Default Title,shopify,51,deny,manual,181,TRUE,TRUE,https://images.unsplash.com/photo-1615529182904-14819c35db37?q=80&w=800&auto=format&fit=crop,Hugo Boss,Parfum,Woody Aromatic,Aromatic,Medium,A masterfully crafted EDP fragrance by Hugo Boss. Perfect for Men seeking a Woody Aromatic scent with Medium longevity.
hugo-boss-boss-bottled-tonic,Boss Bottled Tonic,Hugo Boss,Cologne,TRUE,Title,Default Title,shopify,52,deny,manual,182,TRUE,TRUE,https://images.unsplash.com/photo-1608528577891-eb055944f2e7?q=80&w=800&auto=format&fit=crop,Hugo Boss,Cologne,Citrus Aromatic,Aromatic,Light,A masterfully crafted EDT fragrance by Hugo Boss. Perfect for Men seeking a Citrus Aromatic scent with Light longevity.
hugo-boss-boss-the-scent-edt,Boss The Scent EDT,Hugo Boss,Cologne,TRUE,Title,Default Title,shopify,53,deny,manual,183,TRUE,TRUE,https://images.unsplash.com/photo-1518331566-07612711ff60?q=80&w=800&auto=format&fit=crop,Hugo Boss,Cologne,Spicy Oriental,Aromatic,Medium,A masterfully crafted EDT fragrance by Hugo Boss. Perfect for Men seeking a Spicy Oriental scent with Medium longevity.
hugo-boss-boss-the-scent-intense-edp,Boss The Scent Intense EDP,Hugo Boss,Parfum,TRUE,Title,Default Title,shopify,54,deny,manual,184,TRUE,TRUE,https://images.unsplash.com/photo-1592945403244-b3fbafd7f539?q=80&w=800&auto=format&fit=crop,Hugo Boss,Parfum,Spicy Oriental,Aromatic,Strong,A masterfully crafted EDP fragrance by Hugo Boss. Perfect for Men seeking a Spicy Oriental scent with Strong longevity.
hugo-boss-hugo-man-edt,Hugo Man EDT,Hugo Boss,Cologne,TRUE,Title,Default Title,shopify,55,deny,manual,185,TRUE,TRUE,https://images.unsplash.com/photo-1590156546946-ce55a12a6a5d?q=80&w=800&auto=format&fit=crop,Hugo Boss,Cologne,Green Aromatic,Aromatic,Light,A masterfully crafted EDT fragrance by Hugo Boss. Perfect for Men seeking a Green Aromatic scent with Light longevity.
hugo-boss-hugo-just-different-edt,Hugo Just Different EDT,Hugo Boss,Cologne,TRUE,Title,Default Title,shopify,56,deny,manual,186,TRUE,TRUE,https://images.unsplash.com/photo-1598516086708-41c305c08d17?q=80&w=800&auto=format&fit=crop,Hugo Boss,Cologne,Woody Aromatic,Aromatic,Light,A masterfully crafted EDT fragrance by Hugo Boss. Perfect for Men seeking a Woody Aromatic scent with Light longevity.
hugo-boss-boss-bottled-night-edt,Boss Bottled Night EDT,Hugo Boss,Cologne,TRUE,Title,Default Title,shopify,57,deny,manual,187,TRUE,TRUE,https://images.unsplash.com/photo-1582211594533-268f4f1edcb9?q=80&w=800&auto=format&fit=crop,Hugo Boss,Cologne,Woody Aromatic,Aromatic,Light,A masterfully crafted EDT fragrance by Hugo Boss. Perfect for Men seeking a Woody Aromatic scent with Light longevity.
hugo-boss-boss-ma-vie-edp,Boss Ma Vie EDP,Hugo Boss,Parfum,TRUE,Title,Default Title,shopify,58,deny,manual,188,TRUE,TRUE,https://images.unsplash.com/photo-1601007746401-44755f190e29?q=80&w=800&auto=format&fit=crop,Hugo Boss,Parfum,Floriental,Aromatic,Medium,A masterfully crafted EDP fragrance by Hugo Boss. Perfect for Female seeking a Floriental scent with Medium longevity.
hugo-boss-boss-femme-edp,Boss Femme EDP,Hugo Boss,Parfum,TRUE,Title,Default Title,shopify,59,deny,manual,189,TRUE,TRUE,https://images.unsplash.com/photo-1598516086708-41c305c08d17?q=80&w=800&auto=format&fit=crop,Hugo Boss,Parfum,Floriental,Aromatic,Medium,A masterfully crafted EDP fragrance by Hugo Boss. Perfect for Female seeking a Floriental scent with Medium longevity.
hugo-boss-boss-the-scent-for-her-edp,Boss The Scent For Her EDP,Hugo Boss,Parfum,TRUE,Title,Default Title,shopify,60,deny,manual,190,TRUE,TRUE,https://images.unsplash.com/photo-1588405748880-12d1d2a59f75?q=80&w=800&auto=format&fit=crop,Hugo Boss,Parfum,Floriental,Aromatic,Medium,A masterfully crafted EDP fragrance by Hugo Boss. Perfect for Female seeking a Floriental scent with Medium longevity.
hugo-boss-boss-the-scent-le-parfum-edp,Boss The Scent Le Parfum EDP,Hugo Boss,Parfum,TRUE,Title,Default Title,shopify,61,deny,manual,191,TRUE,TRUE,https://images.unsplash.com/photo-1594035910387-fea47794261f?q=80&w=800&auto=format&fit=crop,Hugo Boss,Parfum,Floriental,Aromatic,Medium,A masterfully crafted EDP fragrance by Hugo Boss. Perfect for Female seeking a Floriental scent with Medium longevity.
hugo-boss-boss-bottled-oud,Boss Bottled Oud,Hugo Boss,Parfum,TRUE,Title,Default Title,shopify,62,deny,manual,192,TRUE,TRUE,https://images.unsplash.com/photo-1615529183492-c4e047ceb4d5?q=80&w=800&auto=format&fit=crop,Hugo Boss,Parfum,Woody Oriental,Aromatic,Medium,A masterfully crafted EDP fragrance by Hugo Boss. Perfect for Men seeking a Woody Oriental scent with Medium longevity.
hugo-boss-boss-bottled-elixir,Boss Bottled Elixir,Hugo Boss,Parfum,TRUE,Title,Default Title,shopify,63,deny,manual,193,TRUE,TRUE,https://images.unsplash.com/photo-1601244840899-72c676afba7b?q=80&w=800&auto=format&fit=crop,Hugo Boss,Parfum,Woody Spicy,Aromatic,Medium,A masterfully crafted EDP fragrance by Hugo Boss. Perfect for Men seeking a Woody Spicy scent with Medium longevity.
hugo-boss-boss-the-scent-le-parfum,Boss The Scent Le Parfum,Hugo Boss,Parfum,TRUE,Title,Default Title,shopify,64,deny,manual,194,TRUE,TRUE,https://images.unsplash.com/photo-1588405748880-12d1d2a59f75?q=80&w=800&auto=format&fit=crop,Hugo Boss,Parfum,Oriental Woody,Aromatic,Medium,A masterfully crafted EDP fragrance by Hugo Boss. Perfect for Men seeking a Oriental Woody scent with Medium longevity.
hugo-boss-boss-the-scent-absolute,Boss The Scent Absolute,Hugo Boss,Parfum,TRUE,Title,Default Title,shopify,65,deny,manual,195,TRUE,TRUE,https://images.unsplash.com/photo-1595425970377-c9703c48657a?q=80&w=800&auto=format&fit=crop,Hugo Boss,Parfum,Oriental Woody,Aromatic,Medium,A masterfully crafted EDP fragrance by Hugo Boss. Perfect for Men seeking a Oriental Woody scent with Medium longevity.
hugo-boss-hugo-energise,Hugo Energise,Hugo Boss,Cologne,TRUE,Title,Default Title,shopify,66,deny,manual,196,TRUE,TRUE,https://images.unsplash.com/photo-1594035910387-fea47794261f?q=80&w=800&auto=format&fit=crop,Hugo Boss,Cologne,Woody Aquatic,Aromatic,Light,A masterfully crafted EDT fragrance by Hugo Boss. Perfect for Men seeking a Woody Aquatic scent with Light longevity.
hugo-boss-hugo-just-different,Hugo Just Different,Hugo Boss,Cologne,TRUE,Title,Default Title,shopify,67,deny,manual,197,TRUE,TRUE,https://images.unsplash.com/photo-1616949755610-8c9bbc08f138?q=80&w=800&auto=format&fit=crop,Hugo Boss,Cologne,Aromatic Green,Aromatic,Light,A masterfully crafted EDT fragrance by Hugo Boss. Perfect for Men seeking a Aromatic Green scent with Light longevity.
hugo-boss-boss-soul,Boss Soul,Hugo Boss,Cologne,TRUE,Title,Default Title,shopify,68,deny,manual,198,TRUE,TRUE,https://images.unsplash.com/photo-1598516086708-41c305c08d17?q=80&w=800&auto=format&fit=crop,Hugo Boss,Cologne,Oriental Woody,Aromatic,Medium,A masterfully crafted EDT fragrance by Hugo Boss. Perfect for Men seeking a Oriental Woody scent with Medium longevity.
hugo-boss-boss-selection,Boss Selection,Hugo Boss,Cologne,TRUE,Title,Default Title,shopify,69,deny,manual,199,TRUE,TRUE,https://images.unsplash.com/photo-1616949755610-8c9bbc08f138?q=80&w=800&auto=format&fit=crop,Hugo Boss,Cologne,Woody Aromatic,Aromatic,Medium,A masterfully crafted EDT fragrance by Hugo Boss. Perfect for Men seeking a Woody Aromatic scent with Medium longevity.
hugo-boss-boss-bottled-sport,Boss Bottled Sport,Hugo Boss,Cologne,TRUE,Title,Default Title,shopify,20,deny,manual,200,TRUE,TRUE,https://images.unsplash.com/photo-1563170351-be82bc88ea6f?q=80&w=800&auto=format&fit=crop,Hugo Boss,Cologne,Woody Aromatic,Aromatic,Light,A masterfully crafted EDT fragrance by Hugo Boss. Perfect for Men seeking a Woody Aromatic scent with Light longevity.
hugo-boss-boss-bottled-unlimited,Boss Bottled Unlimited,Hugo Boss,Cologne,TRUE,Title,Default Title,shopify,21,deny,manual,201,TRUE,TRUE,https://images.unsplash.com/photo-1592945403244-b3fbafd7f539?q=80&w=800&auto=format&fit=crop,Hugo Boss,Cologne,Citrus Aromatic,Aromatic,Light,A masterfully crafted EDT fragrance by Hugo Boss. Perfect for Men seeking a Citrus Aromatic scent with Light longevity.
hugo-boss-boss-bottled-night,Boss Bottled Night,Hugo Boss,Cologne,TRUE,Title,Default Title,shopify,22,deny,manual,202,TRUE,TRUE,https://images.unsplash.com/photo-1603569283847-aa295f0d016a?q=80&w=800&auto=format&fit=crop,Hugo Boss,Cologne,Woody Aromatic,Aromatic,Light,A masterfully crafted EDT fragrance by Hugo Boss. Perfect for Men seeking a Woody Aromatic scent with Light longevity.
hugo-boss-boss-ma-vie-leau,Boss Ma Vie L'Eau,Hugo Boss,Cologne,TRUE,Title,Default Title,shopify,23,deny,manual,203,TRUE,TRUE,https://images.unsplash.com/photo-1608528577891-eb055944f2e7?q=80&w=800&auto=format&fit=crop,Hugo Boss,Cologne,Floral Fruity,Aromatic,Light,A masterfully crafted EDT fragrance by Hugo Boss. Perfect for Female seeking a Floral Fruity scent with Light longevity.
hugo-boss-boss-femme,Boss Femme,Hugo Boss,Parfum,TRUE,Title,Default Title,shopify,24,deny,manual,204,TRUE,TRUE,https://images.unsplash.com/photo-1594035910387-fea47794261f?q=80&w=800&auto=format&fit=crop,Hugo Boss,Parfum,Floral Fruity,Aromatic,Medium,A masterfully crafted EDP fragrance by Hugo Boss. Perfect for Female seeking a Floral Fruity scent with Medium longevity.
hugo-boss-boss-nuit-pour-femme,Boss Nuit Pour Femme,Hugo Boss,Parfum,TRUE,Title,Default Title,shopify,25,deny,manual,205,TRUE,TRUE,https://images.unsplash.com/photo-1518331566-07612711ff60?q=80&w=800&auto=format&fit=crop,Hugo Boss,Parfum,Floral Fruity,Aromatic,Medium,A masterfully crafted EDP fragrance by Hugo Boss. Perfect for Female seeking a Floral Fruity scent with Medium longevity.
hugo-boss-boss-orange,Boss Orange,Hugo Boss,Parfum,TRUE,Title,Default Title,shopify,26,deny,manual,206,TRUE,TRUE,https://images.unsplash.com/photo-1615529182904-14819c35db37?q=80&w=800&auto=format&fit=crop,Hugo Boss,Parfum,Floral Fruity,Aromatic,Medium,A masterfully crafted EDP fragrance by Hugo Boss. Perfect for Female seeking a Floral Fruity scent with Medium longevity.
hugo-boss-boss-the-scent-for-her,Boss The Scent For Her,Hugo Boss,Parfum,TRUE,Title,Default Title,shopify,27,deny,manual,207,TRUE,TRUE,https://images.unsplash.com/photo-1599305090598-fe179d501227?q=80&w=800&auto=format&fit=crop,Hugo Boss,Parfum,Floral Fruity,Aromatic,Medium,A masterfully crafted EDP fragrance by Hugo Boss. Perfect for Female seeking a Floral Fruity scent with Medium longevity.
hugo-boss-boss-the-scent-magnetic,Boss The Scent Magnetic,Hugo Boss,Parfum,TRUE,Title,Default Title,shopify,28,deny,manual,208,TRUE,TRUE,https://images.unsplash.com/photo-1594913785124-71239c4f5260?q=80&w=800&auto=format&fit=crop,Hugo Boss,Parfum,Floral Fruity,Aromatic,Medium,A masterfully crafted EDP fragrance by Hugo Boss. Perfect for Female seeking a Floral Fruity scent with Medium longevity.
hugo-boss-boss-alive,Boss Alive,Hugo Boss,Parfum,TRUE,Title,Default Title,shopify,29,deny,manual,209,TRUE,TRUE,https://images.unsplash.com/photo-1601007746401-44755f190e29?q=80&w=800&auto=format&fit=crop,Hugo Boss,Parfum,Floral Fruity,Aromatic,Medium,A masterfully crafted EDP fragrance by Hugo Boss. Perfect for Female seeking a Floral Fruity scent with Medium longevity.
hugo-boss-boss-the-scent-private-accord,Boss The Scent Private Accord,Hugo Boss,Parfum,TRUE,Title,Default Title,shopify,30,deny,manual,210,TRUE,TRUE,https://images.unsplash.com/photo-1598516086708-41c305c08d17?q=80&w=800&auto=format&fit=crop,Hugo Boss,Parfum,Floral Fruity,Aromatic,Medium,A masterfully crafted EDP fragrance by Hugo Boss. Perfect for Female seeking a Floral Fruity scent with Medium longevity.
hugo-boss-hugo-reversed,Hugo Reversed,Hugo Boss,Cologne,TRUE,Title,Default Title,shopify,31,deny,manual,211,TRUE,TRUE,https://images.unsplash.com/photo-1615529182904-14819c35db37?q=80&w=800&auto=format&fit=crop,Hugo Boss,Cologne,Woody Aromatic,Aromatic,Light,A masterfully crafted EDT fragrance by Hugo Boss. Perfect for Men seeking a Woody Aromatic scent with Light longevity.
herms-terre-dherms-edt,Terre D'HermèS EDT,HermèS,Cologne,TRUE,Title,Default Title,shopify,32,deny,manual,212,TRUE,TRUE,https://images.unsplash.com/photo-1603569283847-aa295f0d016a?q=80&w=800&auto=format&fit=crop,HermèS,Cologne,Woody Citrus,Aromatic,Medium,A masterfully crafted EDT fragrance by HermèS. Perfect for Men seeking a Woody Citrus scent with Medium longevity.
herms-terre-dherms-edp,Terre D'HermèS EDP,HermèS,Parfum,TRUE,Title,Default Title,shopify,33,deny,manual,213,TRUE,TRUE,https://images.unsplash.com/photo-1601007746401-44755f190e29?q=80&w=800&auto=format&fit=crop,HermèS,Parfum,Woody Citrus,Aromatic,Strong,A masterfully crafted EDP fragrance by HermèS. Perfect for Men seeking a Woody Citrus scent with Strong longevity.
herms-terre-dherms-eau-trs-frache,Terre D'HermèS Eau TrèS FraîChe,HermèS,Cologne,TRUE,Title,Default Title,shopify,34,deny,manual,214,TRUE,TRUE,https://images.unsplash.com/photo-1599305090598-fe179d501227?q=80&w=800&auto=format&fit=crop,HermèS,Cologne,Woody Citrus,Aromatic,Light,A masterfully crafted EDT fragrance by HermèS. Perfect for Men seeking a Woody Citrus scent with Light longevity.
herms-terre-dherms-eau-givre,Terre D'HermèS Eau GivréE,HermèS,Cologne,TRUE,Title,Default Title,shopify,35,deny,manual,215,TRUE,TRUE,https://images.unsplash.com/photo-1603569283847-aa295f0d016a?q=80&w=800&auto=format&fit=crop,HermèS,Cologne,Woody Citrus,Aromatic,Light,A masterfully crafted EDT fragrance by HermèS. Perfect for Men seeking a Woody Citrus scent with Light longevity.
herms-h24-edt,H24 EDT,HermèS,Cologne,TRUE,Title,Default Title,shopify,36,deny,manual,216,TRUE,TRUE,https://images.unsplash.com/photo-1585386959984-a4155224a1ad?q=80&w=800&auto=format&fit=crop,HermèS,Cologne,Aromatic Green,Aromatic,Medium,A masterfully crafted EDT fragrance by HermèS. Perfect for Men seeking a Aromatic Green scent with Medium longevity.
herms-h24-herbes-vives-edp,H24 Herbes Vives EDP,HermèS,Parfum,TRUE,Title,Default Title,shopify,37,deny,manual,217,TRUE,TRUE,https://images.unsplash.com/photo-1601007746401-44755f190e29?q=80&w=800&auto=format&fit=crop,HermèS,Parfum,Aromatic Fougere,Aromatic,Medium,A masterfully crafted EDP fragrance by HermèS. Perfect for Men seeking a Aromatic Fougere scent with Medium longevity.
herms-un-jardin-sur-le-nil-edt,Un Jardin Sur Le Nil EDT,HermèS,Cologne,TRUE,Title,Default Title,shopify,38,deny,manual,218,TRUE,TRUE,https://images.unsplash.com/photo-1582211594533-268f4f1edcb9?q=80&w=800&auto=format&fit=crop,HermèS,Cologne,Green Fruity,Aromatic,Light,A masterfully crafted EDT fragrance by HermèS. Perfect for Unisex seeking a Green Fruity scent with Light longevity.
herms-un-jardin-sur-le-toit-edt,Un Jardin Sur Le Toit EDT,HermèS,Cologne,TRUE,Title,Default Title,shopify,39,deny,manual,219,TRUE,TRUE,https://images.unsplash.com/photo-1592494911762-d2f1f5f3e911?q=80&w=800&auto=format&fit=crop,HermèS,Cologne,Green Fruity,Aromatic,Light,A masterfully crafted EDT fragrance by HermèS. Perfect for Unisex seeking a Green Fruity scent with Light longevity.
herms-un-jardin-mditerranen-edt,Un Jardin MéDiterranéEn EDT,HermèS,Cologne,TRUE,Title,Default Title,shopify,40,deny,manual,220,TRUE,TRUE,https://images.unsplash.com/photo-1592494911762-d2f1f5f3e911?q=80&w=800&auto=format&fit=crop,HermèS,Cologne,Green Fruity,Aromatic,Light,A masterfully crafted EDT fragrance by HermèS. Perfect for Unisex seeking a Green Fruity scent with Light longevity.
herms-un-jardin-damalfi-edt,Un Jardin D'Amalfi EDT,HermèS,Cologne,TRUE,Title,Default Title,shopify,41,deny,manual,221,TRUE,TRUE,https://images.unsplash.com/photo-1594035910387-fea47794261f?q=80&w=800&auto=format&fit=crop,HermèS,Cologne,Green Fruity,Aromatic,Light,A masterfully crafted EDT fragrance by HermèS. Perfect for Unisex seeking a Green Fruity scent with Light longevity.
herms-un-jardin-en-mditerrane-edt,Un Jardin En MéDiterranéE EDT,HermèS,Cologne,TRUE,Title,Default Title,shopify,42,deny,manual,222,TRUE,TRUE,https://images.unsplash.com/photo-1615529182904-14819c35db37?q=80&w=800&auto=format&fit=crop,HermèS,Cologne,Green Fruity,Aromatic,Light,A masterfully crafted EDT fragrance by HermèS. Perfect for Unisex seeking a Green Fruity scent with Light longevity.
herms-un-jardin-sur-le-toit-edt,Un Jardin Sur Le Toit EDT,HermèS,Cologne,TRUE,Title,Default Title,shopify,43,deny,manual,223,TRUE,TRUE,https://images.unsplash.com/photo-1592494911762-d2f1f5f3e911?q=80&w=800&auto=format&fit=crop,HermèS,Cologne,Green Fruity,Aromatic,Light,A masterfully crafted EDT fragrance by HermèS. Perfect for Unisex seeking a Green Fruity scent with Light longevity.
herms-24-faubourg-edp,24 Faubourg EDP,HermèS,Parfum,TRUE,Title,Default Title,shopify,44,deny,manual,224,TRUE,TRUE,https://images.unsplash.com/photo-1592945403244-b3fbafd7f539?q=80&w=800&auto=format&fit=crop,HermèS,Parfum,Floriental,Aromatic,Medium,A masterfully crafted EDP fragrance by HermèS. Perfect for Female seeking a Floriental scent with Medium longevity.
herms-24-faubourg-edt,24 Faubourg EDT,HermèS,Cologne,TRUE,Title,Default Title,shopify,45,deny,manual,225,TRUE,TRUE,https://images.unsplash.com/photo-1563170351-be82bc88ea6f?q=80&w=800&auto=format&fit=crop,HermèS,Cologne,Floriental,Aromatic,Light,A masterfully crafted EDT fragrance by HermèS. Perfect for Female seeking a Floriental scent with Light longevity.
herms-calche-edp,CalèChe EDP,HermèS,Parfum,TRUE,Title,Default Title,shopify,46,deny,manual,226,TRUE,TRUE,https://images.unsplash.com/photo-1601244840899-72c676afba7b?q=80&w=800&auto=format&fit=crop,HermèS,Parfum,Floriental,Aromatic,Medium,A masterfully crafted EDP fragrance by HermèS. Perfect for Female seeking a Floriental scent with Medium longevity.
herms-calche-edt,CalèChe EDT,HermèS,Cologne,TRUE,Title,Default Title,shopify,47,deny,manual,227,TRUE,TRUE,https://images.unsplash.com/photo-1616949755610-8c9bbc08f138?q=80&w=800&auto=format&fit=crop,HermèS,Cologne,Floriental,Aromatic,Light,A masterfully crafted EDT fragrance by HermèS. Perfect for Female seeking a Floriental scent with Light longevity.
herms-elixir-des-merveilles-edp,Elixir Des Merveilles EDP,HermèS,Parfum,TRUE,Title,Default Title,shopify,48,deny,manual,228,TRUE,TRUE,https://images.unsplash.com/photo-1563170351-be82bc88ea6f?q=80&w=800&auto=format&fit=crop,HermèS,Parfum,Amber Woody,Aromatic,Medium,A masterfully crafted EDP fragrance by HermèS. Perfect for Female seeking a Amber Woody scent with Medium longevity.
herms-elixir-des-merveilles-bleue-edp,Elixir Des Merveilles Bleue EDP,HermèS,Parfum,TRUE,Title,Default Title,shopify,49,deny,manual,229,TRUE,TRUE,https://images.unsplash.com/photo-1622618991746-fe6004db3a47?q=80&w=800&auto=format&fit=crop,HermèS,Parfum,Amber Woody,Aromatic,Medium,A masterfully crafted EDP fragrance by HermèS. Perfect for Female seeking a Amber Woody scent with Medium longevity.
herms-barnia-edp,BaréNia EDP,HermèS,Parfum,TRUE,Title,Default Title,shopify,50,deny,manual,230,TRUE,TRUE,https://images.unsplash.com/photo-1518331566-07612711ff60?q=80&w=800&auto=format&fit=crop,HermèS,Parfum,Chypre Fruity,Aromatic,Medium,A masterfully crafted EDP fragrance by HermèS. Perfect for Female seeking a Chypre Fruity scent with Medium longevity.
herms-barnia-eau-de-parfum-intense,BaréNia Eau De Parfum Intense,HermèS,Parfum,TRUE,Title,Default Title,shopify,51,deny,manual,231,TRUE,TRUE,https://images.unsplash.com/photo-1594035910387-fea47794261f?q=80&w=800&auto=format&fit=crop,HermèS,Parfum,Chypre Fruity,Aromatic,Medium,A masterfully crafted EDP fragrance by HermèS. Perfect for Female seeking a Chypre Fruity scent with Medium longevity.
herms-barnia-eau-de-parfum,BaréNia Eau De Parfum,HermèS,Parfum,TRUE,Title,Default Title,shopify,52,deny,manual,232,TRUE,TRUE,https://images.unsplash.com/photo-1518331566-07612711ff60?q=80&w=800&auto=format&fit=crop,HermèS,Parfum,Chypre Fruity,Aromatic,Medium,A masterfully crafted EDP fragrance by HermèS. Perfect for Female seeking a Chypre Fruity scent with Medium longevity.
herms-hermessence-collection-edp,Hermessence Collection EDP,HermèS,Parfum,TRUE,Title,Default Title,shopify,53,deny,manual,233,TRUE,TRUE,https://images.unsplash.com/photo-1603569283847-aa295f0d016a?q=80&w=800&auto=format&fit=crop,HermèS,Parfum,Woody Floral,Aromatic,Medium,A masterfully crafted EDP fragrance by HermèS. Perfect for Unisex seeking a Woody Floral scent with Medium longevity.
herms-oud-alezan-edp,Oud Alezan EDP,HermèS,Parfum,TRUE,Title,Default Title,shopify,54,deny,manual,234,TRUE,TRUE,https://images.unsplash.com/photo-1622618991746-fe6004db3a47?q=80&w=800&auto=format&fit=crop,HermèS,Parfum,Woody Floral,Aromatic,Medium,A masterfully crafted EDP fragrance by HermèS. Perfect for Unisex seeking a Woody Floral scent with Medium longevity.
herms-pice-marine-edp,ÉPice Marine EDP,HermèS,Parfum,TRUE,Title,Default Title,shopify,55,deny,manual,235,TRUE,TRUE,https://images.unsplash.com/photo-1592914610354-fd354d45fe82?q=80&w=800&auto=format&fit=crop,HermèS,Parfum,Woody Floral,Aromatic,Medium,A masterfully crafted EDP fragrance by HermèS. Perfect for Unisex seeking a Woody Floral scent with Medium longevity.
herms-ambre-narguil-edp,Ambre Narguilé EDP,HermèS,Parfum,TRUE,Title,Default Title,shopify,56,deny,manual,236,TRUE,TRUE,https://images.unsplash.com/photo-1582211594533-268f4f1edcb9?q=80&w=800&auto=format&fit=crop,HermèS,Parfum,Amber Woody,Aromatic,Medium,A masterfully crafted EDP fragrance by HermèS. Perfect for Unisex seeking a Amber Woody scent with Medium longevity.
herms-poivre-samarcande-edp,Poivre Samarcande EDP,HermèS,Parfum,TRUE,Title,Default Title,shopify,57,deny,manual,237,TRUE,TRUE,https://images.unsplash.com/photo-1608528577891-eb055944f2e7?q=80&w=800&auto=format&fit=crop,HermèS,Parfum,Spicy Woody,Aromatic,Medium,A masterfully crafted EDP fragrance by HermèS. Perfect for Unisex seeking a Spicy Woody scent with Medium longevity.
herms-vanille-galante-edp,Vanille Galante EDP,HermèS,Parfum,TRUE,Title,Default Title,shopify,58,deny,manual,238,TRUE,TRUE,https://images.unsplash.com/photo-1594035910387-fea47794261f?q=80&w=800&auto=format&fit=crop,HermèS,Parfum,Floriental,Aromatic,Medium,A masterfully crafted EDP fragrance by HermèS. Perfect for Unisex seeking a Floriental scent with Medium longevity.
herms-brin-de-rglisse-edp,Brin De RéGlisse EDP,HermèS,Parfum,TRUE,Title,Default Title,shopify,59,deny,manual,239,TRUE,TRUE,https://images.unsplash.com/photo-1596462502278-27bfdc403348?q=80&w=800&auto=format&fit=crop,HermèS,Parfum,Woody Floral,Aromatic,Medium,A masterfully crafted EDP fragrance by HermèS. Perfect for Unisex seeking a Woody Floral scent with Medium longevity.
tom-ford-black-orchid-edp,Black Orchid EDP,Tom Ford,Parfum,TRUE,Title,Default Title,shopify,60,deny,manual,240,TRUE,TRUE,https://images.unsplash.com/photo-1592494911762-d2f1f5f3e911?q=80&w=800&auto=format&fit=crop,Tom Ford,Parfum,Oriental Floral,Aromatic,Strong,A masterfully crafted EDP fragrance by Tom Ford. Perfect for Unisex seeking a Oriental Floral scent with Strong longevity.
tom-ford-black-orchid-edt,Black Orchid EDT,Tom Ford,Cologne,TRUE,Title,Default Title,shopify,61,deny,manual,241,TRUE,TRUE,https://images.unsplash.com/photo-1582211594533-268f4f1edcb9?q=80&w=800&auto=format&fit=crop,Tom Ford,Cologne,Oriental Floral,Aromatic,Medium,A masterfully crafted EDT fragrance by Tom Ford. Perfect for Unisex seeking a Oriental Floral scent with Medium longevity.
tom-ford-tobacco-vanille-edp,Tobacco Vanille EDP,Tom Ford,Parfum,TRUE,Title,Default Title,shopify,62,deny,manual,242,TRUE,TRUE,https://images.unsplash.com/photo-1585386959984-a4155224a1ad?q=80&w=800&auto=format&fit=crop,Tom Ford,Parfum,Oriental Spicy,Aromatic,Strong,A masterfully crafted EDP fragrance by Tom Ford. Perfect for Unisex seeking a Oriental Spicy scent with Strong longevity.
tom-ford-lost-cherry-edp,Lost Cherry EDP,Tom Ford,Parfum,TRUE,Title,Default Title,shopify,63,deny,manual,243,TRUE,TRUE,https://images.unsplash.com/photo-1592494911762-d2f1f5f3e911?q=80&w=800&auto=format&fit=crop,Tom Ford,Parfum,Oriental Fruity,Aromatic,Strong,A masterfully crafted EDP fragrance by Tom Ford. Perfect for Unisex seeking a Oriental Fruity scent with Strong longevity.
tom-ford-velvet-orchid-edp,Velvet Orchid EDP,Tom Ford,Parfum,TRUE,Title,Default Title,shopify,64,deny,manual,244,TRUE,TRUE,https://images.unsplash.com/photo-1594035910387-fea47794261f?q=80&w=800&auto=format&fit=crop,Tom Ford,Parfum,Floriental,Aromatic,Medium,A masterfully crafted EDP fragrance by Tom Ford. Perfect for Female seeking a Floriental scent with Medium longevity.
tom-ford-fucking-fabulous-edp,Fucking Fabulous EDP,Tom Ford,Parfum,TRUE,Title,Default Title,shopify,65,deny,manual,245,TRUE,TRUE,https://images.unsplash.com/photo-1592914610354-fd354d45fe82?q=80&w=800&auto=format&fit=crop,Tom Ford,Parfum,Oriental Fougere,Aromatic,Strong,A masterfully crafted EDP fragrance by Tom Ford. Perfect for Unisex seeking a Oriental Fougere scent with Strong longevity.
tom-ford-oud-wood-edp,Oud Wood EDP,Tom Ford,Parfum,TRUE,Title,Default Title,shopify,66,deny,manual,246,TRUE,TRUE,https://images.unsplash.com/photo-1594913785124-71239c4f5260?q=80&w=800&auto=format&fit=crop,Tom Ford,Parfum,Woody Oriental,Aromatic,Strong,A masterfully crafted EDP fragrance by Tom Ford. Perfect for Unisex seeking a Woody Oriental scent with Strong longevity.
tom-ford-noir-de-noir-edp,Noir De Noir EDP,Tom Ford,Parfum,TRUE,Title,Default Title,shopify,67,deny,manual,247,TRUE,TRUE,https://images.unsplash.com/photo-1601007746401-44755f190e29?q=80&w=800&auto=format&fit=crop,Tom Ford,Parfum,Oriental Floral,Aromatic,Medium,A masterfully crafted EDP fragrance by Tom Ford. Perfect for Unisex seeking a Oriental Floral scent with Medium longevity.
tom-ford-white-patchouli-edp,White Patchouli EDP,Tom Ford,Parfum,TRUE,Title,Default Title,shopify,68,deny,manual,248,TRUE,TRUE,https://images.unsplash.com/photo-1608528577891-eb055944f2e7?q=80&w=800&auto=format&fit=crop,Tom Ford,Parfum,Chypre Floral,Aromatic,Medium,A masterfully crafted EDP fragrance by Tom Ford. Perfect for Female seeking a Chypre Floral scent with Medium longevity.
tom-ford-black-orchid-parfum,Black Orchid Parfum,Tom Ford,Extract,TRUE,Title,Default Title,shopify,69,deny,manual,249,TRUE,TRUE,https://images.unsplash.com/photo-1622618991746-fe6004db3a47?q=80&w=800&auto=format&fit=crop,Tom Ford,Extract,Oriental Floral,Aromatic,Very Strong,A masterfully crafted PARFUM fragrance by Tom Ford. Perfect for Unisex seeking a Oriental Floral scent with Very Strong longevity.
tom-ford-neroli-portofino-edt,Neroli Portofino EDT,Tom Ford,Cologne,TRUE,Title,Default Title,shopify,20,deny,manual,250,TRUE,TRUE,https://images.unsplash.com/photo-1596462502278-27bfdc403348?q=80&w=800&auto=format&fit=crop,Tom Ford,Cologne,Citrus Aromatic,Aromatic,Light,A masterfully crafted EDT fragrance by Tom Ford. Perfect for Unisex seeking a Citrus Aromatic scent with Light longevity.
tom-ford-private-blend-oud-fleur-edp,Private Blend Oud Fleur EDP,Tom Ford,Parfum,TRUE,Title,Default Title,shopify,21,deny,manual,251,TRUE,TRUE,https://images.unsplash.com/photo-1588405748880-12d1d2a59f75?q=80&w=800&auto=format&fit=crop,Tom Ford,Parfum,Woody Floral,Aromatic,Strong,A masterfully crafted EDP fragrance by Tom Ford. Perfect for Unisex seeking a Woody Floral scent with Strong longevity.
tom-ford-fuckin-fabulous-edp,Fuckin’ Fabulous EDP,Tom Ford,Parfum,TRUE,Title,Default Title,shopify,22,deny,manual,252,TRUE,TRUE,https://images.unsplash.com/photo-1595535373192-fc8938b27529?q=80&w=800&auto=format&fit=crop,Tom Ford,Parfum,Oriental Spicy,Aromatic,Strong,A masterfully crafted EDP fragrance by Tom Ford. Perfect for Unisex seeking a Oriental Spicy scent with Strong longevity.
parfums-de-marly-delina-edp,Delina EDP,Parfums De Marly,Parfum,TRUE,Title,Default Title,shopify,23,deny,manual,253,TRUE,TRUE,https://images.unsplash.com/photo-1619994403073-2cec844b8e63?q=80&w=800&auto=format&fit=crop,Parfums De Marly,Parfum,Floriental,Aromatic,Strong,A masterfully crafted EDP fragrance by Parfums De Marly. Perfect for Female seeking a Floriental scent with Strong longevity.
parfums-de-marly-delina-exclusif-edp,Delina Exclusif EDP,Parfums De Marly,Parfum,TRUE,Title,Default Title,shopify,24,deny,manual,254,TRUE,TRUE,https://images.unsplash.com/photo-1594913785124-71239c4f5260?q=80&w=800&auto=format&fit=crop,Parfums De Marly,Parfum,Amber Floral,Aromatic,Strong,A masterfully crafted EDP fragrance by Parfums De Marly. Perfect for Female seeking a Amber Floral scent with Strong longevity.
parfums-de-marly-delina-la-rose-edp,Delina La RoséE EDP,Parfums De Marly,Parfum,TRUE,Title,Default Title,shopify,25,deny,manual,255,TRUE,TRUE,https://images.unsplash.com/photo-1595535373192-fc8938b27529?q=80&w=800&auto=format&fit=crop,Parfums De Marly,Parfum,Floriental,Aromatic,Medium,A masterfully crafted EDP fragrance by Parfums De Marly. Perfect for Female seeking a Floriental scent with Medium longevity.
parfums-de-marly-valaya-edp,Valaya EDP,Parfums De Marly,Parfum,TRUE,Title,Default Title,shopify,26,deny,manual,256,TRUE,TRUE,https://images.unsplash.com/photo-1616949755610-8c9bbc08f138?q=80&w=800&auto=format&fit=crop,Parfums De Marly,Parfum,Floral Musky Woody,Aromatic,Strong,A masterfully crafted EDP fragrance by Parfums De Marly. Perfect for Female seeking a Floral Musky Woody scent with Strong longevity.
parfums-de-marly-valaya-exclusif-edp,Valaya Exclusif EDP,Parfums De Marly,Parfum,TRUE,Title,Default Title,shopify,27,deny,manual,257,TRUE,TRUE,https://images.unsplash.com/photo-1518331566-07612711ff60?q=80&w=800&auto=format&fit=crop,Parfums De Marly,Parfum,Floral Musky Woody,Aromatic,Strong,A masterfully crafted EDP fragrance by Parfums De Marly. Perfect for Female seeking a Floral Musky Woody scent with Strong longevity.
parfums-de-marly-castley-edp,Castley EDP,Parfums De Marly,Parfum,TRUE,Title,Default Title,shopify,28,deny,manual,258,TRUE,TRUE,https://images.unsplash.com/photo-1622618991746-fe6004db3a47?q=80&w=800&auto=format&fit=crop,Parfums De Marly,Parfum,Woody Floral,Aromatic,Strong,A masterfully crafted EDP fragrance by Parfums De Marly. Perfect for Female seeking a Woody Floral scent with Strong longevity.
parfums-de-marly-palatine-edp,Palatine EDP,Parfums De Marly,Parfum,TRUE,Title,Default Title,shopify,29,deny,manual,259,TRUE,TRUE,https://images.unsplash.com/photo-1601244840899-72c676afba7b?q=80&w=800&auto=format&fit=crop,Parfums De Marly,Parfum,Woody Fruity,Aromatic,Medium,A masterfully crafted EDP fragrance by Parfums De Marly. Perfect for Female seeking a Woody Fruity scent with Medium longevity.
parfums-de-marly-althar-edp,AlthaïR EDP,Parfums De Marly,Parfum,TRUE,Title,Default Title,shopify,30,deny,manual,260,TRUE,TRUE,https://images.unsplash.com/photo-1595535373192-fc8938b27529?q=80&w=800&auto=format&fit=crop,Parfums De Marly,Parfum,Woody Floral,Aromatic,Strong,A masterfully crafted EDP fragrance by Parfums De Marly. Perfect for Unisex seeking a Woody Floral scent with Strong longevity.
parfums-de-marly-haltane-edp,Haltane EDP,Parfums De Marly,Parfum,TRUE,Title,Default Title,shopify,31,deny,manual,261,TRUE,TRUE,https://images.unsplash.com/photo-1585386959984-a4155224a1ad?q=80&w=800&auto=format&fit=crop,Parfums De Marly,Parfum,Woody Spicy,Aromatic,Strong,A masterfully crafted EDP fragrance by Parfums De Marly. Perfect for Unisex seeking a Woody Spicy scent with Strong longevity.
parfums-de-marly-layton-edp,Layton EDP,Parfums De Marly,Parfum,TRUE,Title,Default Title,shopify,32,deny,manual,262,TRUE,TRUE,https://images.unsplash.com/photo-1598516086708-41c305c08d17?q=80&w=800&auto=format&fit=crop,Parfums De Marly,Parfum,Amber Spicy,Aromatic,Strong,A masterfully crafted EDP fragrance by Parfums De Marly. Perfect for Unisex seeking a Amber Spicy scent with Strong longevity.
parfums-de-marly-layton-exclusif-edp,Layton Exclusif EDP,Parfums De Marly,Parfum,TRUE,Title,Default Title,shopify,33,deny,manual,263,TRUE,TRUE,https://images.unsplash.com/photo-1563170351-be82bc88ea6f?q=80&w=800&auto=format&fit=crop,Parfums De Marly,Parfum,Amber Spicy,Aromatic,Strong,A masterfully crafted EDP fragrance by Parfums De Marly. Perfect for Unisex seeking a Amber Spicy scent with Strong longevity.
parfums-de-marly-greenley-edp,Greenley EDP,Parfums De Marly,Parfum,TRUE,Title,Default Title,shopify,34,deny,manual,264,TRUE,TRUE,https://images.unsplash.com/photo-1592945403244-b3fbafd7f539?q=80&w=800&auto=format&fit=crop,Parfums De Marly,Parfum,Fruity Woody,Aromatic,Medium,A masterfully crafted EDP fragrance by Parfums De Marly. Perfect for Unisex seeking a Fruity Woody scent with Medium longevity.
parfums-de-marly-perseus-edp,Perseus EDP,Parfums De Marly,Parfum,TRUE,Title,Default Title,shopify,35,deny,manual,265,TRUE,TRUE,https://images.unsplash.com/photo-1585386959984-a4155224a1ad?q=80&w=800&auto=format&fit=crop,Parfums De Marly,Parfum,Aromatic Woody,Aromatic,Strong,A masterfully crafted EDP fragrance by Parfums De Marly. Perfect for Unisex seeking a Aromatic Woody scent with Strong longevity.
parfums-de-marly-godolphin-edp,Godolphin EDP,Parfums De Marly,Parfum,TRUE,Title,Default Title,shopify,36,deny,manual,266,TRUE,TRUE,https://images.unsplash.com/photo-1616949755610-8c9bbc08f138?q=80&w=800&auto=format&fit=crop,Parfums De Marly,Parfum,Woody Leather Chypre,Aromatic,Strong,A masterfully crafted EDP fragrance by Parfums De Marly. Perfect for Unisex seeking a Woody Leather Chypre scent with Strong longevity.
parfums-de-marly-darley-edp,Darley EDP,Parfums De Marly,Parfum,TRUE,Title,Default Title,shopify,37,deny,manual,267,TRUE,TRUE,https://images.unsplash.com/photo-1588405748880-12d1d2a59f75?q=80&w=800&auto=format&fit=crop,Parfums De Marly,Parfum,Amber Fougère,Aromatic,Strong,A masterfully crafted EDP fragrance by Parfums De Marly. Perfect for Unisex seeking a Amber Fougère scent with Strong longevity.
parfums-de-marly-habdan-edp,Habdan EDP,Parfums De Marly,Parfum,TRUE,Title,Default Title,shopify,38,deny,manual,268,TRUE,TRUE,https://images.unsplash.com/photo-1616949755610-8c9bbc08f138?q=80&w=800&auto=format&fit=crop,Parfums De Marly,Parfum,Woody Floral,Aromatic,Strong,A masterfully crafted EDP fragrance by Parfums De Marly. Perfect for Unisex seeking a Woody Floral scent with Strong longevity.
parfums-de-marly-oajan-edp,Oajan EDP,Parfums De Marly,Parfum,TRUE,Title,Default Title,shopify,39,deny,manual,269,TRUE,TRUE,https://images.unsplash.com/photo-1595425970377-c9703c48657a?q=80&w=800&auto=format&fit=crop,Parfums De Marly,Parfum,Amber Spicy,Aromatic,Strong,A masterfully crafted EDP fragrance by Parfums De Marly. Perfect for Unisex seeking a Amber Spicy scent with Strong longevity.
giorgio-armani-stronger-with-you-edt,Stronger With You EDT,Giorgio Armani,Cologne,TRUE,Title,Default Title,shopify,40,deny,manual,270,TRUE,TRUE,https://images.unsplash.com/photo-1592494911762-d2f1f5f3e911?q=80&w=800&auto=format&fit=crop,Giorgio Armani,Cologne,Oriental Fougere,Aromatic,Medium,A masterfully crafted EDT fragrance by Giorgio Armani. Perfect for Men seeking a Oriental Fougere scent with Medium longevity.
giorgio-armani-stronger-with-you-intensely-edp,Stronger With You Intensely EDP,Giorgio Armani,Parfum,TRUE,Title,Default Title,shopify,41,deny,manual,271,TRUE,TRUE,https://images.unsplash.com/photo-1585386959984-a4155224a1ad?q=80&w=800&auto=format&fit=crop,Giorgio Armani,Parfum,Oriental Spicy,Aromatic,Strong,A masterfully crafted EDP fragrance by Giorgio Armani. Perfect for Men seeking a Oriental Spicy scent with Strong longevity.
giorgio-armani-stronger-with-you-absolutely-edp,Stronger With You Absolutely EDP,Giorgio Armani,Parfum,TRUE,Title,Default Title,shopify,42,deny,manual,272,TRUE,TRUE,https://images.unsplash.com/photo-1563170351-be82bc88ea6f?q=80&w=800&auto=format&fit=crop,Giorgio Armani,Parfum,Amber Woody,Aromatic,Strong,A masterfully crafted EDP fragrance by Giorgio Armani. Perfect for Men seeking a Amber Woody scent with Strong longevity.
giorgio-armani-stronger-with-you-leather-edp,Stronger With You Leather EDP,Giorgio Armani,Parfum,TRUE,Title,Default Title,shopify,43,deny,manual,273,TRUE,TRUE,https://images.unsplash.com/photo-1601007746401-44755f190e29?q=80&w=800&auto=format&fit=crop,Giorgio Armani,Parfum,Leather,Aromatic,Strong,A masterfully crafted EDP fragrance by Giorgio Armani. Perfect for Men seeking a Leather scent with Strong longevity.
giorgio-armani-stronger-with-you-oud-edp,Stronger With You Oud EDP,Giorgio Armani,Parfum,TRUE,Title,Default Title,shopify,44,deny,manual,274,TRUE,TRUE,https://images.unsplash.com/photo-1598516086708-41c305c08d17?q=80&w=800&auto=format&fit=crop,Giorgio Armani,Parfum,Woody Oriental,Aromatic,Strong,A masterfully crafted EDP fragrance by Giorgio Armani. Perfect for Men seeking a Woody Oriental scent with Strong longevity.
giorgio-armani-stronger-with-you-only-edp,Stronger With You Only EDP,Giorgio Armani,Parfum,TRUE,Title,Default Title,shopify,45,deny,manual,275,TRUE,TRUE,https://images.unsplash.com/photo-1619994403073-2cec844b8e63?q=80&w=800&auto=format&fit=crop,Giorgio Armani,Parfum,Floriental,Aromatic,Medium,A masterfully crafted EDP fragrance by Giorgio Armani. Perfect for Men seeking a Floriental scent with Medium longevity.
giorgio-armani-stronger-with-you-freeze-edp,Stronger With You Freeze EDP,Giorgio Armani,Parfum,TRUE,Title,Default Title,shopify,46,deny,manual,276,TRUE,TRUE,https://images.unsplash.com/photo-1596462502278-27bfdc403348?q=80&w=800&auto=format&fit=crop,Giorgio Armani,Parfum,Aromatic Aquatic,Aromatic,Medium,A masterfully crafted EDP fragrance by Giorgio Armani. Perfect for Men seeking a Aromatic Aquatic scent with Medium longevity.
giorgio-armani-stronger-with-you-amber-edp,Stronger With You Amber EDP,Giorgio Armani,Parfum,TRUE,Title,Default Title,shopify,47,deny,manual,277,TRUE,TRUE,https://images.unsplash.com/photo-1601244840899-72c676afba7b?q=80&w=800&auto=format&fit=crop,Giorgio Armani,Parfum,Amber Spicy,Aromatic,Strong,A masterfully crafted EDP fragrance by Giorgio Armani. Perfect for Men seeking a Amber Spicy scent with Strong longevity.
giorgio-armani-stronger-with-you-parfum,Stronger With You Parfum,Giorgio Armani,Extract,TRUE,Title,Default Title,shopify,48,deny,manual,278,TRUE,TRUE,https://images.unsplash.com/photo-1601244840899-72c676afba7b?q=80&w=800&auto=format&fit=crop,Giorgio Armani,Extract,Amber Spicy,Aromatic,Strong,A masterfully crafted PARFUM fragrance by Giorgio Armani. Perfect for Men seeking a Amber Spicy scent with Strong longevity.
giorgio-armani-stronger-with-you-tobacco-edp,Stronger With You Tobacco EDP,Giorgio Armani,Parfum,TRUE,Title,Default Title,shopify,49,deny,manual,279,TRUE,TRUE,https://images.unsplash.com/photo-1595535373192-fc8938b27529?q=80&w=800&auto=format&fit=crop,Giorgio Armani,Parfum,Amber Spicy,Aromatic,Strong,A masterfully crafted EDP fragrance by Giorgio Armani. Perfect for Men seeking a Amber Spicy scent with Strong longevity.
giorgio-armani-because-its-you-edp,Because It'S You EDP,Giorgio Armani,Parfum,TRUE,Title,Default Title,shopify,50,deny,manual,280,TRUE,TRUE,https://images.unsplash.com/photo-1608528577891-eb055944f2e7?q=80&w=800&auto=format&fit=crop,Giorgio Armani,Parfum,Floriental,Aromatic,Medium,A masterfully crafted EDP fragrance by Giorgio Armani. Perfect for Female seeking a Floriental scent with Medium longevity.
giorgio-armani-because-its-you-intensely-edp,Because It'S You Intensely EDP,Giorgio Armani,Parfum,TRUE,Title,Default Title,shopify,51,deny,manual,281,TRUE,TRUE,https://images.unsplash.com/photo-1596462502278-27bfdc403348?q=80&w=800&auto=format&fit=crop,Giorgio Armani,Parfum,Floriental Fruity,Aromatic,Strong,A masterfully crafted EDP fragrance by Giorgio Armani. Perfect for Female seeking a Floriental Fruity scent with Strong longevity.
giorgio-armani-armani-code-edt,Armani Code EDT,Giorgio Armani,Cologne,TRUE,Title,Default Title,shopify,52,deny,manual,282,TRUE,TRUE,https://images.unsplash.com/photo-1592494911762-d2f1f5f3e911?q=80&w=800&auto=format&fit=crop,Giorgio Armani,Cologne,Oriental Spicy,Aromatic,Medium,A masterfully crafted EDT fragrance by Giorgio Armani. Perfect for Men seeking a Oriental Spicy scent with Medium longevity.
giorgio-armani-armani-code-profumo-edp,Armani Code Profumo EDP,Giorgio Armani,Parfum,TRUE,Title,Default Title,shopify,53,deny,manual,283,TRUE,TRUE,https://images.unsplash.com/photo-1563170351-be82bc88ea6f?q=80&w=800&auto=format&fit=crop,Giorgio Armani,Parfum,Oriental Spicy,Aromatic,Strong,A masterfully crafted EDP fragrance by Giorgio Armani. Perfect for Men seeking a Oriental Spicy scent with Strong longevity.
giorgio-armani-armani-code-absolu-edp,Armani Code Absolu EDP,Giorgio Armani,Parfum,TRUE,Title,Default Title,shopify,54,deny,manual,284,TRUE,TRUE,https://images.unsplash.com/photo-1595425970377-c9703c48657a?q=80&w=800&auto=format&fit=crop,Giorgio Armani,Parfum,Oriental Spicy,Aromatic,Strong,A masterfully crafted EDP fragrance by Giorgio Armani. Perfect for Men seeking a Oriental Spicy scent with Strong longevity.
giorgio-armani-armani-code-parfum,Armani Code Parfum,Giorgio Armani,Extract,TRUE,Title,Default Title,shopify,55,deny,manual,285,TRUE,TRUE,https://images.unsplash.com/photo-1594035910387-fea47794261f?q=80&w=800&auto=format&fit=crop,Giorgio Armani,Extract,Oriental Spicy,Aromatic,Strong,A masterfully crafted PARFUM fragrance by Giorgio Armani. Perfect for Men seeking a Oriental Spicy scent with Strong longevity.
giorgio-armani-acqua-di-gi-edt,Acqua Di Giò EDT,Giorgio Armani,Cologne,TRUE,Title,Default Title,shopify,56,deny,manual,286,TRUE,TRUE,https://images.unsplash.com/photo-1622618991746-fe6004db3a47?q=80&w=800&auto=format&fit=crop,Giorgio Armani,Cologne,Aquatic Aromatic,Aromatic,Medium,A masterfully crafted EDT fragrance by Giorgio Armani. Perfect for Men seeking a Aquatic Aromatic scent with Medium longevity.
giorgio-armani-acqua-di-gi-profondo-edp,Acqua Di Giò Profondo EDP,Giorgio Armani,Parfum,TRUE,Title,Default Title,shopify,57,deny,manual,287,TRUE,TRUE,https://images.unsplash.com/photo-1594035910387-fea47794261f?q=80&w=800&auto=format&fit=crop,Giorgio Armani,Parfum,Aquatic Aromatic,Aromatic,Strong,A masterfully crafted EDP fragrance by Giorgio Armani. Perfect for Men seeking a Aquatic Aromatic scent with Strong longevity.
giorgio-armani-acqua-di-gi-absolu-edp,Acqua Di Giò Absolu EDP,Giorgio Armani,Parfum,TRUE,Title,Default Title,shopify,58,deny,manual,288,TRUE,TRUE,https://images.unsplash.com/photo-1594913785124-71239c4f5260?q=80&w=800&auto=format&fit=crop,Giorgio Armani,Parfum,Woody Aquatic,Aromatic,Strong,A masterfully crafted EDP fragrance by Giorgio Armani. Perfect for Men seeking a Woody Aquatic scent with Strong longevity.
giorgio-armani-acqua-di-gi-elixir-edp,Acqua Di Giò Elixir EDP,Giorgio Armani,Parfum,TRUE,Title,Default Title,shopify,59,deny,manual,289,TRUE,TRUE,https://images.unsplash.com/photo-1594035910387-fea47794261f?q=80&w=800&auto=format&fit=crop,Giorgio Armani,Parfum,Aquatic Aromatic,Aromatic,Strong,A masterfully crafted EDP fragrance by Giorgio Armani. Perfect for Men seeking a Aquatic Aromatic scent with Strong longevity.
giorgio-armani-si-edp,Si EDP,Giorgio Armani,Parfum,TRUE,Title,Default Title,shopify,60,deny,manual,290,TRUE,TRUE,https://images.unsplash.com/photo-1601007746401-44755f190e29?q=80&w=800&auto=format&fit=crop,Giorgio Armani,Parfum,Chypre Fruity,Aromatic,Strong,A masterfully crafted EDP fragrance by Giorgio Armani. Perfect for Female seeking a Chypre Fruity scent with Strong longevity.
giorgio-armani-si-passione-edp,Si Passione EDP,Giorgio Armani,Parfum,TRUE,Title,Default Title,shopify,61,deny,manual,291,TRUE,TRUE,https://images.unsplash.com/photo-1601007746401-44755f190e29?q=80&w=800&auto=format&fit=crop,Giorgio Armani,Parfum,Floriental Fruity,Aromatic,Strong,A masterfully crafted EDP fragrance by Giorgio Armani. Perfect for Female seeking a Floriental Fruity scent with Strong longevity.
giorgio-armani-si-fiori-edp,Si Fiori EDP,Giorgio Armani,Parfum,TRUE,Title,Default Title,shopify,62,deny,manual,292,TRUE,TRUE,https://images.unsplash.com/photo-1608528577891-eb055944f2e7?q=80&w=800&auto=format&fit=crop,Giorgio Armani,Parfum,Floriental Fruity,Aromatic,Medium,A masterfully crafted EDP fragrance by Giorgio Armani. Perfect for Female seeking a Floriental Fruity scent with Medium longevity.
giorgio-armani-si-intense-edp,Si Intense EDP,Giorgio Armani,Parfum,TRUE,Title,Default Title,shopify,63,deny,manual,293,TRUE,TRUE,https://images.unsplash.com/photo-1599305090598-fe179d501227?q=80&w=800&auto=format&fit=crop,Giorgio Armani,Parfum,Chypre Fruity,Aromatic,Strong,A masterfully crafted EDP fragrance by Giorgio Armani. Perfect for Female seeking a Chypre Fruity scent with Strong longevity.
giorgio-armani-my-way-edp,My Way EDP,Giorgio Armani,Parfum,TRUE,Title,Default Title,shopify,64,deny,manual,294,TRUE,TRUE,https://images.unsplash.com/photo-1588405748880-12d1d2a59f75?q=80&w=800&auto=format&fit=crop,Giorgio Armani,Parfum,Floriental,Aromatic,Medium,A masterfully crafted EDP fragrance by Giorgio Armani. Perfect for Female seeking a Floriental scent with Medium longevity.
giorgio-armani-my-way-intense-edp,My Way Intense EDP,Giorgio Armani,Parfum,TRUE,Title,Default Title,shopify,65,deny,manual,295,TRUE,TRUE,https://images.unsplash.com/photo-1595425970377-c9703c48657a?q=80&w=800&auto=format&fit=crop,Giorgio Armani,Parfum,Floriental,Aromatic,Strong,A masterfully crafted EDP fragrance by Giorgio Armani. Perfect for Female seeking a Floriental scent with Strong longevity.
giorgio-armani-my-way-parfum,My Way Parfum,Giorgio Armani,Extract,TRUE,Title,Default Title,shopify,66,deny,manual,296,TRUE,TRUE,https://images.unsplash.com/photo-1585386959984-a4155224a1ad?q=80&w=800&auto=format&fit=crop,Giorgio Armani,Extract,Floriental,Aromatic,Strong,A masterfully crafted PARFUM fragrance by Giorgio Armani. Perfect for Female seeking a Floriental scent with Strong longevity.
giorgio-armani-my-way-nectar-edp,My Way Nectar EDP,Giorgio Armani,Parfum,TRUE,Title,Default Title,shopify,67,deny,manual,297,TRUE,TRUE,https://images.unsplash.com/photo-1594035910387-fea47794261f?q=80&w=800&auto=format&fit=crop,Giorgio Armani,Parfum,Floriental,Aromatic,Strong,A masterfully crafted EDP fragrance by Giorgio Armani. Perfect for Female seeking a Floriental scent with Strong longevity.
giorgio-armani-acqua-di-giia-edp,Acqua Di GiòIa EDP,Giorgio Armani,Parfum,TRUE,Title,Default Title,shopify,68,deny,manual,298,TRUE,TRUE,https://images.unsplash.com/photo-1615529183492-c4e047ceb4d5?q=80&w=800&auto=format&fit=crop,Giorgio Armani,Parfum,Aquatic Floral,Aromatic,Medium,A masterfully crafted EDP fragrance by Giorgio Armani. Perfect for Female seeking a Aquatic Floral scent with Medium longevity.
giorgio-armani-acqua-di-giia-essenza-edp,Acqua Di GiòIa Essenza EDP,Giorgio Armani,Parfum,TRUE,Title,Default Title,shopify,69,deny,manual,299,TRUE,TRUE,https://images.unsplash.com/photo-1615529183492-c4e047ceb4d5?q=80&w=800&auto=format&fit=crop,Giorgio Armani,Parfum,Aquatic Floral,Aromatic,Strong,A masterfully crafted EDP fragrance by Giorgio Armani. Perfect for Female seeking a Aquatic Floral scent with Strong longevity.
valentino-donna-born-in-roma-edp,Donna Born In Roma EDP,Valentino,Parfum,TRUE,Title,Default Title,shopify,20,deny,manual,300,TRUE,TRUE,https://images.unsplash.com/photo-1588405748880-12d1d2a59f75?q=80&w=800&auto=format&fit=crop,Valentino,Parfum,Floral Woody,Aromatic,Medium,A masterfully crafted EDP fragrance by Valentino. Perfect for Female seeking a Floral Woody scent with Medium longevity.
valentino-donna-born-in-roma-intense-edp,Donna Born In Roma Intense EDP,Valentino,Parfum,TRUE,Title,Default Title,shopify,21,deny,manual,301,TRUE,TRUE,https://images.unsplash.com/photo-1590156546946-ce55a12a6a5d?q=80&w=800&auto=format&fit=crop,Valentino,Parfum,Amber Floral,Aromatic,Strong,A masterfully crafted EDP fragrance by Valentino. Perfect for Female seeking a Amber Floral scent with Strong longevity.
valentino-donna-born-in-roma-coral-fantasy-edp,Donna Born In Roma Coral Fantasy EDP,Valentino,Parfum,TRUE,Title,Default Title,shopify,22,deny,manual,302,TRUE,TRUE,https://images.unsplash.com/photo-1592914610354-fd354d45fe82?q=80&w=800&auto=format&fit=crop,Valentino,Parfum,Fruity Floral,Aromatic,Medium,A masterfully crafted EDP fragrance by Valentino. Perfect for Female seeking a Fruity Floral scent with Medium longevity.
valentino-donna-born-in-roma-green-stravaganza-edp,Donna Born In Roma Green Stravaganza EDP,Valentino,Parfum,TRUE,Title,Default Title,shopify,23,deny,manual,303,TRUE,TRUE,https://images.unsplash.com/photo-1582211594533-268f4f1edcb9?q=80&w=800&auto=format&fit=crop,Valentino,Parfum,Green Floral,Aromatic,Medium,A masterfully crafted EDP fragrance by Valentino. Perfect for Female seeking a Green Floral scent with Medium longevity.
valentino-valentina-edp,Valentina EDP,Valentino,Parfum,TRUE,Title,Default Title,shopify,24,deny,manual,304,TRUE,TRUE,https://images.unsplash.com/photo-1598516086708-41c305c08d17?q=80&w=800&auto=format&fit=crop,Valentino,Parfum,Floriental,Aromatic,Medium,A masterfully crafted EDP fragrance by Valentino. Perfect for Female seeking a Floriental scent with Medium longevity.
valentino-valentina-assoluto-edp,Valentina Assoluto EDP,Valentino,Parfum,TRUE,Title,Default Title,shopify,25,deny,manual,305,TRUE,TRUE,https://images.unsplash.com/photo-1601244840899-72c676afba7b?q=80&w=800&auto=format&fit=crop,Valentino,Parfum,Floriental,Aromatic,Strong,A masterfully crafted EDP fragrance by Valentino. Perfect for Female seeking a Floriental scent with Strong longevity.
valentino-valentina-pink-edp,Valentina Pink EDP,Valentino,Parfum,TRUE,Title,Default Title,shopify,26,deny,manual,306,TRUE,TRUE,https://images.unsplash.com/photo-1608528577891-eb055944f2e7?q=80&w=800&auto=format&fit=crop,Valentino,Parfum,Floral Fruity,Aromatic,Medium,A masterfully crafted EDP fragrance by Valentino. Perfect for Female seeking a Floral Fruity scent with Medium longevity.
valentino-valentina-oud-mystique-edp,Valentina Oud Mystique EDP,Valentino,Parfum,TRUE,Title,Default Title,shopify,27,deny,manual,307,TRUE,TRUE,https://images.unsplash.com/photo-1601007746401-44755f190e29?q=80&w=800&auto=format&fit=crop,Valentino,Parfum,Woody Oriental,Aromatic,Strong,A masterfully crafted EDP fragrance by Valentino. Perfect for Female seeking a Woody Oriental scent with Strong longevity.
valentino-valentino-uomo-edt,Valentino Uomo EDT,Valentino,Cologne,TRUE,Title,Default Title,shopify,28,deny,manual,308,TRUE,TRUE,https://images.unsplash.com/photo-1595535373192-fc8938b27529?q=80&w=800&auto=format&fit=crop,Valentino,Cologne,Woody Spicy,Aromatic,Medium,A masterfully crafted EDT fragrance by Valentino. Perfect for Men seeking a Woody Spicy scent with Medium longevity.
valentino-valentino-uomo-intense-edp,Valentino Uomo Intense EDP,Valentino,Parfum,TRUE,Title,Default Title,shopify,29,deny,manual,309,TRUE,TRUE,https://images.unsplash.com/photo-1592494911762-d2f1f5f3e911?q=80&w=800&auto=format&fit=crop,Valentino,Parfum,Woody Spicy,Aromatic,Strong,A masterfully crafted EDP fragrance by Valentino. Perfect for Men seeking a Woody Spicy scent with Strong longevity.
valentino-valentino-uomo-noir-absolu-edp,Valentino Uomo Noir Absolu EDP,Valentino,Parfum,TRUE,Title,Default Title,shopify,30,deny,manual,310,TRUE,TRUE,https://images.unsplash.com/photo-1585386959984-a4155224a1ad?q=80&w=800&auto=format&fit=crop,Valentino,Parfum,Woody Aromatic,Aromatic,Strong,A masterfully crafted EDP fragrance by Valentino. Perfect for Men seeking a Woody Aromatic scent with Strong longevity.
valentino-valentino-uomo-born-in-roma-edp,Valentino Uomo Born In Roma EDP,Valentino,Parfum,TRUE,Title,Default Title,shopify,31,deny,manual,311,TRUE,TRUE,https://images.unsplash.com/photo-1601007746401-44755f190e29?q=80&w=800&auto=format&fit=crop,Valentino,Parfum,Amber Woody,Aromatic,Strong,A masterfully crafted EDP fragrance by Valentino. Perfect for Men seeking a Amber Woody scent with Strong longevity.
louis-vuitton-imagination,Imagination,Louis Vuitton,Parfum,TRUE,Title,Default Title,shopify,32,deny,manual,312,TRUE,TRUE,https://images.unsplash.com/photo-1592494911762-d2f1f5f3e911?q=80&w=800&auto=format&fit=crop,Louis Vuitton,Parfum,Woody Aromatic,Aromatic,Strong,A masterfully crafted EDP fragrance by Louis Vuitton. Perfect for Unisex seeking a Woody Aromatic scent with Strong longevity.
louis-vuitton-limmensit,L'Immensité,Louis Vuitton,Parfum,TRUE,Title,Default Title,shopify,33,deny,manual,313,TRUE,TRUE,https://images.unsplash.com/photo-1598516086708-41c305c08d17?q=80&w=800&auto=format&fit=crop,Louis Vuitton,Parfum,Aromatic Fougere,Aromatic,Strong,A masterfully crafted EDP fragrance by Louis Vuitton. Perfect for Men seeking a Aromatic Fougere scent with Strong longevity.
louis-vuitton-afternoon-swim,Afternoon Swim,Louis Vuitton,Parfum,TRUE,Title,Default Title,shopify,34,deny,manual,314,TRUE,TRUE,https://images.unsplash.com/photo-1563170351-be82bc88ea6f?q=80&w=800&auto=format&fit=crop,Louis Vuitton,Parfum,Citrus Aromatic,Aromatic,Medium,A masterfully crafted EDP fragrance by Louis Vuitton. Perfect for Unisex seeking a Citrus Aromatic scent with Medium longevity.
louis-vuitton-attrape-rves,Attrape-RêVes,Louis Vuitton,Parfum,TRUE,Title,Default Title,shopify,35,deny,manual,315,TRUE,TRUE,https://images.unsplash.com/photo-1598516086708-41c305c08d17?q=80&w=800&auto=format&fit=crop,Louis Vuitton,Parfum,Floriental,Aromatic,Medium,A masterfully crafted EDP fragrance by Louis Vuitton. Perfect for Female seeking a Floriental scent with Medium longevity.
louis-vuitton-heures-dabsence,Heures D'Absence,Louis Vuitton,Parfum,TRUE,Title,Default Title,shopify,36,deny,manual,316,TRUE,TRUE,https://images.unsplash.com/photo-1595425970377-c9703c48657a?q=80&w=800&auto=format&fit=crop,Louis Vuitton,Parfum,Floriental,Aromatic,Medium,A masterfully crafted EDP fragrance by Louis Vuitton. Perfect for Female seeking a Floriental scent with Medium longevity.
louis-vuitton-le-jour-se-lve,Le Jour Se LèVe,Louis Vuitton,Parfum,TRUE,Title,Default Title,shopify,37,deny,manual,317,TRUE,TRUE,https://images.unsplash.com/photo-1615529182904-14819c35db37?q=80&w=800&auto=format&fit=crop,Louis Vuitton,Parfum,Floriental,Aromatic,Medium,A masterfully crafted EDP fragrance by Louis Vuitton. Perfect for Female seeking a Floriental scent with Medium longevity.
louis-vuitton-rose-des-vents,Rose Des Vents,Louis Vuitton,Parfum,TRUE,Title,Default Title,shopify,38,deny,manual,318,TRUE,TRUE,https://images.unsplash.com/photo-1598516086708-41c305c08d17?q=80&w=800&auto=format&fit=crop,Louis Vuitton,Parfum,Floriental,Aromatic,Medium,A masterfully crafted EDP fragrance by Louis Vuitton. Perfect for Female seeking a Floriental scent with Medium longevity.
louis-vuitton-cur-battant,CœUr Battant,Louis Vuitton,Parfum,TRUE,Title,Default Title,shopify,39,deny,manual,319,TRUE,TRUE,https://images.unsplash.com/photo-1616949755610-8c9bbc08f138?q=80&w=800&auto=format&fit=crop,Louis Vuitton,Parfum,Floriental,Aromatic,Medium,A masterfully crafted EDP fragrance by Louis Vuitton. Perfect for Female seeking a Floriental scent with Medium longevity.
louis-vuitton-matire-noire,MatièRe Noire,Louis Vuitton,Parfum,TRUE,Title,Default Title,shopify,40,deny,manual,320,TRUE,TRUE,https://images.unsplash.com/photo-1601007746401-44755f190e29?q=80&w=800&auto=format&fit=crop,Louis Vuitton,Parfum,Woody Floral,Aromatic,Strong,A masterfully crafted EDP fragrance by Louis Vuitton. Perfect for Unisex seeking a Woody Floral scent with Strong longevity.
louis-vuitton-spell-on-you,Spell On You,Louis Vuitton,Parfum,TRUE,Title,Default Title,shopify,41,deny,manual,321,TRUE,TRUE,https://images.unsplash.com/photo-1594035910387-fea47794261f?q=80&w=800&auto=format&fit=crop,Louis Vuitton,Parfum,Floriental,Aromatic,Medium,A masterfully crafted EDP fragrance by Louis Vuitton. Perfect for Female seeking a Floriental scent with Medium longevity.
louis-vuitton-pacific-chill,Pacific Chill,Louis Vuitton,Parfum,TRUE,Title,Default Title,shopify,42,deny,manual,322,TRUE,TRUE,https://images.unsplash.com/photo-1622618991746-fe6004db3a47?q=80&w=800&auto=format&fit=crop,Louis Vuitton,Parfum,Citrus Aromatic,Aromatic,Medium,A masterfully crafted EDP fragrance by Louis Vuitton. Perfect for Unisex seeking a Citrus Aromatic scent with Medium longevity.
louis-vuitton-california-dream,California Dream,Louis Vuitton,Parfum,TRUE,Title,Default Title,shopify,43,deny,manual,323,TRUE,TRUE,https://images.unsplash.com/photo-1594035910387-fea47794261f?q=80&w=800&auto=format&fit=crop,Louis Vuitton,Parfum,Citrus Aromatic,Aromatic,Medium,A masterfully crafted EDP fragrance by Louis Vuitton. Perfect for Unisex seeking a Citrus Aromatic scent with Medium longevity.
louis-vuitton-city-of-stars,City Of Stars,Louis Vuitton,Parfum,TRUE,Title,Default Title,shopify,44,deny,manual,324,TRUE,TRUE,https://images.unsplash.com/photo-1596462502278-27bfdc403348?q=80&w=800&auto=format&fit=crop,Louis Vuitton,Parfum,Citrus Aromatic,Aromatic,Medium,A masterfully crafted EDP fragrance by Louis Vuitton. Perfect for Unisex seeking a Citrus Aromatic scent with Medium longevity.
louis-vuitton-apoge,ApogéE,Louis Vuitton,Parfum,TRUE,Title,Default Title,shopify,45,deny,manual,325,TRUE,TRUE,https://images.unsplash.com/photo-1590156546946-ce55a12a6a5d?q=80&w=800&auto=format&fit=crop,Louis Vuitton,Parfum,Floriental,Aromatic,Medium,A masterfully crafted EDP fragrance by Louis Vuitton. Perfect for Female seeking a Floriental scent with Medium longevity.
louis-vuitton-au-hasard,Au Hasard,Louis Vuitton,Parfum,TRUE,Title,Default Title,shopify,46,deny,manual,326,TRUE,TRUE,https://images.unsplash.com/photo-1598516086708-41c305c08d17?q=80&w=800&auto=format&fit=crop,Louis Vuitton,Parfum,Woody Spicy,Aromatic,Strong,A masterfully crafted EDP fragrance by Louis Vuitton. Perfect for Unisex seeking a Woody Spicy scent with Strong longevity.
louis-vuitton-cactus-garden,Cactus Garden,Louis Vuitton,Parfum,TRUE,Title,Default Title,shopify,47,deny,manual,327,TRUE,TRUE,https://images.unsplash.com/photo-1582211594533-268f4f1edcb9?q=80&w=800&auto=format&fit=crop,Louis Vuitton,Parfum,Aromatic,Aromatic,Medium,A masterfully crafted EDP fragrance by Louis Vuitton. Perfect for Unisex seeking a Aromatic scent with Medium longevity.
louis-vuitton-contre-moi,Contre Moi,Louis Vuitton,Parfum,TRUE,Title,Default Title,shopify,48,deny,manual,328,TRUE,TRUE,https://images.unsplash.com/photo-1598516086708-41c305c08d17?q=80&w=800&auto=format&fit=crop,Louis Vuitton,Parfum,Floriental,Aromatic,Medium,A masterfully crafted EDP fragrance by Louis Vuitton. Perfect for Female seeking a Floriental scent with Medium longevity.
louis-vuitton-on-the-beach,On The Beach,Louis Vuitton,Parfum,TRUE,Title,Default Title,shopify,49,deny,manual,329,TRUE,TRUE,https://images.unsplash.com/photo-1615529182904-14819c35db37?q=80&w=800&auto=format&fit=crop,Louis Vuitton,Parfum,Citrus Aromatic,Aromatic,Medium,A masterfully crafted EDP fragrance by Louis Vuitton. Perfect for Unisex seeking a Citrus Aromatic scent with Medium longevity.
louis-vuitton-les-sables-roses,Les Sables Roses,Louis Vuitton,Parfum,TRUE,Title,Default Title,shopify,50,deny,manual,330,TRUE,TRUE,https://images.unsplash.com/photo-1592494911762-d2f1f5f3e911?q=80&w=800&auto=format&fit=crop,Louis Vuitton,Parfum,Floriental,Aromatic,Medium,A masterfully crafted EDP fragrance by Louis Vuitton. Perfect for Unisex seeking a Floriental scent with Medium longevity.
louis-vuitton-ombre-nomade,Ombre Nomade,Louis Vuitton,Parfum,TRUE,Title,Default Title,shopify,51,deny,manual,331,TRUE,TRUE,https://images.unsplash.com/photo-1615529182904-14819c35db37?q=80&w=800&auto=format&fit=crop,Louis Vuitton,Parfum,Oud,Aromatic,Strong,A masterfully crafted EDP fragrance by Louis Vuitton. Perfect for Unisex seeking a Oud scent with Strong longevity.
louis-vuitton-symphony,Symphony,Louis Vuitton,Extract,TRUE,Title,Default Title,shopify,52,deny,manual,332,TRUE,TRUE,https://images.unsplash.com/photo-1598516086708-41c305c08d17?q=80&w=800&auto=format&fit=crop,Louis Vuitton,Extract,Floriental,Aromatic,Strong,A masterfully crafted EXTRAIT fragrance by Louis Vuitton. Perfect for Unisex seeking a Floriental scent with Strong longevity.
louis-vuitton-dancing-blossom,Dancing Blossom,Louis Vuitton,Extract,TRUE,Title,Default Title,shopify,53,deny,manual,333,TRUE,TRUE,https://images.unsplash.com/photo-1596462502278-27bfdc403348?q=80&w=800&auto=format&fit=crop,Louis Vuitton,Extract,Floriental,Aromatic,Strong,A masterfully crafted EXTRAIT fragrance by Louis Vuitton. Perfect for Unisex seeking a Floriental scent with Strong longevity.
louis-vuitton-myriad,Myriad,Louis Vuitton,Extract,TRUE,Title,Default Title,shopify,54,deny,manual,334,TRUE,TRUE,https://images.unsplash.com/photo-1599305090598-fe179d501227?q=80&w=800&auto=format&fit=crop,Louis Vuitton,Extract,Floriental,Aromatic,Strong,A masterfully crafted EXTRAIT fragrance by Louis Vuitton. Perfect for Unisex seeking a Floriental scent with Strong longevity.
louis-vuitton-rhapsody,Rhapsody,Louis Vuitton,Extract,TRUE,Title,Default Title,shopify,55,deny,manual,335,TRUE,TRUE,https://images.unsplash.com/photo-1594035910387-fea47794261f?q=80&w=800&auto=format&fit=crop,Louis Vuitton,Extract,Floriental,Aromatic,Strong,A masterfully crafted EXTRAIT fragrance by Louis Vuitton. Perfect for Unisex seeking a Floriental scent with Strong longevity.
prada-paradoxe-eau-de-parfum,Paradoxe Eau De Parfum,Prada,Parfum,TRUE,Title,Default Title,shopify,56,deny,manual,336,TRUE,TRUE,https://images.unsplash.com/photo-1594035910387-fea47794261f?q=80&w=800&auto=format&fit=crop,Prada,Parfum,Floriental,Aromatic,Medium,A masterfully crafted EDP fragrance by Prada. Perfect for Female seeking a Floriental scent with Medium longevity.
prada-paradoxe-intense-eau-de-parfum,Paradoxe Intense Eau De Parfum,Prada,Parfum,TRUE,Title,Default Title,shopify,57,deny,manual,337,TRUE,TRUE,https://images.unsplash.com/photo-1592494911762-d2f1f5f3e911?q=80&w=800&auto=format&fit=crop,Prada,Parfum,Amber Floral,Aromatic,Strong,A masterfully crafted EDP fragrance by Prada. Perfect for Female seeking a Amber Floral scent with Strong longevity.
prada-paradoxe-virtual-flower-eau-de-parfum,Paradoxe Virtual Flower Eau De Parfum,Prada,Parfum,TRUE,Title,Default Title,shopify,58,deny,manual,338,TRUE,TRUE,https://images.unsplash.com/photo-1582211594533-268f4f1edcb9?q=80&w=800&auto=format&fit=crop,Prada,Parfum,Floral Fruity,Aromatic,Medium,A masterfully crafted EDP fragrance by Prada. Perfect for Female seeking a Floral Fruity scent with Medium longevity.
prada-paradoxe-radical-essence-parfum,Paradoxe Radical Essence Parfum,Prada,Extract,TRUE,Title,Default Title,shopify,59,deny,manual,339,TRUE,TRUE,https://images.unsplash.com/photo-1595535373192-fc8938b27529?q=80&w=800&auto=format&fit=crop,Prada,Extract,Amber Woody,Aromatic,Strong,A masterfully crafted PARFUM fragrance by Prada. Perfect for Female seeking a Amber Woody scent with Strong longevity.
prada-luna-rossa-eau-de-parfum,Luna Rossa Eau De Parfum,Prada,Parfum,TRUE,Title,Default Title,shopify,60,deny,manual,340,TRUE,TRUE,https://images.unsplash.com/photo-1596462502278-27bfdc403348?q=80&w=800&auto=format&fit=crop,Prada,Parfum,Aromatic Fougere,Aromatic,Medium,A masterfully crafted EDP fragrance by Prada. Perfect for Men seeking a Aromatic Fougere scent with Medium longevity.
prada-luna-rossa-ocean-eau-de-parfum,Luna Rossa Ocean Eau De Parfum,Prada,Parfum,TRUE,Title,Default Title,shopify,61,deny,manual,341,TRUE,TRUE,https://images.unsplash.com/photo-1616949755610-8c9bbc08f138?q=80&w=800&auto=format&fit=crop,Prada,Parfum,Aquatic Aromatic,Aromatic,Medium,A masterfully crafted EDP fragrance by Prada. Perfect for Men seeking a Aquatic Aromatic scent with Medium longevity.
prada-luna-rossa-carbon-eau-de-parfum,Luna Rossa Carbon Eau De Parfum,Prada,Parfum,TRUE,Title,Default Title,shopify,62,deny,manual,342,TRUE,TRUE,https://images.unsplash.com/photo-1622618991746-fe6004db3a47?q=80&w=800&auto=format&fit=crop,Prada,Parfum,Woody Aromatic,Aromatic,Medium,A masterfully crafted EDP fragrance by Prada. Perfect for Men seeking a Woody Aromatic scent with Medium longevity.
prada-luna-rossa-extreme-eau-de-parfum,Luna Rossa Extreme Eau De Parfum,Prada,Parfum,TRUE,Title,Default Title,shopify,63,deny,manual,343,TRUE,TRUE,https://images.unsplash.com/photo-1595535373192-fc8938b27529?q=80&w=800&auto=format&fit=crop,Prada,Parfum,Woody Spicy,Aromatic,Strong,A masterfully crafted EDP fragrance by Prada. Perfect for Men seeking a Woody Spicy scent with Strong longevity.
prada-luna-rossa-sport-eau-de-parfum,Luna Rossa Sport Eau De Parfum,Prada,Parfum,TRUE,Title,Default Title,shopify,64,deny,manual,344,TRUE,TRUE,https://images.unsplash.com/photo-1592914610354-fd354d45fe82?q=80&w=800&auto=format&fit=crop,Prada,Parfum,Aromatic Aquatic,Aromatic,Medium,A masterfully crafted EDP fragrance by Prada. Perfect for Men seeking a Aromatic Aquatic scent with Medium longevity.
prada-luna-rossa-black-eau-de-parfum,Luna Rossa Black Eau De Parfum,Prada,Parfum,TRUE,Title,Default Title,shopify,65,deny,manual,345,TRUE,TRUE,https://images.unsplash.com/photo-1603569283847-aa295f0d016a?q=80&w=800&auto=format&fit=crop,Prada,Parfum,Woody Aromatic,Aromatic,Strong,A masterfully crafted EDP fragrance by Prada. Perfect for Men seeking a Woody Aromatic scent with Strong longevity.
prada-luna-rossa-ocean-eau-de-toilette,Luna Rossa Ocean Eau De Toilette,Prada,Cologne,TRUE,Title,Default Title,shopify,66,deny,manual,346,TRUE,TRUE,https://images.unsplash.com/photo-1596462502278-27bfdc403348?q=80&w=800&auto=format&fit=crop,Prada,Cologne,Aquatic Aromatic,Aromatic,Light,A masterfully crafted EDT fragrance by Prada. Perfect for Men seeking a Aquatic Aromatic scent with Light longevity.
prada-les-infusions-de-mandarine-eau-de-parfum,Les Infusions De Mandarine Eau De Parfum,Prada,Parfum,TRUE,Title,Default Title,shopify,67,deny,manual,347,TRUE,TRUE,https://images.unsplash.com/photo-1592945403244-b3fbafd7f539?q=80&w=800&auto=format&fit=crop,Prada,Parfum,Citrus Aromatic,Aromatic,Medium,A masterfully crafted EDP fragrance by Prada. Perfect for Unisex seeking a Citrus Aromatic scent with Medium longevity.
prada-les-infusions-de-vetiver-eau-de-parfum,Les Infusions De Vetiver Eau De Parfum,Prada,Parfum,TRUE,Title,Default Title,shopify,68,deny,manual,348,TRUE,TRUE,https://images.unsplash.com/photo-1615529183492-c4e047ceb4d5?q=80&w=800&auto=format&fit=crop,Prada,Parfum,Woody Aromatic,Aromatic,Medium,A masterfully crafted EDP fragrance by Prada. Perfect for Unisex seeking a Woody Aromatic scent with Medium longevity.
prada-les-infusions-de-iris-eau-de-parfum,Les Infusions De Iris Eau De Parfum,Prada,Parfum,TRUE,Title,Default Title,shopify,69,deny,manual,349,TRUE,TRUE,https://images.unsplash.com/photo-1563170351-be82bc88ea6f?q=80&w=800&auto=format&fit=crop,Prada,Parfum,Floriental,Aromatic,Medium,A masterfully crafted EDP fragrance by Prada. Perfect for Unisex seeking a Floriental scent with Medium longevity.
prada-les-infusions-de-rose-eau-de-parfum,Les Infusions De Rose Eau De Parfum,Prada,Parfum,TRUE,Title,Default Title,shopify,20,deny,manual,350,TRUE,TRUE,https://images.unsplash.com/photo-1563170351-be82bc88ea6f?q=80&w=800&auto=format&fit=crop,Prada,Parfum,Floriental,Aromatic,Medium,A masterfully crafted EDP fragrance by Prada. Perfect for Unisex seeking a Floriental scent with Medium longevity.
prada-les-infusions-de-vanille-eau-de-parfum,Les Infusions De Vanille Eau De Parfum,Prada,Parfum,TRUE,Title,Default Title,shopify,21,deny,manual,351,TRUE,TRUE,https://images.unsplash.com/photo-1590156546946-ce55a12a6a5d?q=80&w=800&auto=format&fit=crop,Prada,Parfum,Amber Vanilla,Aromatic,Medium,A masterfully crafted EDP fragrance by Prada. Perfect for Unisex seeking a Amber Vanilla scent with Medium longevity.
prada-les-infusions-de-cdre-eau-de-parfum,Les Infusions De CèDre Eau De Parfum,Prada,Parfum,TRUE,Title,Default Title,shopify,22,deny,manual,352,TRUE,TRUE,https://images.unsplash.com/photo-1596462502278-27bfdc403348?q=80&w=800&auto=format&fit=crop,Prada,Parfum,Woody Spicy,Aromatic,Medium,A masterfully crafted EDP fragrance by Prada. Perfect for Unisex seeking a Woody Spicy scent with Medium longevity.
prada-les-infusions-de-gingembre-eau-de-parfum,Les Infusions De Gingembre Eau De Parfum,Prada,Parfum,TRUE,Title,Default Title,shopify,23,deny,manual,353,TRUE,TRUE,https://images.unsplash.com/photo-1603569283847-aa295f0d016a?q=80&w=800&auto=format&fit=crop,Prada,Parfum,Citrus Aromatic,Aromatic,Medium,A masterfully crafted EDP fragrance by Prada. Perfect for Unisex seeking a Citrus Aromatic scent with Medium longevity.
prada-les-infusions-de-rhubarbe-eau-de-parfum,Les Infusions De Rhubarbe Eau De Parfum,Prada,Parfum,TRUE,Title,Default Title,shopify,24,deny,manual,354,TRUE,TRUE,https://images.unsplash.com/photo-1588405748880-12d1d2a59f75?q=80&w=800&auto=format&fit=crop,Prada,Parfum,Floral Fruity,Aromatic,Medium,A masterfully crafted EDP fragrance by Prada. Perfect for Unisex seeking a Floral Fruity scent with Medium longevity.
prada-les-infusions-de-figue-eau-de-parfum,Les Infusions De Figue Eau De Parfum,Prada,Parfum,TRUE,Title,Default Title,shopify,25,deny,manual,355,TRUE,TRUE,https://images.unsplash.com/photo-1588405748880-12d1d2a59f75?q=80&w=800&auto=format&fit=crop,Prada,Parfum,Woody Fruity,Aromatic,Medium,A masterfully crafted EDP fragrance by Prada. Perfect for Unisex seeking a Woody Fruity scent with Medium longevity.
prada-prada-candy-eau-de-parfum,Prada Candy Eau De Parfum,Prada,Parfum,TRUE,Title,Default Title,shopify,26,deny,manual,356,TRUE,TRUE,https://images.unsplash.com/photo-1563170351-be82bc88ea6f?q=80&w=800&auto=format&fit=crop,Prada,Parfum,Gourmand,Aromatic,Medium,A masterfully crafted EDP fragrance by Prada. Perfect for Female seeking a Gourmand scent with Medium longevity.
prada-prada-candy-night-eau-de-parfum,Prada Candy Night Eau De Parfum,Prada,Parfum,TRUE,Title,Default Title,shopify,27,deny,manual,357,TRUE,TRUE,https://images.unsplash.com/photo-1616949755610-8c9bbc08f138?q=80&w=800&auto=format&fit=crop,Prada,Parfum,Gourmand,Aromatic,Medium,A masterfully crafted EDP fragrance by Prada. Perfect for Female seeking a Gourmand scent with Medium longevity.
prada-prada-candy-florale-eau-de-parfum,Prada Candy Florale Eau De Parfum,Prada,Parfum,TRUE,Title,Default Title,shopify,28,deny,manual,358,TRUE,TRUE,https://images.unsplash.com/photo-1585386959984-a4155224a1ad?q=80&w=800&auto=format&fit=crop,Prada,Parfum,Gourmand Floral,Aromatic,Medium,A masterfully crafted EDP fragrance by Prada. Perfect for Female seeking a Gourmand Floral scent with Medium longevity.
prada-prada-candy-kiss-eau-de-parfum,Prada Candy Kiss Eau De Parfum,Prada,Parfum,TRUE,Title,Default Title,shopify,29,deny,manual,359,TRUE,TRUE,https://images.unsplash.com/photo-1590156546946-ce55a12a6a5d?q=80&w=800&auto=format&fit=crop,Prada,Parfum,Gourmand Floral,Aromatic,Medium,A masterfully crafted EDP fragrance by Prada. Perfect for Female seeking a Gourmand Floral scent with Medium longevity.
prada-prada-candy-gloss-eau-de-parfum,Prada Candy Gloss Eau De Parfum,Prada,Parfum,TRUE,Title,Default Title,shopify,30,deny,manual,360,TRUE,TRUE,https://images.unsplash.com/photo-1622618991746-fe6004db3a47?q=80&w=800&auto=format&fit=crop,Prada,Parfum,Gourmand Fruity,Aromatic,Medium,A masterfully crafted EDP fragrance by Prada. Perfect for Female seeking a Gourmand Fruity scent with Medium longevity.
prada-prada-candy-leau-eau-de-parfum,Prada Candy L'Eau Eau De Parfum,Prada,Parfum,TRUE,Title,Default Title,shopify,31,deny,manual,361,TRUE,TRUE,https://images.unsplash.com/photo-1599305090598-fe179d501227?q=80&w=800&auto=format&fit=crop,Prada,Parfum,Gourmand Floral,Aromatic,Medium,A masterfully crafted EDP fragrance by Prada. Perfect for Female seeking a Gourmand Floral scent with Medium longevity.
prada-prada-candy-sugar-pop-eau-de-parfum,Prada Candy Sugar Pop Eau De Parfum,Prada,Parfum,TRUE,Title,Default Title,shopify,32,deny,manual,362,TRUE,TRUE,https://images.unsplash.com/photo-1592945403244-b3fbafd7f539?q=80&w=800&auto=format&fit=crop,Prada,Parfum,Gourmand Fruity,Aromatic,Medium,A masterfully crafted EDP fragrance by Prada. Perfect for Female seeking a Gourmand Fruity scent with Medium longevity.
victorias-secret-tease-eau-de-parfum,Tease Eau De Parfum,Victoria'S Secret,Parfum,TRUE,Title,Default Title,shopify,33,deny,manual,363,TRUE,TRUE,https://images.unsplash.com/photo-1619994403073-2cec844b8e63?q=80&w=800&auto=format&fit=crop,Victoria'S Secret,Parfum,Floriental,Aromatic,Medium,A masterfully crafted EDP fragrance by Victoria'S Secret. Perfect for Female seeking a Floriental scent with Medium longevity.
victorias-secret-tease-rebel-eau-de-parfum,Tease Rebel Eau De Parfum,Victoria'S Secret,Parfum,TRUE,Title,Default Title,shopify,34,deny,manual,364,TRUE,TRUE,https://images.unsplash.com/photo-1595535373192-fc8938b27529?q=80&w=800&auto=format&fit=crop,Victoria'S Secret,Parfum,Floriental,Aromatic,Medium,A masterfully crafted EDP fragrance by Victoria'S Secret. Perfect for Female seeking a Floriental scent with Medium longevity.
victorias-secret-love-spell-eau-de-toilette,Love Spell Eau De Toilette,Victoria'S Secret,Cologne,TRUE,Title,Default Title,shopify,35,deny,manual,365,TRUE,TRUE,https://images.unsplash.com/photo-1595535373192-fc8938b27529?q=80&w=800&auto=format&fit=crop,Victoria'S Secret,Cologne,Floral Fruity,Aromatic,Light,A masterfully crafted EDT fragrance by Victoria'S Secret. Perfect for Female seeking a Floral Fruity scent with Light longevity.
victorias-secret-very-sexy-eau-de-parfum,Very Sexy Eau De Parfum,Victoria'S Secret,Parfum,TRUE,Title,Default Title,shopify,36,deny,manual,366,TRUE,TRUE,https://images.unsplash.com/photo-1594913785124-71239c4f5260?q=80&w=800&auto=format&fit=crop,Victoria'S Secret,Parfum,Oriental Floral,Aromatic,Medium,A masterfully crafted EDP fragrance by Victoria'S Secret. Perfect for Female seeking a Oriental Floral scent with Medium longevity.
victorias-secret-very-sexy-now-eau-de-parfum,Very Sexy Now Eau De Parfum,Victoria'S Secret,Parfum,TRUE,Title,Default Title,shopify,37,deny,manual,367,TRUE,TRUE,https://images.unsplash.com/photo-1599305090598-fe179d501227?q=80&w=800&auto=format&fit=crop,Victoria'S Secret,Parfum,Floriental,Aromatic,Medium,A masterfully crafted EDP fragrance by Victoria'S Secret. Perfect for Female seeking a Floriental scent with Medium longevity.
victorias-secret-bombshell-eau-de-parfum,Bombshell Eau De Parfum,Victoria'S Secret,Parfum,TRUE,Title,Default Title,shopify,38,deny,manual,368,TRUE,TRUE,https://images.unsplash.com/photo-1592494911762-d2f1f5f3e911?q=80&w=800&auto=format&fit=crop,Victoria'S Secret,Parfum,Floriental Fruity,Aromatic,Medium,A masterfully crafted EDP fragrance by Victoria'S Secret. Perfect for Female seeking a Floriental Fruity scent with Medium longevity.
victorias-secret-bombshell-intense-eau-de-parfum,Bombshell Intense Eau De Parfum,Victoria'S Secret,Parfum,TRUE,Title,Default Title,shopify,39,deny,manual,369,TRUE,TRUE,https://images.unsplash.com/photo-1608528577891-eb055944f2e7?q=80&w=800&auto=format&fit=crop,Victoria'S Secret,Parfum,Floriental Fruity,Aromatic,Medium,A masterfully crafted EDP fragrance by Victoria'S Secret. Perfect for Female seeking a Floriental Fruity scent with Medium longevity.
victorias-secret-heavenly-eau-de-parfum,Heavenly Eau De Parfum,Victoria'S Secret,Parfum,TRUE,Title,Default Title,shopify,40,deny,manual,370,TRUE,TRUE,https://images.unsplash.com/photo-1616949755610-8c9bbc08f138?q=80&w=800&auto=format&fit=crop,Victoria'S Secret,Parfum,Floriental,Aromatic,Medium,A masterfully crafted EDP fragrance by Victoria'S Secret. Perfect for Female seeking a Floriental scent with Medium longevity.
victorias-secret-scandalous-eau-de-parfum,Scandalous Eau De Parfum,Victoria'S Secret,Parfum,TRUE,Title,Default Title,shopify,41,deny,manual,371,TRUE,TRUE,https://images.unsplash.com/photo-1594035910387-fea47794261f?q=80&w=800&auto=format&fit=crop,Victoria'S Secret,Parfum,Amber Floral,Aromatic,Medium,A masterfully crafted EDP fragrance by Victoria'S Secret. Perfect for Female seeking a Amber Floral scent with Medium longevity.
victorias-secret-victoria-eau-de-parfum,Victoria Eau De Parfum,Victoria'S Secret,Parfum,TRUE,Title,Default Title,shopify,42,deny,manual,372,TRUE,TRUE,https://images.unsplash.com/photo-1615529183492-c4e047ceb4d5?q=80&w=800&auto=format&fit=crop,Victoria'S Secret,Parfum,Floriental,Aromatic,Medium,A masterfully crafted EDP fragrance by Victoria'S Secret. Perfect for Female seeking a Floriental scent with Medium longevity.
victorias-secret-love-eau-de-parfum,Love Eau De Parfum,Victoria'S Secret,Parfum,TRUE,Title,Default Title,shopify,43,deny,manual,373,TRUE,TRUE,https://images.unsplash.com/photo-1619994403073-2cec844b8e63?q=80&w=800&auto=format&fit=crop,Victoria'S Secret,Parfum,Floriental Fruity,Aromatic,Medium,A masterfully crafted EDP fragrance by Victoria'S Secret. Perfect for Female seeking a Floriental Fruity scent with Medium longevity.
victorias-secret-angelic-eau-de-parfum,Angelic Eau De Parfum,Victoria'S Secret,Parfum,TRUE,Title,Default Title,shopify,44,deny,manual,374,TRUE,TRUE,https://images.unsplash.com/photo-1595425970377-c9703c48657a?q=80&w=800&auto=format&fit=crop,Victoria'S Secret,Parfum,Floriental,Aromatic,Medium,A masterfully crafted EDP fragrance by Victoria'S Secret. Perfect for Female seeking a Floriental scent with Medium longevity.
victorias-secret-very-sexy-angel-eau-de-parfum,Very Sexy Angel Eau De Parfum,Victoria'S Secret,Parfum,TRUE,Title,Default Title,shopify,45,deny,manual,375,TRUE,TRUE,https://images.unsplash.com/photo-1601007746401-44755f190e29?q=80&w=800&auto=format&fit=crop,Victoria'S Secret,Parfum,Floriental,Aromatic,Medium,A masterfully crafted EDP fragrance by Victoria'S Secret. Perfect for Female seeking a Floriental scent with Medium longevity.
victorias-secret-love-addict-eau-de-parfum,Love Addict Eau De Parfum,Victoria'S Secret,Parfum,TRUE,Title,Default Title,shopify,46,deny,manual,376,TRUE,TRUE,https://images.unsplash.com/photo-1603569283847-aa295f0d016a?q=80&w=800&auto=format&fit=crop,Victoria'S Secret,Parfum,Floriental Fruity,Aromatic,Medium,A masterfully crafted EDP fragrance by Victoria'S Secret. Perfect for Female seeking a Floriental Fruity scent with Medium longevity.
victorias-secret-velvet-petals-eau-de-parfum,Velvet Petals Eau De Parfum,Victoria'S Secret,Parfum,TRUE,Title,Default Title,shopify,47,deny,manual,377,TRUE,TRUE,https://images.unsplash.com/photo-1592945403244-b3fbafd7f539?q=80&w=800&auto=format&fit=crop,Victoria'S Secret,Parfum,Floriental,Aromatic,Medium,A masterfully crafted EDP fragrance by Victoria'S Secret. Perfect for Female seeking a Floriental scent with Medium longevity.
victorias-secret-secret-charm-eau-de-parfum,Secret Charm Eau De Parfum,Victoria'S Secret,Parfum,TRUE,Title,Default Title,shopify,48,deny,manual,378,TRUE,TRUE,https://images.unsplash.com/photo-1603569283847-aa295f0d016a?q=80&w=800&auto=format&fit=crop,Victoria'S Secret,Parfum,Floriental Fruity,Aromatic,Medium,A masterfully crafted EDP fragrance by Victoria'S Secret. Perfect for Female seeking a Floriental Fruity scent with Medium longevity.
victorias-secret-love-me-eau-de-parfum,Love Me Eau De Parfum,Victoria'S Secret,Parfum,TRUE,Title,Default Title,shopify,49,deny,manual,379,TRUE,TRUE,https://images.unsplash.com/photo-1601007746401-44755f190e29?q=80&w=800&auto=format&fit=crop,Victoria'S Secret,Parfum,Floriental,Aromatic,Medium,A masterfully crafted EDP fragrance by Victoria'S Secret. Perfect for Female seeking a Floriental scent with Medium longevity.
victorias-secret-fantasy-eau-de-parfum,Fantasy Eau De Parfum,Victoria'S Secret,Parfum,TRUE,Title,Default Title,shopify,50,deny,manual,380,TRUE,TRUE,https://images.unsplash.com/photo-1599305090598-fe179d501227?q=80&w=800&auto=format&fit=crop,Victoria'S Secret,Parfum,Floriental Fruity,Aromatic,Medium,A masterfully crafted EDP fragrance by Victoria'S Secret. Perfect for Female seeking a Floriental Fruity scent with Medium longevity.
victorias-secret-midnight-fantasy-eau-de-parfum,Midnight Fantasy Eau De Parfum,Victoria'S Secret,Parfum,TRUE,Title,Default Title,shopify,51,deny,manual,381,TRUE,TRUE,https://images.unsplash.com/photo-1616949755610-8c9bbc08f138?q=80&w=800&auto=format&fit=crop,Victoria'S Secret,Parfum,Floriental Fruity,Aromatic,Medium,A masterfully crafted EDP fragrance by Victoria'S Secret. Perfect for Female seeking a Floriental Fruity scent with Medium longevity.
victorias-secret-love-by-victoria-eau-de-parfum,Love By Victoria Eau De Parfum,Victoria'S Secret,Parfum,TRUE,Title,Default Title,shopify,52,deny,manual,382,TRUE,TRUE,https://images.unsplash.com/photo-1601244840899-72c676afba7b?q=80&w=800&auto=format&fit=crop,Victoria'S Secret,Parfum,Floriental Fruity,Aromatic,Medium,A masterfully crafted EDP fragrance by Victoria'S Secret. Perfect for Female seeking a Floriental Fruity scent with Medium longevity.
victorias-secret-bombshell-seduction-eau-de-parfum,Bombshell Seduction Eau De Parfum,Victoria'S Secret,Parfum,TRUE,Title,Default Title,shopify,53,deny,manual,383,TRUE,TRUE,https://images.unsplash.com/photo-1608528577891-eb055944f2e7?q=80&w=800&auto=format&fit=crop,Victoria'S Secret,Parfum,Floriental Fruity,Aromatic,Medium,A masterfully crafted EDP fragrance by Victoria'S Secret. Perfect for Female seeking a Floriental Fruity scent with Medium longevity.
victorias-secret-very-sexy-now-eau-de-parfum,Very Sexy Now Eau De Parfum,Victoria'S Secret,Parfum,TRUE,Title,Default Title,shopify,54,deny,manual,384,TRUE,TRUE,https://images.unsplash.com/photo-1599305090598-fe179d501227?q=80&w=800&auto=format&fit=crop,Victoria'S Secret,Parfum,Floriental,Aromatic,Medium,A masterfully crafted EDP fragrance by Victoria'S Secret. Perfect for Female seeking a Floriental scent with Medium longevity.
victorias-secret-tease-rebel-eau-de-parfum,Tease Rebel Eau De Parfum,Victoria'S Secret,Parfum,TRUE,Title,Default Title,shopify,55,deny,manual,385,TRUE,TRUE,https://images.unsplash.com/photo-1595535373192-fc8938b27529?q=80&w=800&auto=format&fit=crop,Victoria'S Secret,Parfum,Floriental,Aromatic,Medium,A masterfully crafted EDP fragrance by Victoria'S Secret. Perfect for Female seeking a Floriental scent with Medium longevity.
victorias-secret-love-spell-eau-de-parfum,Love Spell Eau De Parfum,Victoria'S Secret,Parfum,TRUE,Title,Default Title,shopify,56,deny,manual,386,TRUE,TRUE,https://images.unsplash.com/photo-1592494911762-d2f1f5f3e911?q=80&w=800&auto=format&fit=crop,Victoria'S Secret,Parfum,Floriental Fruity,Aromatic,Medium,A masterfully crafted EDP fragrance by Victoria'S Secret. Perfect for Female seeking a Floriental Fruity scent with Medium longevity.
guerlain-shalimar-eau-de-parfum,Shalimar Eau De Parfum,Guerlain,Parfum,TRUE,Title,Default Title,shopify,57,deny,manual,387,TRUE,TRUE,https://images.unsplash.com/photo-1622618991746-fe6004db3a47?q=80&w=800&auto=format&fit=crop,Guerlain,Parfum,Oriental,Aromatic,Strong,A masterfully crafted EDP fragrance by Guerlain. Perfect for Female seeking a Oriental scent with Strong longevity.
guerlain-shalimar-souffle-de-parfum,Shalimar Souffle De Parfum,Guerlain,Parfum,TRUE,Title,Default Title,shopify,58,deny,manual,388,TRUE,TRUE,https://images.unsplash.com/photo-1592914610354-fd354d45fe82?q=80&w=800&auto=format&fit=crop,Guerlain,Parfum,Floriental,Aromatic,Medium,A masterfully crafted EDP fragrance by Guerlain. Perfect for Female seeking a Floriental scent with Medium longevity.
guerlain-shalimar-parfum-initial-eau-de-parfum,Shalimar Parfum Initial Eau De Parfum,Guerlain,Parfum,TRUE,Title,Default Title,shopify,59,deny,manual,389,TRUE,TRUE,https://images.unsplash.com/photo-1619994403073-2cec844b8e63?q=80&w=800&auto=format&fit=crop,Guerlain,Parfum,Floriental,Aromatic,Medium,A masterfully crafted EDP fragrance by Guerlain. Perfect for Female seeking a Floriental scent with Medium longevity.
guerlain-shalimar-cologne,Shalimar Cologne,Guerlain,Cologne,TRUE,Title,Default Title,shopify,60,deny,manual,390,TRUE,TRUE,https://images.unsplash.com/photo-1601007746401-44755f190e29?q=80&w=800&auto=format&fit=crop,Guerlain,Cologne,Citrus,Aromatic,Light,A masterfully crafted EDT fragrance by Guerlain. Perfect for Female seeking a Citrus scent with Light longevity.
guerlain-mon-guerlain-eau-de-parfum,Mon Guerlain Eau De Parfum,Guerlain,Parfum,TRUE,Title,Default Title,shopify,61,deny,manual,391,TRUE,TRUE,https://images.unsplash.com/photo-1594035910387-fea47794261f?q=80&w=800&auto=format&fit=crop,Guerlain,Parfum,Amber Floral,Aromatic,Medium,A masterfully crafted EDP fragrance by Guerlain. Perfect for Female seeking a Amber Floral scent with Medium longevity.
guerlain-mon-guerlain-bloom-of-rose-eau-de-parfum,Mon Guerlain Bloom Of Rose Eau De Parfum,Guerlain,Parfum,TRUE,Title,Default Title,shopify,62,deny,manual,392,TRUE,TRUE,https://images.unsplash.com/photo-1598516086708-41c305c08d17?q=80&w=800&auto=format&fit=crop,Guerlain,Parfum,Floriental,Aromatic,Medium,A masterfully crafted EDP fragrance by Guerlain. Perfect for Female seeking a Floriental scent with Medium longevity.
guerlain-mon-guerlain-intense-eau-de-parfum,Mon Guerlain Intense Eau De Parfum,Guerlain,Parfum,TRUE,Title,Default Title,shopify,63,deny,manual,393,TRUE,TRUE,https://images.unsplash.com/photo-1592494911762-d2f1f5f3e911?q=80&w=800&auto=format&fit=crop,Guerlain,Parfum,Amber Floral,Aromatic,Medium,A masterfully crafted EDP fragrance by Guerlain. Perfect for Female seeking a Amber Floral scent with Medium longevity.
guerlain-la-petite-robe-noire-eau-de-parfum,La Petite Robe Noire Eau De Parfum,Guerlain,Parfum,TRUE,Title,Default Title,shopify,64,deny,manual,394,TRUE,TRUE,https://images.unsplash.com/photo-1608528577891-eb055944f2e7?q=80&w=800&auto=format&fit=crop,Guerlain,Parfum,Floriental Fruity,Aromatic,Medium,A masterfully crafted EDP fragrance by Guerlain. Perfect for Female seeking a Floriental Fruity scent with Medium longevity.
guerlain-la-petite-robe-noire-intense-eau-de-parfum,La Petite Robe Noire Intense Eau De Parfum,Guerlain,Parfum,TRUE,Title,Default Title,shopify,65,deny,manual,395,TRUE,TRUE,https://images.unsplash.com/photo-1582211594533-268f4f1edcb9?q=80&w=800&auto=format&fit=crop,Guerlain,Parfum,Floriental Fruity,Aromatic,Medium,A masterfully crafted EDP fragrance by Guerlain. Perfect for Female seeking a Floriental Fruity scent with Medium longevity.
guerlain-la-petite-robe-noire-black-perfecto-eau-de-parfum,La Petite Robe Noire Black Perfecto Eau De Parfum,Guerlain,Parfum,TRUE,Title,Default Title,shopify,66,deny,manual,396,TRUE,TRUE,https://images.unsplash.com/photo-1601244840899-72c676afba7b?q=80&w=800&auto=format&fit=crop,Guerlain,Parfum,Floriental,Aromatic,Medium,A masterfully crafted EDP fragrance by Guerlain. Perfect for Female seeking a Floriental scent with Medium longevity.
guerlain-linstant-de-guerlain-eau-de-parfum,L'Instant De Guerlain Eau De Parfum,Guerlain,Parfum,TRUE,Title,Default Title,shopify,67,deny,manual,397,TRUE,TRUE,https://images.unsplash.com/photo-1615529183492-c4e047ceb4d5?q=80&w=800&auto=format&fit=crop,Guerlain,Parfum,Floriental,Aromatic,Medium,A masterfully crafted EDP fragrance by Guerlain. Perfect for Female seeking a Floriental scent with Medium longevity.
guerlain-linstant-de-guerlain-eau-de-toilette,L'Instant De Guerlain Eau De Toilette,Guerlain,Cologne,TRUE,Title,Default Title,shopify,68,deny,manual,398,TRUE,TRUE,https://images.unsplash.com/photo-1588405748880-12d1d2a59f75?q=80&w=800&auto=format&fit=crop,Guerlain,Cologne,Floriental,Aromatic,Light,A masterfully crafted EDT fragrance by Guerlain. Perfect for Female seeking a Floriental scent with Light longevity.
guerlain-idylle-eau-de-parfum,Idylle Eau De Parfum,Guerlain,Parfum,TRUE,Title,Default Title,shopify,69,deny,manual,399,TRUE,TRUE,https://images.unsplash.com/photo-1601244840899-72c676afba7b?q=80&w=800&auto=format&fit=crop,Guerlain,Parfum,Floriental,Aromatic,Medium,A masterfully crafted EDP fragrance by Guerlain. Perfect for Female seeking a Floriental scent with Medium longevity.
guerlain-idylle-eau-de-toilette,Idylle Eau De Toilette,Guerlain,Cologne,TRUE,Title,Default Title,shopify,20,deny,manual,400,TRUE,TRUE,https://images.unsplash.com/photo-1518331566-07612711ff60?q=80&w=800&auto=format&fit=crop,Guerlain,Cologne,Floriental,Aromatic,Light,A masterfully crafted EDT fragrance by Guerlain. Perfect for Female seeking a Floriental scent with Light longevity.
diptyque-philosykos-eau-de-toilette,Philosykos Eau De Toilette,Diptyque,Cologne,TRUE,Title,Default Title,shopify,21,deny,manual,401,TRUE,TRUE,https://images.unsplash.com/photo-1585386959984-a4155224a1ad?q=80&w=800&auto=format&fit=crop,Diptyque,Cologne,Woody Fruity,Aromatic,Medium,A masterfully crafted EDT fragrance by Diptyque. Perfect for Unisex seeking a Woody Fruity scent with Medium longevity.
diptyque-do-son-eau-de-toilette,Do Son Eau De Toilette,Diptyque,Cologne,TRUE,Title,Default Title,shopify,22,deny,manual,402,TRUE,TRUE,https://images.unsplash.com/photo-1596462502278-27bfdc403348?q=80&w=800&auto=format&fit=crop,Diptyque,Cologne,Floral,Aromatic,Medium,A masterfully crafted EDT fragrance by Diptyque. Perfect for Unisex seeking a Floral scent with Medium longevity.
diptyque-lombre-dans-leau-eau-de-toilette,L'Ombre Dans L'Eau Eau De Toilette,Diptyque,Cologne,TRUE,Title,Default Title,shopify,23,deny,manual,403,TRUE,TRUE,https://images.unsplash.com/photo-1596462502278-27bfdc403348?q=80&w=800&auto=format&fit=crop,Diptyque,Cologne,Floral Fruity,Aromatic,Medium,A masterfully crafted EDT fragrance by Diptyque. Perfect for Unisex seeking a Floral Fruity scent with Medium longevity.
diptyque-tubreuse-eau-de-toilette,TubéReuse Eau De Toilette,Diptyque,Cologne,TRUE,Title,Default Title,shopify,24,deny,manual,404,TRUE,TRUE,https://images.unsplash.com/photo-1595425970377-c9703c48657a?q=80&w=800&auto=format&fit=crop,Diptyque,Cologne,Floral,Aromatic,Medium,A masterfully crafted EDT fragrance by Diptyque. Perfect for Unisex seeking a Floral scent with Medium longevity.
diptyque-eau-rose-eau-de-toilette,Eau Rose Eau De Toilette,Diptyque,Cologne,TRUE,Title,Default Title,shopify,25,deny,manual,405,TRUE,TRUE,https://images.unsplash.com/photo-1595425970377-c9703c48657a?q=80&w=800&auto=format&fit=crop,Diptyque,Cologne,Floral,Aromatic,Medium,A masterfully crafted EDT fragrance by Diptyque. Perfect for Unisex seeking a Floral scent with Medium longevity.
diptyque-fleur-de-peau-eau-de-parfum,Fleur De Peau Eau De Parfum,Diptyque,Parfum,TRUE,Title,Default Title,shopify,26,deny,manual,406,TRUE,TRUE,https://images.unsplash.com/photo-1596462502278-27bfdc403348?q=80&w=800&auto=format&fit=crop,Diptyque,Parfum,Floriental,Aromatic,Medium,A masterfully crafted EDP fragrance by Diptyque. Perfect for Unisex seeking a Floriental scent with Medium longevity.
diptyque-volutes-eau-de-parfum,Volutes Eau De Parfum,Diptyque,Parfum,TRUE,Title,Default Title,shopify,27,deny,manual,407,TRUE,TRUE,https://images.unsplash.com/photo-1608528577891-eb055944f2e7?q=80&w=800&auto=format&fit=crop,Diptyque,Parfum,Oriental,Aromatic,Medium,A masterfully crafted EDP fragrance by Diptyque. Perfect for Unisex seeking a Oriental scent with Medium longevity.
diptyque-sant-eau-de-toilette,Santé Eau De Toilette,Diptyque,Cologne,TRUE,Title,Default Title,shopify,28,deny,manual,408,TRUE,TRUE,https://images.unsplash.com/photo-1563170351-be82bc88ea6f?q=80&w=800&auto=format&fit=crop,Diptyque,Cologne,Citrus Aromatic,Aromatic,Light,A masterfully crafted EDT fragrance by Diptyque. Perfect for Unisex seeking a Citrus Aromatic scent with Light longevity.
diptyque-oud-palao-eau-de-parfum,Oud Palao Eau De Parfum,Diptyque,Parfum,TRUE,Title,Default Title,shopify,29,deny,manual,409,TRUE,TRUE,https://images.unsplash.com/photo-1563170351-be82bc88ea6f?q=80&w=800&auto=format&fit=crop,Diptyque,Parfum,Oud Floral,Aromatic,Strong,A masterfully crafted EDP fragrance by Diptyque. Perfect for Unisex seeking a Oud Floral scent with Strong longevity.
diptyque-do-son-eau-de-parfum,Do Son Eau De Parfum,Diptyque,Parfum,TRUE,Title,Default Title,shopify,30,deny,manual,410,TRUE,TRUE,https://images.unsplash.com/photo-1582211594533-268f4f1edcb9?q=80&w=800&auto=format&fit=crop,Diptyque,Parfum,Floral,Aromatic,Medium,A masterfully crafted EDP fragrance by Diptyque. Perfect for Unisex seeking a Floral scent with Medium longevity.
jo-malone-english-pear-freesia-cologne,English Pear & Freesia Cologne,Jo Malone,Cologne,TRUE,Title,Default Title,shopify,31,deny,manual,411,TRUE,TRUE,https://images.unsplash.com/photo-1592914610354-fd354d45fe82?q=80&w=800&auto=format&fit=crop,Jo Malone,Cologne,Floral Fruity,Aromatic,Medium,A masterfully crafted COLOGNE fragrance by Jo Malone. Perfect for Unisex seeking a Floral Fruity scent with Medium longevity.
jo-malone-peony-blush-suede-cologne,Peony & Blush Suede Cologne,Jo Malone,Cologne,TRUE,Title,Default Title,shopify,32,deny,manual,412,TRUE,TRUE,https://images.unsplash.com/photo-1615529183492-c4e047ceb4d5?q=80&w=800&auto=format&fit=crop,Jo Malone,Cologne,Floral,Aromatic,Medium,A masterfully crafted COLOGNE fragrance by Jo Malone. Perfect for Female seeking a Floral scent with Medium longevity.
jo-malone-lime-basil-mandarin-cologne,Lime Basil & Mandarin Cologne,Jo Malone,Cologne,TRUE,Title,Default Title,shopify,33,deny,manual,413,TRUE,TRUE,https://images.unsplash.com/photo-1582211594533-268f4f1edcb9?q=80&w=800&auto=format&fit=crop,Jo Malone,Cologne,Citrus Aromatic,Aromatic,Medium,A masterfully crafted COLOGNE fragrance by Jo Malone. Perfect for Unisex seeking a Citrus Aromatic scent with Medium longevity.
jo-malone-wood-sage-sea-salt-cologne,Wood Sage & Sea Salt Cologne,Jo Malone,Cologne,TRUE,Title,Default Title,shopify,34,deny,manual,414,TRUE,TRUE,https://images.unsplash.com/photo-1615529183492-c4e047ceb4d5?q=80&w=800&auto=format&fit=crop,Jo Malone,Cologne,Woody Aromatic,Aromatic,Medium,A masterfully crafted COLOGNE fragrance by Jo Malone. Perfect for Unisex seeking a Woody Aromatic scent with Medium longevity.
jo-malone-pomegranate-noir-cologne,Pomegranate Noir Cologne,Jo Malone,Cologne,TRUE,Title,Default Title,shopify,35,deny,manual,415,TRUE,TRUE,https://images.unsplash.com/photo-1592914610354-fd354d45fe82?q=80&w=800&auto=format&fit=crop,Jo Malone,Cologne,Oriental Fruity,Aromatic,Medium,A masterfully crafted COLOGNE fragrance by Jo Malone. Perfect for Female seeking a Oriental Fruity scent with Medium longevity.
jo-malone-nectarine-blossom-honey-cologne,Nectarine Blossom & Honey Cologne,Jo Malone,Cologne,TRUE,Title,Default Title,shopify,36,deny,manual,416,TRUE,TRUE,https://images.unsplash.com/photo-1563170351-be82bc88ea6f?q=80&w=800&auto=format&fit=crop,Jo Malone,Cologne,Floral Fruity,Aromatic,Medium,A masterfully crafted COLOGNE fragrance by Jo Malone. Perfect for Female seeking a Floral Fruity scent with Medium longevity.
jo-malone-red-roses-cologne,Red Roses Cologne,Jo Malone,Cologne,TRUE,Title,Default Title,shopify,37,deny,manual,417,TRUE,TRUE,https://images.unsplash.com/photo-1592945403244-b3fbafd7f539?q=80&w=800&auto=format&fit=crop,Jo Malone,Cologne,Floral,Aromatic,Medium,A masterfully crafted COLOGNE fragrance by Jo Malone. Perfect for Female seeking a Floral scent with Medium longevity.
jo-malone-amber-lavender-cologne,Amber & Lavender Cologne,Jo Malone,Cologne,TRUE,Title,Default Title,shopify,38,deny,manual,418,TRUE,TRUE,https://images.unsplash.com/photo-1596462502278-27bfdc403348?q=80&w=800&auto=format&fit=crop,Jo Malone,Cologne,Amber Floral,Aromatic,Medium,A masterfully crafted COLOGNE fragrance by Jo Malone. Perfect for Unisex seeking a Amber Floral scent with Medium longevity.
jo-malone-peony-blush-suede-cologne,Peony & Blush Suede Cologne,Jo Malone,Cologne,TRUE,Title,Default Title,shopify,39,deny,manual,419,TRUE,TRUE,https://images.unsplash.com/photo-1615529183492-c4e047ceb4d5?q=80&w=800&auto=format&fit=crop,Jo Malone,Cologne,Floral,Aromatic,Medium,A masterfully crafted COLOGNE fragrance by Jo Malone. Perfect for Female seeking a Floral scent with Medium longevity.
jo-malone-wild-bluebell-cologne,Wild Bluebell Cologne,Jo Malone,Cologne,TRUE,Title,Default Title,shopify,40,deny,manual,420,TRUE,TRUE,https://images.unsplash.com/photo-1616949755610-8c9bbc08f138?q=80&w=800&auto=format&fit=crop,Jo Malone,Cologne,Floral,Aromatic,Medium,A masterfully crafted COLOGNE fragrance by Jo Malone. Perfect for Female seeking a Floral scent with Medium longevity.
jo-malone-english-oak-redcurrant-cologne,English Oak & Redcurrant Cologne,Jo Malone,Cologne,TRUE,Title,Default Title,shopify,41,deny,manual,421,TRUE,TRUE,https://images.unsplash.com/photo-1592494911762-d2f1f5f3e911?q=80&w=800&auto=format&fit=crop,Jo Malone,Cologne,Woody Fruity,Aromatic,Medium,A masterfully crafted COLOGNE fragrance by Jo Malone. Perfect for Unisex seeking a Woody Fruity scent with Medium longevity.
ralph-lauren-ralph-eau-de-parfum,Ralph Eau De Parfum,Ralph Lauren,Parfum,TRUE,Title,Default Title,shopify,42,deny,manual,422,TRUE,TRUE,https://images.unsplash.com/photo-1592914610354-fd354d45fe82?q=80&w=800&auto=format&fit=crop,Ralph Lauren,Parfum,Floriental,Aromatic,Medium,A masterfully crafted EDP fragrance by Ralph Lauren. Perfect for Female seeking a Floriental scent with Medium longevity.
ralph-lauren-ralph-eau-de-toilette,Ralph Eau De Toilette,Ralph Lauren,Cologne,TRUE,Title,Default Title,shopify,43,deny,manual,423,TRUE,TRUE,https://images.unsplash.com/photo-1592914610354-fd354d45fe82?q=80&w=800&auto=format&fit=crop,Ralph Lauren,Cologne,Floriental,Aromatic,Medium,A masterfully crafted EDT fragrance by Ralph Lauren. Perfect for Female seeking a Floriental scent with Medium longevity.
ralph-lauren-romance-eau-de-parfum,Romance Eau De Parfum,Ralph Lauren,Parfum,TRUE,Title,Default Title,shopify,44,deny,manual,424,TRUE,TRUE,https://images.unsplash.com/photo-1598516086708-41c305c08d17?q=80&w=800&auto=format&fit=crop,Ralph Lauren,Parfum,Floriental,Aromatic,Medium,A masterfully crafted EDP fragrance by Ralph Lauren. Perfect for Female seeking a Floriental scent with Medium longevity.
ralph-lauren-romance-eau-de-toilette,Romance Eau De Toilette,Ralph Lauren,Cologne,TRUE,Title,Default Title,shopify,45,deny,manual,425,TRUE,TRUE,https://images.unsplash.com/photo-1592494911762-d2f1f5f3e911?q=80&w=800&auto=format&fit=crop,Ralph Lauren,Cologne,Floriental,Aromatic,Medium,A masterfully crafted EDT fragrance by Ralph Lauren. Perfect for Female seeking a Floriental scent with Medium longevity.
ralph-lauren-notorious-eau-de-parfum,Notorious Eau De Parfum,Ralph Lauren,Parfum,TRUE,Title,Default Title,shopify,46,deny,manual,426,TRUE,TRUE,https://images.unsplash.com/photo-1596462502278-27bfdc403348?q=80&w=800&auto=format&fit=crop,Ralph Lauren,Parfum,Floriental,Aromatic,Medium,A masterfully crafted EDP fragrance by Ralph Lauren. Perfect for Female seeking a Floriental scent with Medium longevity.
ralph-lauren-blue-eau-de-toilette,Blue Eau De Toilette,Ralph Lauren,Cologne,TRUE,Title,Default Title,shopify,47,deny,manual,427,TRUE,TRUE,https://images.unsplash.com/photo-1622618991746-fe6004db3a47?q=80&w=800&auto=format&fit=crop,Ralph Lauren,Cologne,Aromatic Fougere,Aromatic,Medium,A masterfully crafted EDT fragrance by Ralph Lauren. Perfect for Men seeking a Aromatic Fougere scent with Medium longevity.
ralph-lauren-polo-black-eau-de-parfum,Polo Black Eau De Parfum,Ralph Lauren,Parfum,TRUE,Title,Default Title,shopify,48,deny,manual,428,TRUE,TRUE,https://images.unsplash.com/photo-1592494911762-d2f1f5f3e911?q=80&w=800&auto=format&fit=crop,Ralph Lauren,Parfum,Woody Aromatic,Aromatic,Medium,A masterfully crafted EDP fragrance by Ralph Lauren. Perfect for Men seeking a Woody Aromatic scent with Medium longevity.
ralph-lauren-polo-red-eau-de-parfum,Polo Red Eau De Parfum,Ralph Lauren,Parfum,TRUE,Title,Default Title,shopify,49,deny,manual,429,TRUE,TRUE,https://images.unsplash.com/photo-1594913785124-71239c4f5260?q=80&w=800&auto=format&fit=crop,Ralph Lauren,Parfum,Woody Spicy,Aromatic,Medium,A masterfully crafted EDP fragrance by Ralph Lauren. Perfect for Men seeking a Woody Spicy scent with Medium longevity.
ralph-lauren-polo-blue-eau-de-parfum,Polo Blue Eau De Parfum,Ralph Lauren,Parfum,TRUE,Title,Default Title,shopify,50,deny,manual,430,TRUE,TRUE,https://images.unsplash.com/photo-1590156546946-ce55a12a6a5d?q=80&w=800&auto=format&fit=crop,Ralph Lauren,Parfum,Aromatic Fougere,Aromatic,Medium,A masterfully crafted EDP fragrance by Ralph Lauren. Perfect for Men seeking a Aromatic Fougere scent with Medium longevity.
ralph-lauren-polo-green-eau-de-parfum,Polo Green Eau De Parfum,Ralph Lauren,Parfum,TRUE,Title,Default Title,shopify,51,deny,manual,431,TRUE,TRUE,https://images.unsplash.com/photo-1594035910387-fea47794261f?q=80&w=800&auto=format&fit=crop,Ralph Lauren,Parfum,Woody Aromatic,Aromatic,Medium,A masterfully crafted EDP fragrance by Ralph Lauren. Perfect for Men seeking a Woody Aromatic scent with Medium longevity.
ralph-lauren-polo-eau-de-toilette,Polo Eau De Toilette,Ralph Lauren,Cologne,TRUE,Title,Default Title,shopify,52,deny,manual,432,TRUE,TRUE,https://images.unsplash.com/photo-1622618991746-fe6004db3a47?q=80&w=800&auto=format&fit=crop,Ralph Lauren,Cologne,Woody Aromatic,Aromatic,Medium,A masterfully crafted EDT fragrance by Ralph Lauren. Perfect for Men seeking a Woody Aromatic scent with Medium longevity.
lattafa-abaan,Abaan,Lattafa,Parfum,TRUE,Title,Default Title,shopify,53,deny,manual,433,TRUE,TRUE,https://images.unsplash.com/photo-1601244840899-72c676afba7b?q=80&w=800&auto=format&fit=crop,Lattafa,Parfum,Unknown,Aromatic,Medium,A masterfully crafted EDP fragrance by Lattafa. Perfect for Unisex seeking a Unknown scent with Medium longevity.
lattafa-adeeb,Adeeb,Lattafa,Parfum,TRUE,Title,Default Title,shopify,54,deny,manual,434,TRUE,TRUE,https://images.unsplash.com/photo-1563170351-be82bc88ea6f?q=80&w=800&auto=format&fit=crop,Lattafa,Parfum,Unknown,Aromatic,Medium,A masterfully crafted EDP fragrance by Lattafa. Perfect for Unisex seeking a Unknown scent with Medium longevity.
lattafa-afeef,Afeef,Lattafa,Parfum,TRUE,Title,Default Title,shopify,55,deny,manual,435,TRUE,TRUE,https://images.unsplash.com/photo-1518331566-07612711ff60?q=80&w=800&auto=format&fit=crop,Lattafa,Parfum,Unknown,Aromatic,Medium,A masterfully crafted EDP fragrance by Lattafa. Perfect for Unisex seeking a Unknown scent with Medium longevity.
lattafa-afkaar,Afkaar,Lattafa,Parfum,TRUE,Title,Default Title,shopify,56,deny,manual,436,TRUE,TRUE,https://images.unsplash.com/photo-1592945403244-b3fbafd7f539?q=80&w=800&auto=format&fit=crop,Lattafa,Parfum,Unknown,Aromatic,Medium,A masterfully crafted EDP fragrance by Lattafa. Perfect for Unisex seeking a Unknown scent with Medium longevity.
lattafa-al-awsaaf,Al Awsaaf,Lattafa,Parfum,TRUE,Title,Default Title,shopify,57,deny,manual,437,TRUE,TRUE,https://images.unsplash.com/photo-1619994403073-2cec844b8e63?q=80&w=800&auto=format&fit=crop,Lattafa,Parfum,Unknown,Aromatic,Medium,A masterfully crafted EDP fragrance by Lattafa. Perfect for Unisex seeking a Unknown scent with Medium longevity.
lattafa-al-azal,Al Azal,Lattafa,Parfum,TRUE,Title,Default Title,shopify,58,deny,manual,438,TRUE,TRUE,https://images.unsplash.com/photo-1592494911762-d2f1f5f3e911?q=80&w=800&auto=format&fit=crop,Lattafa,Parfum,Unknown,Aromatic,Medium,A masterfully crafted EDP fragrance by Lattafa. Perfect for Men seeking a Unknown scent with Medium longevity.
lattafa-al-dur-al-maknoon-gold,Al Dur Al Maknoon Gold,Lattafa,Parfum,TRUE,Title,Default Title,shopify,59,deny,manual,439,TRUE,TRUE,https://images.unsplash.com/photo-1592945403244-b3fbafd7f539?q=80&w=800&auto=format&fit=crop,Lattafa,Parfum,Unknown,Aromatic,Strong,A masterfully crafted EDP fragrance by Lattafa. Perfect for Unisex seeking a Unknown scent with Strong longevity.
lattafa-al-dur-al-maknoon-silver,Al Dur Al Maknoon Silver,Lattafa,Parfum,TRUE,Title,Default Title,shopify,60,deny,manual,440,TRUE,TRUE,https://images.unsplash.com/photo-1592494911762-d2f1f5f3e911?q=80&w=800&auto=format&fit=crop,Lattafa,Parfum,Unknown,Aromatic,Strong,A masterfully crafted EDP fragrance by Lattafa. Perfect for Unisex seeking a Unknown scent with Strong longevity.
lattafa-qaeed-al-fursan,Qaeed Al Fursan,Lattafa,Parfum,TRUE,Title,Default Title,shopify,61,deny,manual,441,TRUE,TRUE,https://images.unsplash.com/photo-1594913785124-71239c4f5260?q=80&w=800&auto=format&fit=crop,Lattafa,Parfum,Oriental Woody,Aromatic,Strong,A masterfully crafted EDP fragrance by Lattafa. Perfect for Unisex seeking a Oriental Woody scent with Strong longevity.
lattafa-al-muarikh-the-historian,Al Muarikh The Historian,Lattafa,Parfum,TRUE,Title,Default Title,shopify,62,deny,manual,442,TRUE,TRUE,https://images.unsplash.com/photo-1601244840899-72c676afba7b?q=80&w=800&auto=format&fit=crop,Lattafa,Parfum,Unknown,Aromatic,Medium,A masterfully crafted EDP fragrance by Lattafa. Perfect for Unisex seeking a Unknown scent with Medium longevity.
lattafa-al-najris,Al Najris,Lattafa,Parfum,TRUE,Title,Default Title,shopify,63,deny,manual,443,TRUE,TRUE,https://images.unsplash.com/photo-1563170351-be82bc88ea6f?q=80&w=800&auto=format&fit=crop,Lattafa,Parfum,Unknown,Aromatic,Medium,A masterfully crafted EDP fragrance by Lattafa. Perfect for Unisex seeking a Unknown scent with Medium longevity.
lattafa-ameer-al-oudh,Ameer Al Oudh,Lattafa,Parfum,TRUE,Title,Default Title,shopify,64,deny,manual,444,TRUE,TRUE,https://images.unsplash.com/photo-1615529183492-c4e047ceb4d5?q=80&w=800&auto=format&fit=crop,Lattafa,Parfum,Unknown,Aromatic,Strong,A masterfully crafted EDP fragrance by Lattafa. Perfect for Unisex seeking a Unknown scent with Strong longevity.
lattafa-ameer-al-oudh-intense-oud,Ameer Al Oudh Intense Oud,Lattafa,Parfum,TRUE,Title,Default Title,shopify,65,deny,manual,445,TRUE,TRUE,https://images.unsplash.com/photo-1615529183492-c4e047ceb4d5?q=80&w=800&auto=format&fit=crop,Lattafa,Parfum,Unknown,Aromatic,Strong,A masterfully crafted EDP fragrance by Lattafa. Perfect for Unisex seeking a Unknown scent with Strong longevity.
lattafa-amwaaj-al-oud,Amwaaj Al Oud,Lattafa,Parfum,TRUE,Title,Default Title,shopify,66,deny,manual,446,TRUE,TRUE,https://images.unsplash.com/photo-1608528577891-eb055944f2e7?q=80&w=800&auto=format&fit=crop,Lattafa,Parfum,Unknown,Aromatic,Medium,A masterfully crafted EDP fragrance by Lattafa. Perfect for Unisex seeking a Unknown scent with Medium longevity.
lattafa-anfas-oud,Anfas Oud,Lattafa,Parfum,TRUE,Title,Default Title,shopify,67,deny,manual,447,TRUE,TRUE,https://images.unsplash.com/photo-1582211594533-268f4f1edcb9?q=80&w=800&auto=format&fit=crop,Lattafa,Parfum,Unknown,Aromatic,Medium,A masterfully crafted EDP fragrance by Lattafa. Perfect for Unisex seeking a Unknown scent with Medium longevity.
lattafa-angham,Angham,Lattafa,Parfum,TRUE,Title,Default Title,shopify,68,deny,manual,448,TRUE,TRUE,https://images.unsplash.com/photo-1615529182904-14819c35db37?q=80&w=800&auto=format&fit=crop,Lattafa,Parfum,Unknown,Aromatic,Strong,A masterfully crafted EDP fragrance by Lattafa. Perfect for Unisex seeking a Unknown scent with Strong longevity.
lattafa-atheeri,Atheeri,Lattafa,Parfum,TRUE,Title,Default Title,shopify,69,deny,manual,449,TRUE,TRUE,https://images.unsplash.com/photo-1599305090598-fe179d501227?q=80&w=800&auto=format&fit=crop,Lattafa,Parfum,Unknown,Aromatic,Medium,A masterfully crafted EDP fragrance by Lattafa. Perfect for Female seeking a Unknown scent with Medium longevity.
lattafa-atlas,Atlas,Lattafa,Parfum,TRUE,Title,Default Title,shopify,20,deny,manual,150,TRUE,TRUE,https://images.unsplash.com/photo-1592494911762-d2f1f5f3e911?q=80&w=800&auto=format&fit=crop,Lattafa,Parfum,Unknown,Aromatic,Medium,A masterfully crafted EDP fragrance by Lattafa. Perfect for Unisex seeking a Unknown scent with Medium longevity.
lattafa-aura,Aura,Lattafa,Parfum,TRUE,Title,Default Title,shopify,21,deny,manual,151,TRUE,TRUE,https://images.unsplash.com/photo-1615529183492-c4e047ceb4d5?q=80&w=800&auto=format&fit=crop,Lattafa,Parfum,Unknown,Aromatic,Medium,A masterfully crafted EDP fragrance by Lattafa. Perfect for Unisex seeking a Unknown scent with Medium longevity.
lattafa-awraq-al-oud,Awraq Al Oud,Lattafa,Parfum,TRUE,Title,Default Title,shopify,22,deny,manual,152,TRUE,TRUE,https://images.unsplash.com/photo-1608528577891-eb055944f2e7?q=80&w=800&auto=format&fit=crop,Lattafa,Parfum,Unknown,Aromatic,Strong,A masterfully crafted EDP fragrance by Lattafa. Perfect for Unisex seeking a Unknown scent with Strong longevity.
lattafa-asad,Asad,Lattafa,Parfum,TRUE,Title,Default Title,shopify,23,deny,manual,153,TRUE,TRUE,https://images.unsplash.com/photo-1601007746401-44755f190e29?q=80&w=800&auto=format&fit=crop,Lattafa,Parfum,Unknown,Aromatic,Strong,A masterfully crafted EDP fragrance by Lattafa. Perfect for Unisex seeking a Unknown scent with Strong longevity.
lattafa-asad-bourbon,Asad Bourbon,Lattafa,Parfum,TRUE,Title,Default Title,shopify,24,deny,manual,154,TRUE,TRUE,https://images.unsplash.com/photo-1588405748880-12d1d2a59f75?q=80&w=800&auto=format&fit=crop,Lattafa,Parfum,Unknown,Aromatic,Medium,A masterfully crafted EDP fragrance by Lattafa. Perfect for Unisex seeking a Unknown scent with Medium longevity.
lattafa-badee-al-oud-honor-glory,Bade'E Al Oud Honor & Glory,Lattafa,Parfum,TRUE,Title,Default Title,shopify,25,deny,manual,155,TRUE,TRUE,https://images.unsplash.com/photo-1619994403073-2cec844b8e63?q=80&w=800&auto=format&fit=crop,Lattafa,Parfum,Unknown,Aromatic,Strong,A masterfully crafted EDP fragrance by Lattafa. Perfect for Unisex seeking a Unknown scent with Strong longevity.
lattafa-badee-al-oud-sublime,Bade'E Al Oud Sublime,Lattafa,Parfum,TRUE,Title,Default Title,shopify,26,deny,manual,156,TRUE,TRUE,https://images.unsplash.com/photo-1588405748880-12d1d2a59f75?q=80&w=800&auto=format&fit=crop,Lattafa,Parfum,Unknown,Aromatic,Strong,A masterfully crafted EDP fragrance by Lattafa. Perfect for Unisex seeking a Unknown scent with Strong longevity.
lattafa-eclaire,Eclaire,Lattafa,Parfum,TRUE,Title,Default Title,shopify,27,deny,manual,157,TRUE,TRUE,https://images.unsplash.com/photo-1590156546946-ce55a12a6a5d?q=80&w=800&auto=format&fit=crop,Lattafa,Parfum,Floral Fruity Gourmand,Aromatic,Strong,A masterfully crafted EDP fragrance by Lattafa. Perfect for Women seeking a Floral Fruity Gourmand scent with Strong longevity.
lattafa-fakhar,Fakhar,Lattafa,Parfum,TRUE,Title,Default Title,shopify,28,deny,manual,158,TRUE,TRUE,https://images.unsplash.com/photo-1608528577891-eb055944f2e7?q=80&w=800&auto=format&fit=crop,Lattafa,Parfum,Unknown,Aromatic,Medium,A masterfully crafted EDP fragrance by Lattafa. Perfect for Unisex seeking a Unknown scent with Medium longevity.
lattafa-fakhar-black,Fakhar Black,Lattafa,Parfum,TRUE,Title,Default Title,shopify,29,deny,manual,159,TRUE,TRUE,https://images.unsplash.com/photo-1596462502278-27bfdc403348?q=80&w=800&auto=format&fit=crop,Lattafa,Parfum,Unknown,Aromatic,Medium,A masterfully crafted EDP fragrance by Lattafa. Perfect for Unisex seeking a Unknown scent with Medium longevity.
lattafa-khamrah,Khamrah,Lattafa,Parfum,TRUE,Title,Default Title,shopify,30,deny,manual,160,TRUE,TRUE,https://images.unsplash.com/photo-1582211594533-268f4f1edcb9?q=80&w=800&auto=format&fit=crop,Lattafa,Parfum,Unknown,Aromatic,Strong,A masterfully crafted EDP fragrance by Lattafa. Perfect for Unisex seeking a Unknown scent with Strong longevity.
lattafa-khamrah-qahwa,Khamrah Qahwa,Lattafa,Parfum,TRUE,Title,Default Title,shopify,31,deny,manual,161,TRUE,TRUE,https://images.unsplash.com/photo-1615529183492-c4e047ceb4d5?q=80&w=800&auto=format&fit=crop,Lattafa,Parfum,Unknown,Aromatic,Strong,A masterfully crafted EDP fragrance by Lattafa. Perfect for Unisex seeking a Unknown scent with Strong longevity.
lattafa-khamrah-dukhan,Khamrah Dukhan,Lattafa,Parfum,TRUE,Title,Default Title,shopify,32,deny,manual,162,TRUE,TRUE,https://images.unsplash.com/photo-1595425970377-c9703c48657a?q=80&w=800&auto=format&fit=crop,Lattafa,Parfum,Unknown,Aromatic,Strong,A masterfully crafted EDP fragrance by Lattafa. Perfect for Unisex seeking a Unknown scent with Strong longevity.
lattafa-liam,Liam,Lattafa,Parfum,TRUE,Title,Default Title,shopify,33,deny,manual,163,TRUE,TRUE,https://images.unsplash.com/photo-1601007746401-44755f190e29?q=80&w=800&auto=format&fit=crop,Lattafa,Parfum,Unknown,Aromatic,Strong,A masterfully crafted EDP fragrance by Lattafa. Perfect for Unisex seeking a Unknown scent with Strong longevity.
lattafa-nebras,Nebras,Lattafa,Parfum,TRUE,Title,Default Title,shopify,34,deny,manual,164,TRUE,TRUE,https://images.unsplash.com/photo-1622618991746-fe6004db3a47?q=80&w=800&auto=format&fit=crop,Lattafa,Parfum,Unknown,Aromatic,Medium,A masterfully crafted EDP fragrance by Lattafa. Perfect for Unisex seeking a Unknown scent with Medium longevity.
lattafa-raghba,Raghba,Lattafa,Parfum,TRUE,Title,Default Title,shopify,35,deny,manual,165,TRUE,TRUE,https://images.unsplash.com/photo-1594035910387-fea47794261f?q=80&w=800&auto=format&fit=crop,Lattafa,Parfum,Unknown,Aromatic,Strong,A masterfully crafted EDP fragrance by Lattafa. Perfect for Unisex seeking a Unknown scent with Strong longevity.
lattafa-dynasty,Dynasty,Lattafa,Parfum,TRUE,Title,Default Title,shopify,36,deny,manual,166,TRUE,TRUE,https://images.unsplash.com/photo-1590156546946-ce55a12a6a5d?q=80&w=800&auto=format&fit=crop,Lattafa,Parfum,Woody Spicy,Aromatic,Medium,A masterfully crafted EDP fragrance by Lattafa. Perfect for Unisex seeking a Woody Spicy scent with Medium longevity.
lattafa-victoria,Victoria,Lattafa,Parfum,TRUE,Title,Default Title,shopify,37,deny,manual,167,TRUE,TRUE,https://images.unsplash.com/photo-1592914610354-fd354d45fe82?q=80&w=800&auto=format&fit=crop,Lattafa,Parfum,Unknown,Aromatic,Medium,A masterfully crafted EDP fragrance by Lattafa. Perfect for Unisex seeking a Unknown scent with Medium longevity.
lattafa-the-kingdom-women,The Kingdom (Women),Lattafa,Parfum,TRUE,Title,Default Title,shopify,38,deny,manual,168,TRUE,TRUE,https://images.unsplash.com/photo-1599305090598-fe179d501227?q=80&w=800&auto=format&fit=crop,Lattafa,Parfum,Floral Fruity Gourmand,Aromatic,Medium,A masterfully crafted EDP fragrance by Lattafa. Perfect for Women seeking a Floral Fruity Gourmand scent with Medium longevity.
maison-alhambra-bright-peach,Bright Peach,Maison Alhambra,Parfum,TRUE,Title,Default Title,shopify,39,deny,manual,169,TRUE,TRUE,https://images.unsplash.com/photo-1518331566-07612711ff60?q=80&w=800&auto=format&fit=crop,Maison Alhambra,Parfum,Fruity Floral,Aromatic,Strong,A masterfully crafted EDP fragrance by Maison Alhambra. Perfect for Unisex seeking a Fruity Floral scent with Strong longevity.
maison-alhambra-woody-oud,Woody Oud,Maison Alhambra,Parfum,TRUE,Title,Default Title,shopify,40,deny,manual,170,TRUE,TRUE,https://images.unsplash.com/photo-1616949755610-8c9bbc08f138?q=80&w=800&auto=format&fit=crop,Maison Alhambra,Parfum,Woody Spicy,Aromatic,Medium,A masterfully crafted EDP fragrance by Maison Alhambra. Perfect for Unisex seeking a Woody Spicy scent with Medium longevity.
maison-alhambra-lovely-cherie,Lovely Cherie,Maison Alhambra,Parfum,TRUE,Title,Default Title,shopify,41,deny,manual,171,TRUE,TRUE,https://images.unsplash.com/photo-1622618991746-fe6004db3a47?q=80&w=800&auto=format&fit=crop,Maison Alhambra,Parfum,Cherry Gourmand,Aromatic,Medium,A masterfully crafted EDP fragrance by Maison Alhambra. Perfect for Unisex seeking a Cherry Gourmand scent with Medium longevity.
maison-alhambra-toscano-leather,Toscano Leather,Maison Alhambra,Parfum,TRUE,Title,Default Title,shopify,42,deny,manual,172,TRUE,TRUE,https://images.unsplash.com/photo-1608528577891-eb055944f2e7?q=80&w=800&auto=format&fit=crop,Maison Alhambra,Parfum,Leather,Aromatic,Light,A masterfully crafted EDP fragrance by Maison Alhambra. Perfect for Unisex seeking a Leather scent with Light longevity.
maison-alhambra-yeah,Yeah,Maison Alhambra,Parfum,TRUE,Title,Default Title,shopify,43,deny,manual,173,TRUE,TRUE,https://images.unsplash.com/photo-1616949755610-8c9bbc08f138?q=80&w=800&auto=format&fit=crop,Maison Alhambra,Parfum,Fresh Aromatic,Aromatic,Light,A masterfully crafted EDP fragrance by Maison Alhambra. Perfect for Unisex seeking a Fresh Aromatic scent with Light longevity.
maison-alhambra-tobacco-touch,Tobacco Touch,Maison Alhambra,Parfum,TRUE,Title,Default Title,shopify,44,deny,manual,174,TRUE,TRUE,https://images.unsplash.com/photo-1585386959984-a4155224a1ad?q=80&w=800&auto=format&fit=crop,Maison Alhambra,Parfum,Amber Tobacco,Aromatic,Medium,A masterfully crafted EDP fragrance by Maison Alhambra. Perfect for Unisex seeking a Amber Tobacco scent with Medium longevity.
maison-alhambra-jorge-di-profumo,Jorge Di Profumo,Maison Alhambra,Parfum,TRUE,Title,Default Title,shopify,45,deny,manual,175,TRUE,TRUE,https://images.unsplash.com/photo-1594913785124-71239c4f5260?q=80&w=800&auto=format&fit=crop,Maison Alhambra,Parfum,Aquatic Aromatic,Aromatic,Light,A masterfully crafted EDP fragrance by Maison Alhambra. Perfect for Unisex seeking a Aquatic Aromatic scent with Light longevity.
maison-alhambra-porto-neroli,Porto Neroli,Maison Alhambra,Parfum,TRUE,Title,Default Title,shopify,46,deny,manual,176,TRUE,TRUE,https://images.unsplash.com/photo-1608528577891-eb055944f2e7?q=80&w=800&auto=format&fit=crop,Maison Alhambra,Parfum,Citrus Aromatic,Aromatic,Medium,A masterfully crafted EDP fragrance by Maison Alhambra. Perfect for Unisex seeking a Citrus Aromatic scent with Medium longevity.
maison-alhambra-intense-peach,Intense Peach,Maison Alhambra,Parfum,TRUE,Title,Default Title,shopify,47,deny,manual,177,TRUE,TRUE,https://images.unsplash.com/photo-1595535373192-fc8938b27529?q=80&w=800&auto=format&fit=crop,Maison Alhambra,Parfum,Fruity Floral,Aromatic,Medium,A masterfully crafted EDP fragrance by Maison Alhambra. Perfect for Unisex seeking a Fruity Floral scent with Medium longevity.
maison-alhambra-sceptre-bronzite,Sceptre Bronzite,Maison Alhambra,Parfum,TRUE,Title,Default Title,shopify,48,deny,manual,178,TRUE,TRUE,https://images.unsplash.com/photo-1594913785124-71239c4f5260?q=80&w=800&auto=format&fit=crop,Maison Alhambra,Parfum,Unknown,Aromatic,Medium,A masterfully crafted EDP fragrance by Maison Alhambra. Perfect for Unisex seeking a Unknown scent with Medium longevity.
maison-alhambra-kismet-angel,Kismet Angel,Maison Alhambra,Parfum,TRUE,Title,Default Title,shopify,49,deny,manual,179,TRUE,TRUE,https://images.unsplash.com/photo-1616949755610-8c9bbc08f138?q=80&w=800&auto=format&fit=crop,Maison Alhambra,Parfum,Unknown,Aromatic,Medium,A masterfully crafted EDP fragrance by Maison Alhambra. Perfect for Unisex seeking a Unknown scent with Medium longevity.
maison-alhambra-tabac,Tabac,Maison Alhambra,Parfum,TRUE,Title,Default Title,shopify,50,deny,manual,180,TRUE,TRUE,https://images.unsplash.com/photo-1563170351-be82bc88ea6f?q=80&w=800&auto=format&fit=crop,Maison Alhambra,Parfum,Tabac Accord,Aromatic,Medium,A masterfully crafted EDP fragrance by Maison Alhambra. Perfect for Unisex seeking a Tabac Accord scent with Medium longevity.
maison-alhambra-signatures-no-iii,Signatures No. III,Maison Alhambra,Parfum,TRUE,Title,Default Title,shopify,51,deny,manual,181,TRUE,TRUE,https://images.unsplash.com/photo-1595425970377-c9703c48657a?q=80&w=800&auto=format&fit=crop,Maison Alhambra,Parfum,Unknown,Aromatic,Medium,A masterfully crafted EDP fragrance by Maison Alhambra. Perfect for Unisex seeking a Unknown scent with Medium longevity.
maison-alhambra-zaffiro-crafted-oud,Zaffiro Crafted Oud,Maison Alhambra,Parfum,TRUE,Title,Default Title,shopify,52,deny,manual,182,TRUE,TRUE,https://images.unsplash.com/photo-1590156546946-ce55a12a6a5d?q=80&w=800&auto=format&fit=crop,Maison Alhambra,Parfum,Unknown,Aromatic,Strong,A masterfully crafted EDP fragrance by Maison Alhambra. Perfect for Unisex seeking a Unknown scent with Strong longevity.
maison-alhambra-amber-leather,Amber & Leather,Maison Alhambra,Parfum,TRUE,Title,Default Title,shopify,53,deny,manual,183,TRUE,TRUE,https://images.unsplash.com/photo-1592914610354-fd354d45fe82?q=80&w=800&auto=format&fit=crop,Maison Alhambra,Parfum,Amber Leather,Aromatic,Strong,A masterfully crafted EDP fragrance by Maison Alhambra. Perfect for Unisex seeking a Amber Leather scent with Strong longevity.
maison-alhambra-salvo-elixir,Salvo Elixir,Maison Alhambra,Parfum,TRUE,Title,Default Title,shopify,54,deny,manual,184,TRUE,TRUE,https://images.unsplash.com/photo-1594035910387-fea47794261f?q=80&w=800&auto=format&fit=crop,Maison Alhambra,Parfum,Unknown,Aromatic,Strong,A masterfully crafted EDP fragrance by Maison Alhambra. Perfect for Unisex seeking a Unknown scent with Strong longevity.
maison-alhambra-perseus,Perseus,Maison Alhambra,Parfum,TRUE,Title,Default Title,shopify,55,deny,manual,185,TRUE,TRUE,https://images.unsplash.com/photo-1596462502278-27bfdc403348?q=80&w=800&auto=format&fit=crop,Maison Alhambra,Parfum,Unknown,Aromatic,Strong,A masterfully crafted EDP fragrance by Maison Alhambra. Perfect for Unisex seeking a Unknown scent with Strong longevity.
maison-alhambra-black-origami,Black Origami,Maison Alhambra,Parfum,TRUE,Title,Default Title,shopify,56,deny,manual,186,TRUE,TRUE,https://images.unsplash.com/photo-1603569283847-aa295f0d016a?q=80&w=800&auto=format&fit=crop,Maison Alhambra,Parfum,Floral Chocolate,Aromatic,Medium,A masterfully crafted EDP fragrance by Maison Alhambra. Perfect for Unisex seeking a Floral Chocolate scent with Medium longevity.
maison-alhambra-floral-ambrosia,Floral Ambrosia,Maison Alhambra,Parfum,TRUE,Title,Default Title,shopify,57,deny,manual,187,TRUE,TRUE,https://images.unsplash.com/photo-1594913785124-71239c4f5260?q=80&w=800&auto=format&fit=crop,Maison Alhambra,Parfum,Floriental,Aromatic,Medium,A masterfully crafted EDP fragrance by Maison Alhambra. Perfect for Unisex seeking a Floriental scent with Medium longevity.
maison-alhambra-kingsman,Kingsman,Maison Alhambra,Parfum,TRUE,Title,Default Title,shopify,58,deny,manual,188,TRUE,TRUE,https://images.unsplash.com/photo-1596462502278-27bfdc403348?q=80&w=800&auto=format&fit=crop,Maison Alhambra,Parfum,Woody Aromatic,Aromatic,Medium,A masterfully crafted EDP fragrance by Maison Alhambra. Perfect for Unisex seeking a Woody Aromatic scent with Medium longevity.
maison-alhambra-rose-oud,Rose Oud,Maison Alhambra,Parfum,TRUE,Title,Default Title,shopify,59,deny,manual,189,TRUE,TRUE,https://images.unsplash.com/photo-1601007746401-44755f190e29?q=80&w=800&auto=format&fit=crop,Maison Alhambra,Parfum,Amber Floral,Aromatic,Medium,A masterfully crafted EDP fragrance by Maison Alhambra. Perfect for Unisex seeking a Amber Floral scent with Medium longevity.
maison-alhambra-karat,Karat,Maison Alhambra,Parfum,TRUE,Title,Default Title,shopify,60,deny,manual,190,TRUE,TRUE,https://images.unsplash.com/photo-1594913785124-71239c4f5260?q=80&w=800&auto=format&fit=crop,Maison Alhambra,Parfum,Gourmand,Aromatic,Medium,A masterfully crafted EDP fragrance by Maison Alhambra. Perfect for Unisex seeking a Gourmand scent with Medium longevity.
maison-alhambra-opera-noir,Opera Noir,Maison Alhambra,Parfum,TRUE,Title,Default Title,shopify,61,deny,manual,191,TRUE,TRUE,https://images.unsplash.com/photo-1601244840899-72c676afba7b?q=80&w=800&auto=format&fit=crop,Maison Alhambra,Parfum,Oriental Floral,Aromatic,Medium,A masterfully crafted EDP fragrance by Maison Alhambra. Perfect for Unisex seeking a Oriental Floral scent with Medium longevity.
maison-alhambra-amberley-ombre-blue,Amberley Ombre Blue,Maison Alhambra,Parfum,TRUE,Title,Default Title,shopify,62,deny,manual,192,TRUE,TRUE,https://images.unsplash.com/photo-1619994403073-2cec844b8e63?q=80&w=800&auto=format&fit=crop,Maison Alhambra,Parfum,Patchouli Fig,Aromatic,Strong,A masterfully crafted EDP fragrance by Maison Alhambra. Perfect for Unisex seeking a Patchouli Fig scent with Strong longevity.
maison-alhambra-amberley-pur-oud,Amberley Pur Oud,Maison Alhambra,Parfum,TRUE,Title,Default Title,shopify,63,deny,manual,193,TRUE,TRUE,https://images.unsplash.com/photo-1616949755610-8c9bbc08f138?q=80&w=800&auto=format&fit=crop,Maison Alhambra,Parfum,Woody Oud,Aromatic,Strong,A masterfully crafted EDP fragrance by Maison Alhambra. Perfect for Unisex seeking a Woody Oud scent with Strong longevity.
ajmal-evoke-for-him,Evoke For Him,Ajmal,Parfum,TRUE,Title,Default Title,shopify,64,deny,manual,194,TRUE,TRUE,https://images.unsplash.com/photo-1582211594533-268f4f1edcb9?q=80&w=800&auto=format&fit=crop,Ajmal,Parfum,Aromatic,Aromatic,Strong,A masterfully crafted EDP fragrance by Ajmal. Perfect for Men seeking a Aromatic scent with Strong longevity.
ajmal-blu,Blu,Ajmal,Parfum,TRUE,Title,Default Title,shopify,65,deny,manual,195,TRUE,TRUE,https://images.unsplash.com/photo-1601244840899-72c676afba7b?q=80&w=800&auto=format&fit=crop,Ajmal,Parfum,Floral Aquatic,Aromatic,Medium,A masterfully crafted EDP fragrance by Ajmal. Perfect for Men seeking a Floral Aquatic scent with Medium longevity.
ajmal-amber-wood,Amber Wood,Ajmal,Parfum,TRUE,Title,Default Title,shopify,66,deny,manual,196,TRUE,TRUE,https://images.unsplash.com/photo-1608528577891-eb055944f2e7?q=80&w=800&auto=format&fit=crop,Ajmal,Parfum,Woody Amber,Aromatic,Medium,A masterfully crafted EDP fragrance by Ajmal. Perfect for Unisex seeking a Woody Amber scent with Medium longevity.
ajmal-wisal-layel,Wisal Layel,Ajmal,Parfum,TRUE,Title,Default Title,shopify,67,deny,manual,197,TRUE,TRUE,https://images.unsplash.com/photo-1601007746401-44755f190e29?q=80&w=800&auto=format&fit=crop,Ajmal,Parfum,Fruity Floral Woody,Aromatic,Strong,A masterfully crafted EDP fragrance by Ajmal. Perfect for Unisex seeking a Fruity Floral Woody scent with Strong longevity.
ajmal-amber-musc,Amber Musc,Ajmal,Parfum,TRUE,Title,Default Title,shopify,68,deny,manual,198,TRUE,TRUE,https://images.unsplash.com/photo-1615529183492-c4e047ceb4d5?q=80&w=800&auto=format&fit=crop,Ajmal,Parfum,Amber Musk,Aromatic,Strong,A masterfully crafted EDP fragrance by Ajmal. Perfect for Unisex seeking a Amber Musk scent with Strong longevity.
ajmal-patchouli-wood,Patchouli Wood,Ajmal,Parfum,TRUE,Title,Default Title,shopify,69,deny,manual,199,TRUE,TRUE,https://images.unsplash.com/photo-1603569283847-aa295f0d016a?q=80&w=800&auto=format&fit=crop,Ajmal,Parfum,Woody Spicy,Aromatic,Medium,A masterfully crafted EDP fragrance by Ajmal. Perfect for Unisex seeking a Woody Spicy scent with Medium longevity.
ajmal-moshriqa,Moshriqa,Ajmal,Parfum,TRUE,Title,Default Title,shopify,20,deny,manual,200,TRUE,TRUE,https://images.unsplash.com/photo-1619994403073-2cec844b8e63?q=80&w=800&auto=format&fit=crop,Ajmal,Parfum,Floral Spicy Oriental,Aromatic,Strong,A masterfully crafted EDP fragrance by Ajmal. Perfect for Unisex seeking a Floral Spicy Oriental scent with Strong longevity.
ajmal-musk-rose,Musk Rose,Ajmal,Cologne,TRUE,Title,Default Title,shopify,21,deny,manual,201,TRUE,TRUE,https://images.unsplash.com/photo-1615529183492-c4e047ceb4d5?q=80&w=800&auto=format&fit=crop,Ajmal,Cologne,Floral Musk,Aromatic,Strong,A masterfully crafted ALCOHOL-FREE fragrance by Ajmal. Perfect for Unisex seeking a Floral Musk scent with Strong longevity.
ajmal-oudh-mukhallat,Oudh Mukhallat,Ajmal,Extract,TRUE,Title,Default Title,shopify,22,deny,manual,202,TRUE,TRUE,https://images.unsplash.com/photo-1598516086708-41c305c08d17?q=80&w=800&auto=format&fit=crop,Ajmal,Extract,Oudh Blend,Aromatic,Strong,A masterfully crafted ATTAR fragrance by Ajmal. Perfect for Unisex seeking a Oudh Blend scent with Strong longevity.
ajmal-dahn-al-oudh-zayeed,Dahn Al Oudh Zayeed,Ajmal,Extract,TRUE,Title,Default Title,shopify,23,deny,manual,203,TRUE,TRUE,https://images.unsplash.com/photo-1601244840899-72c676afba7b?q=80&w=800&auto=format&fit=crop,Ajmal,Extract,Rich Oudh,Aromatic,Strong,A masterfully crafted CONCENTRATE fragrance by Ajmal. Perfect for Unisex seeking a Rich Oudh scent with Strong longevity.
ajmal-majmua,Majmua,Ajmal,Extract,TRUE,Title,Default Title,shopify,24,deny,manual,204,TRUE,TRUE,https://images.unsplash.com/photo-1518331566-07612711ff60?q=80&w=800&auto=format&fit=crop,Ajmal,Extract,Floral Amber Woody,Aromatic,Strong,A masterfully crafted CONCENTRATE fragrance by Ajmal. Perfect for Unisex seeking a Floral Amber Woody scent with Strong longevity.
ajmal-1001-nights,1001 Nights,Ajmal,Parfum,TRUE,Title,Default Title,shopify,25,deny,manual,205,TRUE,TRUE,https://images.unsplash.com/photo-1615529183492-c4e047ceb4d5?q=80&w=800&auto=format&fit=crop,Ajmal,Parfum,Woody Spicy,Aromatic,Medium,A masterfully crafted EDP fragrance by Ajmal. Perfect for Unisex seeking a Woody Spicy scent with Medium longevity.
ajmal-kuro,Kuro,Ajmal,Parfum,TRUE,Title,Default Title,shopify,26,deny,manual,206,TRUE,TRUE,https://images.unsplash.com/photo-1622618991746-fe6004db3a47?q=80&w=800&auto=format&fit=crop,Ajmal,Parfum,Fresh Spicy,Aromatic,Light,A masterfully crafted EDP fragrance by Ajmal. Perfect for Unisex seeking a Fresh Spicy scent with Light longevity.
ajmal-silver-shade,Silver Shade,Ajmal,Parfum,TRUE,Title,Default Title,shopify,27,deny,manual,207,TRUE,TRUE,https://images.unsplash.com/photo-1595425970377-c9703c48657a?q=80&w=800&auto=format&fit=crop,Ajmal,Parfum,Floral Powdery,Aromatic,Light,A masterfully crafted EDP fragrance by Ajmal. Perfect for Unisex seeking a Floral Powdery scent with Light longevity.
ajmal-wisal-dhahab,Wisal Dhahab,Ajmal,Parfum,TRUE,Title,Default Title,shopify,28,deny,manual,208,TRUE,TRUE,https://images.unsplash.com/photo-1615529182904-14819c35db37?q=80&w=800&auto=format&fit=crop,Ajmal,Parfum,Floral Oriental,Aromatic,Strong,A masterfully crafted EDP fragrance by Ajmal. Perfect for Unisex seeking a Floral Oriental scent with Strong longevity.
ajmal-bombay-dreams,Bombay Dreams,Ajmal,Parfum,TRUE,Title,Default Title,shopify,29,deny,manual,209,TRUE,TRUE,https://images.unsplash.com/photo-1590156546946-ce55a12a6a5d?q=80&w=800&auto=format&fit=crop,Ajmal,Parfum,Floral,Aromatic,Medium,A masterfully crafted EDP fragrance by Ajmal. Perfect for Women seeking a Floral scent with Medium longevity.
ajmal-artisan-fleur-silk,Artisan Fleur Silk,Ajmal,Parfum,TRUE,Title,Default Title,shopify,30,deny,manual,210,TRUE,TRUE,https://images.unsplash.com/photo-1622618991746-fe6004db3a47?q=80&w=800&auto=format&fit=crop,Ajmal,Parfum,Floral,Aromatic,Medium,A masterfully crafted EDP fragrance by Ajmal. Perfect for Women seeking a Floral scent with Medium longevity.
ajmal-amber-musc-noir-amber-musk-edp,Amber Musc Noir (Amber Musk EDP),Ajmal,Parfum,TRUE,Title,Default Title,shopify,31,deny,manual,211,TRUE,TRUE,https://images.unsplash.com/photo-1585386959984-a4155224a1ad?q=80&w=800&auto=format&fit=crop,Ajmal,Parfum,Amber Musk,Aromatic,Strong,A masterfully crafted EDP fragrance by Ajmal. Perfect for Unisex seeking a Amber Musk scent with Strong longevity.
ajmal-ambre-pimente,Ambre Pimente,Ajmal,Parfum,TRUE,Title,Default Title,shopify,32,deny,manual,212,TRUE,TRUE,https://images.unsplash.com/photo-1599305090598-fe179d501227?q=80&w=800&auto=format&fit=crop,Ajmal,Parfum,Spicy Amber,Aromatic,Strong,A masterfully crafted EDP fragrance by Ajmal. Perfect for Men seeking a Spicy Amber scent with Strong longevity.
ajmal-sacred-love,Sacred Love,Ajmal,Parfum,TRUE,Title,Default Title,shopify,33,deny,manual,213,TRUE,TRUE,https://images.unsplash.com/photo-1622618991746-fe6004db3a47?q=80&w=800&auto=format&fit=crop,Ajmal,Parfum,Citrus Floral,Aromatic,Light,A masterfully crafted EDP fragrance by Ajmal. Perfect for Women seeking a Citrus Floral scent with Light longevity.
ajmal-bling-women,Bling (Women),Ajmal,Parfum,TRUE,Title,Default Title,shopify,34,deny,manual,214,TRUE,TRUE,https://images.unsplash.com/photo-1594035910387-fea47794261f?q=80&w=800&auto=format&fit=crop,Ajmal,Parfum,Floral,Aromatic,Medium,A masterfully crafted EDP fragrance by Ajmal. Perfect for Women seeking a Floral scent with Medium longevity.
ajmal-amaze,Amaze,Ajmal,Parfum,TRUE,Title,Default Title,shopify,35,deny,manual,215,TRUE,TRUE,https://images.unsplash.com/photo-1582211594533-268f4f1edcb9?q=80&w=800&auto=format&fit=crop,Ajmal,Parfum,Fresh Aromatic,Aromatic,Medium,A masterfully crafted EDP fragrance by Ajmal. Perfect for Men seeking a Fresh Aromatic scent with Medium longevity.
ajmal-song-of-oud,Song Of Oud,Ajmal,Parfum,TRUE,Title,Default Title,shopify,36,deny,manual,216,TRUE,TRUE,https://images.unsplash.com/photo-1518331566-07612711ff60?q=80&w=800&auto=format&fit=crop,Ajmal,Parfum,Woody Oud,Aromatic,Strong,A masterfully crafted EDP fragrance by Ajmal. Perfect for Unisex seeking a Woody Oud scent with Strong longevity.
ajmal-amber-wood-noir,Amber Wood Noir,Ajmal,Parfum,TRUE,Title,Default Title,shopify,37,deny,manual,217,TRUE,TRUE,https://images.unsplash.com/photo-1592945403244-b3fbafd7f539?q=80&w=800&auto=format&fit=crop,Ajmal,Parfum,Woody Musky,Aromatic,Strong,A masterfully crafted EDP fragrance by Ajmal. Perfect for Unisex seeking a Woody Musky scent with Strong longevity.
ajmal-silent-storm,Silent Storm,Ajmal,Parfum,TRUE,Title,Default Title,shopify,38,deny,manual,218,TRUE,TRUE,https://images.unsplash.com/photo-1590156546946-ce55a12a6a5d?q=80&w=800&auto=format&fit=crop,Ajmal,Parfum,Citrus Amber,Aromatic,Medium,A masterfully crafted EDP fragrance by Ajmal. Perfect for Unisex seeking a Citrus Amber scent with Medium longevity.
ajmal-zeal,Zeal,Ajmal,Parfum,TRUE,Title,Default Title,shopify,39,deny,manual,219,TRUE,TRUE,https://images.unsplash.com/photo-1616949755610-8c9bbc08f138?q=80&w=800&auto=format&fit=crop,Ajmal,Parfum,Fresh Spicy,Aromatic,Medium,A masterfully crafted EDP fragrance by Ajmal. Perfect for Unisex seeking a Fresh Spicy scent with Medium longevity.
ajmal-mukhalat-al-raki,Mukhalat Al Raki,Ajmal,Extract,TRUE,Title,Default Title,shopify,40,deny,manual,220,TRUE,TRUE,https://images.unsplash.com/photo-1592494911762-d2f1f5f3e911?q=80&w=800&auto=format&fit=crop,Ajmal,Extract,Floral Woody Musky,Aromatic,Strong,A masterfully crafted OIL fragrance by Ajmal. Perfect for Unisex seeking a Floral Woody Musky scent with Strong longevity.
ajmal-colaba-mukhalat,Colaba Mukhalat,Ajmal,Extract,TRUE,Title,Default Title,shopify,41,deny,manual,221,TRUE,TRUE,https://images.unsplash.com/photo-1582211594533-268f4f1edcb9?q=80&w=800&auto=format&fit=crop,Ajmal,Extract,Floral Ambery,Aromatic,Strong,A masterfully crafted OIL fragrance by Ajmal. Perfect for Unisex seeking a Floral Ambery scent with Strong longevity.
ajmal-vanilla-amber-oil,Vanilla Amber Oil,Ajmal,Extract,TRUE,Title,Default Title,shopify,42,deny,manual,222,TRUE,TRUE,https://images.unsplash.com/photo-1599305090598-fe179d501227?q=80&w=800&auto=format&fit=crop,Ajmal,Extract,Gourmand Vanilla,Aromatic,Strong,A masterfully crafted OIL fragrance by Ajmal. Perfect for Unisex seeking a Gourmand Vanilla scent with Strong longevity.
brand-perfume,Perfume,Brand,Parfum,TRUE,Title,Default Title,shopify,43,deny,manual,223,TRUE,TRUE,https://images.unsplash.com/photo-1601244840899-72c676afba7b?q=80&w=800&auto=format&fit=crop,Brand,Parfum,Category,Aromatic,Longevity,A masterfully crafted TYPE fragrance by Brand. Perfect for Target Audience seeking a Category scent with Longevity longevity.
zimaya-amber-is-great,Amber Is Great,Zimaya,Parfum,TRUE,Title,Default Title,shopify,44,deny,manual,224,TRUE,TRUE,https://images.unsplash.com/photo-1594035910387-fea47794261f?q=80&w=800&auto=format&fit=crop,Zimaya,Parfum,Fruity Amber,Aromatic,Medium,A masterfully crafted EDP fragrance by Zimaya. Perfect for Unisex seeking a Fruity Amber scent with Medium longevity.
zimaya-yaa-umree,Yaa Umree,Zimaya,Parfum,TRUE,Title,Default Title,shopify,45,deny,manual,225,TRUE,TRUE,https://images.unsplash.com/photo-1596462502278-27bfdc403348?q=80&w=800&auto=format&fit=crop,Zimaya,Parfum,Creamy Floral,Aromatic,Medium,A masterfully crafted EDP fragrance by Zimaya. Perfect for Women seeking a Creamy Floral scent with Medium longevity.
zimaya-mazaaj-infused,Mazaaj Infused,Zimaya,Parfum,TRUE,Title,Default Title,shopify,46,deny,manual,226,TRUE,TRUE,https://images.unsplash.com/photo-1563170351-be82bc88ea6f?q=80&w=800&auto=format&fit=crop,Zimaya,Parfum,Spicy Gourmand,Aromatic,Strong,A masterfully crafted EDP fragrance by Zimaya. Perfect for Men seeking a Spicy Gourmand scent with Strong longevity.
zimaya-hawwa-pink,Hawwa Pink,Zimaya,Parfum,TRUE,Title,Default Title,shopify,47,deny,manual,227,TRUE,TRUE,https://images.unsplash.com/photo-1601007746401-44755f190e29?q=80&w=800&auto=format&fit=crop,Zimaya,Parfum,Fruity Floral,Aromatic,Strong,A masterfully crafted EDP fragrance by Zimaya. Perfect for Women seeking a Fruity Floral scent with Strong longevity.
zimaya-hawwa-red,Hawwa Red,Zimaya,Parfum,TRUE,Title,Default Title,shopify,48,deny,manual,228,TRUE,TRUE,https://images.unsplash.com/photo-1615529183492-c4e047ceb4d5?q=80&w=800&auto=format&fit=crop,Zimaya,Parfum,Fruity Floral,Aromatic,Medium,A masterfully crafted EDP fragrance by Zimaya. Perfect for Women seeking a Fruity Floral scent with Medium longevity.
zimaya-itqan-noir,Itqan Noir,Zimaya,Parfum,TRUE,Title,Default Title,shopify,49,deny,manual,229,TRUE,TRUE,https://images.unsplash.com/photo-1592494911762-d2f1f5f3e911?q=80&w=800&auto=format&fit=crop,Zimaya,Parfum,Spicy Woody,Aromatic,Strong,A masterfully crafted EDP fragrance by Zimaya. Perfect for Unisex seeking a Spicy Woody scent with Strong longevity.
zimaya-stallion,Stallion,Zimaya,Parfum,TRUE,Title,Default Title,shopify,50,deny,manual,230,TRUE,TRUE,https://images.unsplash.com/photo-1595535373192-fc8938b27529?q=80&w=800&auto=format&fit=crop,Zimaya,Parfum,Fresh,Aromatic,Medium,A masterfully crafted EDP fragrance by Zimaya. Perfect for Unisex seeking a Fresh scent with Medium longevity.
montblanc-legend-edt,Legend EDT,Montblanc,Cologne,TRUE,Title,Default Title,shopify,51,deny,manual,231,TRUE,TRUE,https://images.unsplash.com/photo-1563170351-be82bc88ea6f?q=80&w=800&auto=format&fit=crop,Montblanc,Cologne,Aromatic Fougere,Aromatic,Medium,A masterfully crafted EDT fragrance by Montblanc. Perfect for Men seeking a Aromatic Fougere scent with Medium longevity.
montblanc-legend-edp,Legend EDP,Montblanc,Parfum,TRUE,Title,Default Title,shopify,52,deny,manual,232,TRUE,TRUE,https://images.unsplash.com/photo-1592945403244-b3fbafd7f539?q=80&w=800&auto=format&fit=crop,Montblanc,Parfum,Aromatic Fougere,Aromatic,Strong,A masterfully crafted EDP fragrance by Montblanc. Perfect for Men seeking a Aromatic Fougere scent with Strong longevity.
montblanc-legend-spirit,Legend Spirit,Montblanc,Parfum,TRUE,Title,Default Title,shopify,53,deny,manual,233,TRUE,TRUE,https://images.unsplash.com/photo-1588405748880-12d1d2a59f75?q=80&w=800&auto=format&fit=crop,Montblanc,Parfum,Woody Aromatic,Aromatic,Medium,A masterfully crafted EDP fragrance by Montblanc. Perfect for Men seeking a Woody Aromatic scent with Medium longevity.
montblanc-legend-blue,Legend Blue,Montblanc,Parfum,TRUE,Title,Default Title,shopify,54,deny,manual,234,TRUE,TRUE,https://images.unsplash.com/photo-1518331566-07612711ff60?q=80&w=800&auto=format&fit=crop,Montblanc,Parfum,Fresh Aquatic,Aromatic,Medium,A masterfully crafted EDP fragrance by Montblanc. Perfect for Men seeking a Fresh Aquatic scent with Medium longevity.
montblanc-legend-red,Legend Red,Montblanc,Parfum,TRUE,Title,Default Title,shopify,55,deny,manual,235,TRUE,TRUE,https://images.unsplash.com/photo-1592914610354-fd354d45fe82?q=80&w=800&auto=format&fit=crop,Montblanc,Parfum,Woody Fruity,Aromatic,Medium,A masterfully crafted EDP fragrance by Montblanc. Perfect for Men seeking a Woody Fruity scent with Medium longevity.
montblanc-legend-night,Legend Night,Montblanc,Parfum,TRUE,Title,Default Title,shopify,56,deny,manual,236,TRUE,TRUE,https://images.unsplash.com/photo-1582211594533-268f4f1edcb9?q=80&w=800&auto=format&fit=crop,Montblanc,Parfum,Woody Aromatic,Aromatic,Medium,A masterfully crafted EDP fragrance by Montblanc. Perfect for Men seeking a Woody Aromatic scent with Medium longevity.
montblanc-explorer,Explorer,Montblanc,Parfum,TRUE,Title,Default Title,shopify,57,deny,manual,237,TRUE,TRUE,https://images.unsplash.com/photo-1616949755610-8c9bbc08f138?q=80&w=800&auto=format&fit=crop,Montblanc,Parfum,Woody Aromatic,Aromatic,Medium,A masterfully crafted EDP fragrance by Montblanc. Perfect for Men seeking a Woody Aromatic scent with Medium longevity.
montblanc-signature,Signature,Montblanc,Parfum,TRUE,Title,Default Title,shopify,58,deny,manual,238,TRUE,TRUE,https://images.unsplash.com/photo-1582211594533-268f4f1edcb9?q=80&w=800&auto=format&fit=crop,Montblanc,Parfum,Floral Musk,Aromatic,Light,A masterfully crafted EDP fragrance by Montblanc. Perfect for Women seeking a Floral Musk scent with Light longevity.
montblanc-signature-absolue,Signature Absolue,Montblanc,Parfum,TRUE,Title,Default Title,shopify,59,deny,manual,239,TRUE,TRUE,https://images.unsplash.com/photo-1592494911762-d2f1f5f3e911?q=80&w=800&auto=format&fit=crop,Montblanc,Parfum,Tropical Floral,Aromatic,Strong,A masterfully crafted EDP fragrance by Montblanc. Perfect for Women seeking a Tropical Floral scent with Strong longevity.
mancera-instant-crush,Instant Crush,Mancera,Parfum,TRUE,Title,Default Title,shopify,60,deny,manual,240,TRUE,TRUE,https://images.unsplash.com/photo-1601244840899-72c676afba7b?q=80&w=800&auto=format&fit=crop,Mancera,Parfum,Amber Floral,Aromatic,Strong,A masterfully crafted EDP fragrance by Mancera. Perfect for Unisex seeking a Amber Floral scent with Strong longevity.
mancera-cedrat-boise,Cedrat Boise,Mancera,Parfum,TRUE,Title,Default Title,shopify,61,deny,manual,241,TRUE,TRUE,https://images.unsplash.com/photo-1616949755610-8c9bbc08f138?q=80&w=800&auto=format&fit=crop,Mancera,Parfum,Citrus Aromatic,Aromatic,Strong,A masterfully crafted EDP fragrance by Mancera. Perfect for Unisex seeking a Citrus Aromatic scent with Strong longevity.
mancera-red-tobacco,Red Tobacco,Mancera,Parfum,TRUE,Title,Default Title,shopify,62,deny,manual,242,TRUE,TRUE,https://images.unsplash.com/photo-1592945403244-b3fbafd7f539?q=80&w=800&auto=format&fit=crop,Mancera,Parfum,Tobacco Spicy,Aromatic,Strong,A masterfully crafted EDP fragrance by Mancera. Perfect for Unisex seeking a Tobacco Spicy scent with Strong longevity.
mancera-black-vanilla,Black Vanilla,Mancera,Parfum,TRUE,Title,Default Title,shopify,63,deny,manual,243,TRUE,TRUE,https://images.unsplash.com/photo-1615529182904-14819c35db37?q=80&w=800&auto=format&fit=crop,Mancera,Parfum,Spicy Amber,Aromatic,Strong,A masterfully crafted EDP fragrance by Mancera. Perfect for Unisex seeking a Spicy Amber scent with Strong longevity.
mancera-feminity,Feminity,Mancera,Parfum,TRUE,Title,Default Title,shopify,64,deny,manual,244,TRUE,TRUE,https://images.unsplash.com/photo-1595425970377-c9703c48657a?q=80&w=800&auto=format&fit=crop,Mancera,Parfum,Floral Powdery,Aromatic,Medium,A masterfully crafted EDP fragrance by Mancera. Perfect for Women seeking a Floral Powdery scent with Medium longevity.
mancera-pearl,Pearl,Mancera,Parfum,TRUE,Title,Default Title,shopify,65,deny,manual,245,TRUE,TRUE,https://images.unsplash.com/photo-1590156546946-ce55a12a6a5d?q=80&w=800&auto=format&fit=crop,Mancera,Parfum,Fig Floral Musk,Aromatic,Strong,A masterfully crafted EDP fragrance by Mancera. Perfect for Women seeking a Fig Floral Musk scent with Strong longevity.
mancera-velvet-vanilla,Velvet Vanilla,Mancera,Parfum,TRUE,Title,Default Title,shopify,66,deny,manual,246,TRUE,TRUE,https://images.unsplash.com/photo-1619994403073-2cec844b8e63?q=80&w=800&auto=format&fit=crop,Mancera,Parfum,Floriental,Aromatic,Strong,A masterfully crafted EDP fragrance by Mancera. Perfect for Women seeking a Floriental scent with Strong longevity.
mancera-roses-vanille,Roses Vanille,Mancera,Parfum,TRUE,Title,Default Title,shopify,67,deny,manual,247,TRUE,TRUE,https://images.unsplash.com/photo-1615529182904-14819c35db37?q=80&w=800&auto=format&fit=crop,Mancera,Parfum,Floriental,Aromatic,Strong,A masterfully crafted EDP fragrance by Mancera. Perfect for Women seeking a Floriental scent with Strong longevity.
mancera-hindu-kush,Hindu Kush,Mancera,Parfum,TRUE,Title,Default Title,shopify,68,deny,manual,248,TRUE,TRUE,https://images.unsplash.com/photo-1608528577891-eb055944f2e7?q=80&w=800&auto=format&fit=crop,Mancera,Parfum,Woody,Aromatic,Strong,A masterfully crafted EDP fragrance by Mancera. Perfect for Unisex seeking a Woody scent with Strong longevity.
mancera-holiday,Holiday,Mancera,Parfum,TRUE,Title,Default Title,shopify,69,deny,manual,249,TRUE,TRUE,https://images.unsplash.com/photo-1608528577891-eb055944f2e7?q=80&w=800&auto=format&fit=crop,Mancera,Parfum,Fresh Oriental,Aromatic,Medium,A masterfully crafted EDP fragrance by Mancera. Perfect for Unisex seeking a Fresh Oriental scent with Medium longevity.
mancera-aoud-lemon-mint,Aoud Lemon Mint,Mancera,Parfum,TRUE,Title,Default Title,shopify,20,deny,manual,250,TRUE,TRUE,https://images.unsplash.com/photo-1598516086708-41c305c08d17?q=80&w=800&auto=format&fit=crop,Mancera,Parfum,Fresh Woody,Aromatic,Strong,A masterfully crafted EDP fragrance by Mancera. Perfect for Unisex seeking a Fresh Woody scent with Strong longevity.
mancera-french-riviera,French Riviera,Mancera,Parfum,TRUE,Title,Default Title,shopify,21,deny,manual,251,TRUE,TRUE,https://images.unsplash.com/photo-1601007746401-44755f190e29?q=80&w=800&auto=format&fit=crop,Mancera,Parfum,Citrus Aromatic,Aromatic,Strong,A masterfully crafted EDP fragrance by Mancera. Perfect for Unisex seeking a Citrus Aromatic scent with Strong longevity.
mancera-wind-wood,Wind Wood,Mancera,Parfum,TRUE,Title,Default Title,shopify,22,deny,manual,252,TRUE,TRUE,https://images.unsplash.com/photo-1588405748880-12d1d2a59f75?q=80&w=800&auto=format&fit=crop,Mancera,Parfum,Woody Floral,Aromatic,Strong,A masterfully crafted EDP fragrance by Mancera. Perfect for Men seeking a Woody Floral scent with Strong longevity.
mancera-roses-greedy,Roses Greedy,Mancera,Parfum,TRUE,Title,Default Title,shopify,23,deny,manual,253,TRUE,TRUE,https://images.unsplash.com/photo-1599305090598-fe179d501227?q=80&w=800&auto=format&fit=crop,Mancera,Parfum,Floral Gourmand,Aromatic,Medium,A masterfully crafted EDP fragrance by Mancera. Perfect for Women seeking a Floral Gourmand scent with Medium longevity.